episode,step,h_norm,attn_out_norm,update_norm,ffn_norm,h_new_norm,ratio_update_h,cos_h_prev,l2_h_prev,cos_q_prev,V_pw_cos,K_pw_cos,z_pw_cos,attn_entropy,attn_jsd_prev,logits_max_diff,kl_pi_prev,action
0,0,0.0,1.3071446418762207,1.3071446418762207,13.478941917419434,11.133699417114258,1307144641.8762207,nan,nan,nan,0.4583843946456909,0.4839414656162262,0.058386240154504776,2.772120952606201,nan,nan,nan,0
0,1,11.133699417114258,1.2642704248428345,1.2642704248428345,13.416029930114746,11.13794231414795,0.1135534899477752,0.9850841760635376,1.9233684539794922,0.8477059602737427,0.42140787839889526,0.4799771010875702,0.05735478550195694,1.982468843460083,0.1921623945236206,0.08037018775939941,0.00015479326248168945,2
0,2,11.13794231414795,1.261476755142212,1.261476755142212,12.837491035461426,11.139413833618164,0.1132594082068304,0.9972109794616699,0.8319013118743896,0.9997385740280151,0.420132577419281,0.47568970918655396,0.05480954796075821,2.0230140686035156,0.003858117386698723,0.03376263380050659,1.910235732793808e-05,3
0,3,11.139413833618164,1.4272795915603638,1.4272795915603638,12.585973739624023,11.13991641998291,0.12812878782300996,0.9992931485176086,0.4188293218612671,0.9999489784240723,0.45390039682388306,0.4640858471393585,0.05750827491283417,1.5727181434631348,0.09705980122089386,0.030705392360687256,0.00015903450548648834,0
0,4,11.13991641998291,1.3955484628677368,1.3955484628677368,12.38575267791748,11.140127182006836,0.1252745900646423,0.9998005032539368,0.22252459824085236,0.999987006187439,0.4486284852027893,0.49911072850227356,0.05798438563942909,1.9534430503845215,0.16505664587020874,0.028434395790100098,0.00010626576840877533,1
0,5,11.140127182006836,1.4193155765533447,1.4193155765533447,12.323307991027832,11.140244483947754,0.12740568876500585,0.9999338984489441,0.12802207469940186,0.9999960064888,0.46774184703826904,0.4619726836681366,0.061545420438051224,1.756721019744873,0.1291102170944214,0.01727151870727539,4.712492227554321e-05,2
0,6,11.140244483947754,1.2807563543319702,1.2807563543319702,12.194477081298828,11.140416145324707,0.11496662897995127,0.9999474287033081,0.11414193361997604,0.999998927116394,0.43089956045150757,0.46854618191719055,0.054905254393815994,2.062270164489746,0.07581205666065216,0.01922619342803955,0.00010422104969620705,2
0,7,11.140416145324707,1.273790955543518,1.273790955543518,12.145576477050781,11.140481948852539,0.11433962061444979,0.9999887347221375,0.05275409668684006,0.9999992251396179,0.43226414918899536,0.4636850953102112,0.055171482264995575,2.072305917739868,0.005823004990816116,0.007387638092041016,1.5941564925014973e-05,3
0,8,11.140481948852539,1.418990135192871,1.418990135192871,12.195892333984375,11.140396118164062,0.12737241904862348,0.999962329864502,0.09663272649049759,0.9999998807907104,0.4772208034992218,0.44901901483535767,0.06419972330331802,1.8162524700164795,0.06453737616539001,0.0184633731842041,8.122134022414684e-05,0
0,9,11.140396118164062,1.380556583404541,1.380556583404541,12.19009780883789,11.140368461608887,0.12392347352475082,0.9999713897705078,0.0843823179602623,0.999999463558197,0.467710942029953,0.46722808480262756,0.06778214871883392,1.9235478639602661,0.0887279063463211,0.01956641674041748,7.143290713429451e-05,1
0,10,11.140368461608887,1.4060877561569214,1.4060877561569214,12.20556926727295,11.14034652709961,0.12621555211593558,0.9999731779098511,0.0817214697599411,0.9999995231628418,0.4811553955078125,0.4382581114768982,0.07611003518104553,1.4994826316833496,0.1514882743358612,0.011426091194152832,2.5235814973711967e-05,3
0,11,11.14034652709961,1.4777578115463257,1.4777578115463257,12.219675064086914,11.140263557434082,0.13264917818773275,0.9998525977134705,0.1912645399570465,0.9999996423721313,0.47316715121269226,0.422262042760849,0.08815488964319229,0.3469662368297577,0.11405950784683228,0.018535137176513672,3.1992094591259956e-05,2
0,12,11.140263557434082,1.4161722660064697,1.4161722660064697,12.215518951416016,11.14029598236084,0.1271219714601307,0.9999095797538757,0.14981190860271454,0.9999979138374329,0.48107191920280457,0.42162635922431946,0.08625534176826477,0.8207283616065979,0.019370704889297485,0.01495295763015747,1.3869954273104668e-05,0
0,13,11.14029598236084,1.4296984672546387,1.4296984672546387,12.204423904418945,11.140240669250488,0.12833577038871982,0.9999514222145081,0.10969121754169464,0.9999987483024597,0.4766656756401062,0.4561372697353363,0.08481769263744354,1.9384331703186035,0.27914175391197205,0.019228994846343994,7.692025974392891e-05,2
0,14,11.140240669250488,1.4763604402542114,1.4763604402542114,11.932662010192871,11.14057731628418,0.13252500408983897,0.9991758465766907,0.4522897005081177,0.9999992847442627,0.4478798806667328,0.4364721179008484,0.07613679766654968,1.3556644916534424,0.15555675327777863,0.1311987042427063,0.0027915146201848984,3
0,15,11.14057731628418,1.4758681058883667,1.4758681058883667,12.089573860168457,11.14034366607666,0.13247680654135316,0.9995448589324951,0.33614620566368103,0.9999865889549255,0.4722649157047272,0.48532694578170776,0.08069060742855072,1.8000309467315674,0.1350308060646057,0.10626596212387085,0.0017695482820272446,1
0,16,11.14034366607666,1.1492550373077393,1.1492550373077393,11.972935676574707,11.140419006347656,0.10316154256599133,0.9999052286148071,0.15344971418380737,0.9999920129776001,0.46420034766197205,0.45509371161460876,0.0822143703699112,0.1703973114490509,0.42234912514686584,0.016146183013916016,5.226908251643181e-05,0
0,17,11.140419006347656,1.2996790409088135,1.2996790409088135,12.030976295471191,11.140385627746582,0.11666338942622126,0.9999431371688843,0.11884748935699463,0.9999977350234985,0.4574943482875824,0.5193814635276794,0.08418728411197662,1.7223610877990723,0.2504523992538452,0.019908130168914795,9.730877354741096e-05,3
0,18,11.140385627746582,0.9307569265365601,0.9307569265365601,11.88280200958252,11.140678405761719,0.08354799893267506,0.9998720288276672,0.17833690345287323,0.999998927116394,0.45514002442359924,0.49445825815200806,0.08564246445894241,0.03304394334554672,0.29145973920822144,0.029690146446228027,0.00010381313040852547,0
0,19,11.140678405761719,0.9827013611793518,0.9827013611793518,11.730474472045898,11.140874862670898,0.08820839498168441,0.9998292326927185,0.20581355690956116,0.9999976754188538,0.4587220549583435,0.5232288837432861,0.08662901073694229,0.32736873626708984,0.014666805043816566,0.028286516666412354,0.00021197274327278137,2
0,20,11.140874862670898,0.9079090356826782,0.9079090356826782,11.76745319366455,11.140838623046875,0.0814935134694635,0.999889612197876,0.16560117900371552,0.9999974966049194,0.4698728322982788,0.5269594192504883,0.09438216686248779,0.18523846566677094,0.002848302014172077,0.027715861797332764,0.0001828279346227646,3
0,21,11.140838623046875,1.0514183044433594,1.0514183044433594,11.831839561462402,11.140727043151855,0.0943751489468941,0.9999528527259827,0.1082816943526268,0.9999984502792358,0.4820559322834015,0.5346113443374634,0.1044464111328125,0.9636735320091248,0.05516219884157181,0.013091802597045898,1.769943628460169e-05,0
0,22,11.140727043151855,1.0660151243209839,1.0660151243209839,11.884233474731445,11.140690803527832,0.09568631564097584,0.9999418258666992,0.12002341449260712,0.9999992847442627,0.5079969167709351,0.5443394184112549,0.12070908397436142,0.4608641266822815,0.022419681772589684,0.012552857398986816,5.715247243642807e-05,2
0,23,11.140690803527832,1.1378684043884277,1.1378684043884277,11.930173873901367,11.140663146972656,0.10213625209202541,0.9999681115150452,0.08895500004291534,0.9999989867210388,0.5127661824226379,0.5584757328033447,0.13371604681015015,1.264575481414795,0.05569902062416077,0.008665978908538818,1.5379860997200012e-05,0
0,24,11.140663146972656,1.197723150253296,1.197723150253296,11.952973365783691,11.140676498413086,0.10750914325766713,0.9999623894691467,0.09671901166439056,0.9999994039535522,0.5261144042015076,0.5509461760520935,0.139793261885643,0.9978793859481812,0.013364935293793678,0.009923577308654785,1.744914334267378e-05,0
0,25,11.140676498413086,1.095321536064148,1.095321536064148,11.973366737365723,11.14073657989502,0.09831732715873844,0.9999631643295288,0.09571036696434021,0.9999995827674866,0.5299832820892334,0.5146514177322388,0.14267593622207642,0.2712051570415497,0.03991809859871864,0.006678462028503418,7.563503459095955e-06,3
0,26,11.14073657989502,1.215487003326416,1.215487003326416,12.023789405822754,11.140649795532227,0.10910293000912778,0.9999476075172424,0.11414577066898346,0.999999463558197,0.520977258682251,0.5020634531974792,0.13496392965316772,0.48190176486968994,0.004481192212551832,0.011903345584869385,1.9797123968601227e-05,3
0,27,11.140649795532227,1.2566404342651367,1.2566404342651367,12.027960777282715,11.140475273132324,0.11279776829257226,0.9999585151672363,0.10152409225702286,0.9999992251396179,0.5180894136428833,0.5002882480621338,0.12876534461975098,0.6766172647476196,0.0067638130858540535,0.009818494319915771,1.439172774553299e-05,1
0,28,11.140475273132324,1.3592976331710815,1.3592976331710815,12.066442489624023,11.140421867370605,0.12201433061382247,0.9999678134918213,0.08947105705738068,0.999999463558197,0.5089119076728821,0.5047810673713684,0.12182777374982834,1.1507949829101562,0.020662829279899597,0.00878596305847168,5.968788173049688e-06,0
0,29,11.140421867370605,1.376909852027893,1.376909852027893,12.126744270324707,11.14040756225586,0.1235958447911879,0.9999682307243347,0.0886850506067276,0.9999995231628418,0.5073816180229187,0.5135972499847412,0.11438517272472382,1.7770607471466064,0.0848943367600441,0.00995546579360962,2.3267697542905807e-05,3
0,30,11.14040756225586,1.3500654697418213,1.3500654697418213,12.151762962341309,11.140366554260254,0.1211863625452893,0.9999699592590332,0.08621972799301147,0.9999995827674866,0.5068429112434387,0.4854995608329773,0.11145399510860443,1.7146894931793213,0.0944843739271164,0.015701472759246826,4.9190130084753036e-05,0
0,31,11.140366554260254,1.3000925779342651,1.3000925779342651,12.185293197631836,11.140351295471191,0.11670105930554762,0.9999681711196899,0.08877710998058319,0.9999995827674866,0.5050131678581238,0.44870108366012573,0.10699852555990219,1.1772332191467285,0.09976036846637726,0.009701907634735107,1.8434366211295128e-05,1
0,32,11.140351295471191,1.3616749048233032,1.3616749048233032,12.209203720092773,11.140328407287598,0.12222908135552739,0.9999847412109375,0.061452314257621765,0.9999995231628418,0.496701180934906,0.4896278977394104,0.10278903692960739,1.882636308670044,0.11040088534355164,0.002961874008178711,2.140033757314086e-06,1
0,33,11.140328407287598,1.3633983135223389,1.3633983135223389,12.212939262390137,11.14029598236084,0.12238403246985549,0.9999645352363586,0.0936739519238472,0.9999997615814209,0.4949778914451599,0.4814063310623169,0.09781400114297867,1.2914917469024658,0.11854581534862518,0.012451171875,3.802136052399874e-05,1
0,34,11.14029598236084,1.331030011177063,1.331030011177063,12.180696487426758,11.14039421081543,0.119478873208088,0.9999824166297913,0.06598404794931412,0.9999996423721313,0.4814338684082031,0.47534415125846863,0.09422123432159424,1.8415720462799072,0.03469809144735336,0.005665481090545654,5.432288162410259e-06,0
0,35,11.14039421081543,1.4002435207366943,1.4002435207366943,12.164880752563477,11.14035415649414,0.1256906617700562,0.9999838471412659,0.06315881013870239,0.9999998211860657,0.4897962808609009,0.47728949785232544,0.08981916308403015,1.9987752437591553,0.052031904458999634,0.004775345325469971,4.105502739548683e-06,1
0,36,11.14035415649414,1.392029047012329,1.392029047012329,12.147699356079102,11.140341758728027,0.12495375169027835,0.9999879002571106,0.05466148629784584,0.9999997615814209,0.49012327194213867,0.46356400847435,0.08677907288074493,1.9118136167526245,0.011126543395221233,0.004944145679473877,4.310975782573223e-06,2
0,37,11.140341758728027,1.4238964319229126,1.4238964319229126,12.149085998535156,11.140331268310547,0.12781443000232418,0.9999845027923584,0.0619194470345974,0.9999998211860657,0.48681867122650146,0.48046886920928955,0.07954145967960358,2.0522375106811523,0.06813588738441467,0.003491699695587158,4.107947461307049e-06,2
0,38,11.140331268310547,1.4427005052566528,1.4427005052566528,12.147808074951172,11.14033031463623,0.12950247802419623,0.9999901056289673,0.049324631690979004,0.9999997019767761,0.4873809814453125,0.5182976126670837,0.07689864188432693,1.9870147705078125,0.03718528896570206,0.004738032817840576,5.7423603720963e-06,0
0,39,11.14033031463623,1.4534229040145874,1.4534229040145874,12.150117874145508,11.140313148498535,0.1304649739249717,0.9999945759773254,0.03687555342912674,0.9999997615814209,0.4813292622566223,0.5082526803016663,0.07462354004383087,2.020386219024658,0.026774343103170395,0.005185604095458984,6.585440132766962e-06,1
0,40,11.140313148498535,1.4249780178070068,1.4249780178070068,12.150104522705078,11.140321731567383,0.12791184581728404,0.9999961853027344,0.03121960535645485,1.0,0.48069483041763306,0.5062317848205566,0.07223132997751236,2.0411462783813477,0.004246063530445099,0.004398643970489502,5.079782567918301e-06,3
0,41,11.140321731567383,1.382845401763916,1.382845401763916,12.16555118560791,11.140350341796875,0.12412975451556885,0.9999865293502808,0.057875003665685654,0.9999998807907104,0.47498321533203125,0.500957727432251,0.06715117394924164,1.9748722314834595,0.009140582755208015,0.00906527042388916,2.8571579605340958e-05,2
0,42,11.140350341796875,1.4251935482025146,1.4251935482025146,12.163163185119629,11.14031982421875,0.12793076559319758,0.9999889731407166,0.05216602981090546,0.9999998211860657,0.45586222410202026,0.5197209119796753,0.0610102154314518,1.9120886325836182,0.05200314521789551,0.011616170406341553,3.208965063095093e-05,3
0,43,11.14031982421875,1.4742826223373413,1.4742826223373413,12.184021949768066,11.140257835388184,0.13233754915476406,0.9999460577964783,0.11571478098630905,0.9999998211860657,0.4590686857700348,0.4865516722202301,0.05767278000712395,1.8468925952911377,0.08440632373094559,0.025248467922210693,0.00014946889132261276,2
0,44,11.140257835388184,1.4013112783432007,1.4013112783432007,12.184220314025879,11.14027214050293,0.1257880471932876,0.9999842643737793,0.06233232840895653,0.9999991655349731,0.45102474093437195,0.49759361147880554,0.05942414700984955,2.0154385566711426,0.10222501307725906,0.012587130069732666,3.6354525946080685e-05,1
0,45,11.14027214050293,1.3804404735565186,1.3804404735565186,12.18001651763916,11.140286445617676,0.12391443010962193,0.999996542930603,0.028830252587795258,0.9999997615814209,0.44803351163864136,0.4954999089241028,0.05754830688238144,2.0252809524536133,0.003941986244171858,0.005329787731170654,4.627683665603399e-06,3
0,46,11.140286445617676,1.4464067220687866,1.4464067220687866,12.184904098510742,11.140259742736816,0.12983568502744997,0.9999704360961914,0.0853017047047615,0.9999999403953552,0.44886094331741333,0.47957661747932434,0.05581611394882202,1.9059629440307617,0.08520543575286865,0.017926037311553955,7.783668115735054e-05,0
0,47,11.140259742736816,1.265450119972229,1.265450119972229,12.124832153320312,11.14041805267334,0.1135925148241963,0.9999412298202515,0.12070825695991516,0.9999995231628418,0.4264875054359436,0.49634674191474915,0.05566844716668129,2.0136144161224365,0.027731886133551598,0.036100029945373535,0.0002102963626384735,3
0,48,11.14041805267334,1.4184008836746216,1.4184008836746216,12.199352264404297,11.14037036895752,0.12732025647226508,0.9999381303787231,0.12376968562602997,0.999998927116394,0.46671774983406067,0.466921329498291,0.0638812705874443,1.751488447189331,0.06618472188711166,0.021399617195129395,0.00013498147018253803,1
0,49,11.14037036895752,1.3760908842086792,1.3760908842086792,12.165444374084473,11.14037799835205,0.12352290261759488,0.9999793171882629,0.07180506736040115,0.9999992847442627,0.4411434829235077,0.481378436088562,0.06108517944812775,1.913004755973816,0.18687374889850616,0.01667964458465576,4.854542203247547e-05,0
0,50,11.14037799835205,1.4194482564926147,1.4194482564926147,12.206009864807129,11.140355110168457,0.12741473015570817,0.9999876618385315,0.05530860647559166,0.9999997615814209,0.4723103940486908,0.4540989100933075,0.06266767531633377,1.862784504890442,0.15260855853557587,0.008192837238311768,1.5267462003976107e-05,1
0,51,11.140355110168457,1.4058175086975098,1.4058175086975098,12.179875373840332,11.140347480773926,0.12619144495801013,0.9999752044677734,0.07829077541828156,0.9999997615814209,0.4501877725124359,0.48515185713768005,0.06347394734621048,1.8208950757980347,0.16644248366355896,0.016952157020568848,6.480072624981403e-05,3
0,52,11.140347480773926,1.7506194114685059,1.7506194114685059,12.090221405029297,11.1401948928833,0.15714226279653618,0.9997314214706421,0.2582194209098816,0.9999996423721313,0.46753188967704773,0.45536643266677856,0.06662274152040482,1.5991262197494507,0.2105335295200348,0.07420074939727783,0.0010280264541506767,1
0,53,11.1401948928833,1.8932723999023438,1.8932723999023438,12.012929916381836,11.140074729919434,0.1699496658816826,0.9998815059661865,0.1714884638786316,0.9999961256980896,0.4657133221626282,0.45222124457359314,0.07191229611635208,1.3419005870819092,0.010012570768594742,0.04467552900314331,0.0003743697889149189,3
0,54,11.140074729919434,1.7118533849716187,1.7118533849716187,12.295458793640137,11.139951705932617,0.15366623891435952,0.9995973706245422,0.3161318600177765,0.9999982714653015,0.4710474908351898,0.4458445608615875,0.07748733460903168,0.7029035687446594,0.03644970804452896,0.08408844470977783,0.0013560825027525425,2
0,55,11.139951705932617,2.1774322986602783,2.1774322986602783,12.02127456665039,11.139925003051758,0.19546155639980733,0.999534010887146,0.34009161591529846,0.9999948740005493,0.4635683000087738,0.43704670667648315,0.08102910965681076,0.6755044460296631,0.0019131446024402976,0.08900678157806396,0.001980224624276161,1
0,56,11.139925003051758,2.209228515625,2.209228515625,11.894540786743164,11.139878273010254,0.19831628265179405,0.9999060034751892,0.15277257561683655,0.999993622303009,0.46602311730384827,0.42575982213020325,0.07971372455358505,0.4289899468421936,0.005429020617157221,0.03230661153793335,0.00027044699527323246,1
0,57,11.139878273010254,2.1412339210510254,2.1412339210510254,11.828948974609375,11.139876365661621,0.19221340382496066,0.9999774098396301,0.07488150149583817,0.9999985694885254,0.46499010920524597,0.4337589144706726,0.07795076072216034,0.2994877099990845,0.0029111814219504595,0.009215891361236572,2.5964458473026752e-05,0
0,58,11.139876365661621,1.3407635688781738,1.3407635688781738,11.96695613861084,11.140172958374023,0.1203571318808387,0.9991494417190552,0.45945703983306885,0.9999995827674866,0.47203972935676575,0.47085875272750854,0.08482547849416733,1.2001445293426514,0.0697164386510849,0.1394239068031311,0.003791186958551407,1
0,59,11.140172958374023,1.683098554611206,1.683098554611206,11.830824851989746,11.140213012695312,0.15108370048653758,0.9998266696929932,0.20740297436714172,0.9999859929084778,0.4577295184135437,0.4658512771129608,0.08011976629495621,0.13553372025489807,0.09609735757112503,0.06118643283843994,0.0007687490433454514,1
0,60,11.140213012695312,1.370417833328247,1.370417833328247,11.787345886230469,11.140397071838379,0.12301540659649218,0.9999580383300781,0.1018514484167099,0.9999966621398926,0.45405229926109314,0.4772510528564453,0.08117544651031494,0.09829826653003693,0.0004255281528457999,0.01217031478881836,3.121176268905401e-05,0
0,61,11.140397071838379,1.120714783668518,1.120714783668518,11.787744522094727,11.140567779541016,0.10059917760934697,0.9996803998947144,0.2815968692302704,0.9999994039535522,0.45669713616371155,0.535156786441803,0.08754083514213562,1.1190261840820312,0.09308603405952454,0.0742831826210022,0.0011107809841632843,0
0,62,11.140567779541016,0.9240265488624573,0.9240265488624573,11.841392517089844,11.140840530395508,0.0829425005213268,0.9998130202293396,0.21547943353652954,0.9999940991401672,0.4655076861381531,0.5045732259750366,0.08549384027719498,0.05423062667250633,0.10278622061014175,0.043575167655944824,0.00042612047400325537,2
0,63,11.140840530395508,1.0332072973251343,1.0332072973251343,11.838385581970215,11.140800476074219,0.09274051580814205,0.9999341368675232,0.12784051895141602,0.9999976754188538,0.47743815183639526,0.5377265810966492,0.09158334881067276,0.686506450176239,0.04053633660078049,0.00918436050415039,1.027737744152546e-05,2
0,64,11.140800476074219,1.019359827041626,1.019359827041626,11.838946342468262,11.140748977661133,0.09149789812956301,0.9999188780784607,0.1419520527124405,0.9999988079071045,0.4812353551387787,0.5257002711296082,0.09934970736503601,0.9393515586853027,0.02510104887187481,0.030444324016571045,0.00021114572882652283,1
0,65,11.140748977661133,1.049580693244934,1.049580693244934,11.873334884643555,11.140782356262207,0.09421096331579684,0.9999318718910217,0.13002194464206696,0.9999988079071045,0.506551206111908,0.5421608090400696,0.11541528254747391,0.7667089104652405,0.005750725977122784,0.018973469734191895,8.986471220850945e-05,1
0,66,11.140782356262207,1.1078486442565918,1.1078486442565918,11.885163307189941,11.140724182128906,0.09944082999107084,0.9999364614486694,0.12562638521194458,0.9999988079071045,0.5063127279281616,0.5452060699462891,0.1265076845884323,1.0155423879623413,0.008554667234420776,0.022575795650482178,0.00015116645954549313,2
0,67,11.140724182128906,1.1965911388397217,1.1965911388397217,11.92651081085205,11.14070987701416,0.10740694404401477,0.999940812587738,0.1212325170636177,0.999998927116394,0.5186932682991028,0.5467562079429626,0.13429197669029236,1.0489263534545898,0.005392012186348438,0.016357719898223877,6.903812754899263e-05,0
0,68,11.14070987701416,1.0936970710754395,1.0936970710754395,11.95737361907959,11.140761375427246,0.09817121917266577,0.999959409236908,0.10039318352937698,0.9999991655349731,0.5238074064254761,0.5119895339012146,0.13827826082706451,0.2738991379737854,0.04585924744606018,0.007306098937988281,1.1017429642379284e-05,0
0,69,11.140761375427246,1.2282617092132568,1.2282617092132568,12.016417503356934,11.140654563903809,0.11024935081388486,0.9999482035636902,0.11333341151475906,0.9999994039535522,0.5176801681518555,0.506977379322052,0.13138334453105927,0.5808289051055908,0.008817033842206001,0.009774208068847656,1.696663093753159e-05,1
0,70,11.140654563903809,1.2573689222335815,1.2573689222335815,12.025673866271973,11.140480041503906,0.11286311006424254,0.9999567270278931,0.10358539968729019,0.9999991655349731,0.5141992568969727,0.5038545727729797,0.12636059522628784,0.6731534004211426,0.005063273012638092,0.007948160171508789,1.546344719827175e-05,1
0,71,11.140480041503906,1.3528021574020386,1.3528021574020386,12.055288314819336,11.140429496765137,0.12143122669419705,0.9999666810035706,0.09091606736183167,0.9999994039535522,0.5053001046180725,0.511515736579895,0.11892802268266678,1.1525156497955322,0.01837722770869732,0.008132100105285645,6.621063221246004e-06,2
0,72,11.140429496765137,1.3618056774139404,1.3618056774139404,12.122421264648438,11.140410423278809,0.12223996191613348,0.9999634027481079,0.09545903652906418,0.999999463558197,0.5026750564575195,0.5221084952354431,0.11207903176546097,1.8756647109985352,0.0932629257440567,0.013062000274658203,4.310114309191704e-05,1
0,73,11.140410423278809,1.3365004062652588,1.3365004062652588,12.149645805358887,11.140361785888672,0.1199686865640543,0.9999656677246094,0.0922606885433197,0.9999995231628418,0.5029509663581848,0.4951457977294922,0.10928238928318024,1.7623487710952759,0.10225223749876022,0.016940414905548096,5.9398356825113297e-05,2
0,74,11.140361785888672,1.2913532257080078,1.2913532257080078,12.180474281311035,11.140350341796875,0.11591663273842197,0.9999672770500183,0.09012525528669357,0.9999995231628418,0.5020262598991394,0.45320937037467957,0.10464762151241302,1.1472620964050293,0.10519498586654663,0.0132102370262146,2.9595335945487022e-05,0
0,75,11.140350341796875,1.346709966659546,1.346709966659546,12.187450408935547,11.140281677246094,0.12088578234446523,0.9999770522117615,0.07550817728042603,0.9999995231628418,0.49329954385757446,0.4861343204975128,0.1007230281829834,1.74457585811615,0.053435638546943665,0.012519419193267822,2.9599061235785484e-05,0
0,76,11.140281677246094,1.4425415992736816,1.4425415992736816,12.155476570129395,11.140181541442871,0.12948879041542166,0.9998847246170044,0.16914252936840057,0.9999997019767761,0.49030953645706177,0.48143577575683594,0.09885678440332413,0.6312237977981567,0.1375548392534256,0.03513103723526001,0.0003085918724536896,3
0,77,11.140181541442871,1.325280785560608,1.325280785560608,12.133668899536133,11.140313148498535,0.11896402052609263,0.9999662041664124,0.0916525349020958,0.9999983310699463,0.479809433221817,0.480072945356369,0.09364297986030579,1.3567252159118652,0.03664302080869675,0.012424707412719727,3.0453898943960667e-05,0
0,78,11.140313148498535,1.408931016921997,1.408931016921997,12.144679069519043,11.140278816223145,0.1264714014894536,0.9999736547470093,0.08101688325405121,0.9999995231628418,0.4850758910179138,0.4832316040992737,0.08991004526615143,1.8954954147338867,0.05931045487523079,0.006719052791595459,1.542817335575819e-05,3
0,79,11.140278816223145,1.3810137510299683,1.3810137510299683,12.12434196472168,11.140295028686523,0.12396581574052284,0.999976396560669,0.07668863981962204,0.9999996423721313,0.487251341342926,0.47217682003974915,0.08788145333528519,1.8787736892700195,0.010035142302513123,0.014944076538085938,2.9058894142508507e-05,1
0,80,11.140295028686523,1.420054316520691,1.420054316520691,12.137001037597656,11.140303611755371,0.12747008161489595,0.9999810457229614,0.06862574815750122,0.9999996423721313,0.48293372988700867,0.4857238233089447,0.08037955313920975,2.05788516998291,0.06281536817550659,0.005069911479949951,5.301786586642265e-06,3
0,81,11.140303611755371,1.4433794021606445,1.4433794021606445,12.145662307739258,11.140315055847168,0.12956374013339947,0.9999904036521912,0.048802755773067474,0.9999997615814209,0.4844278395175934,0.523201584815979,0.07780696451663971,2.004348039627075,0.04116074740886688,0.004519164562225342,3.92331276088953e-06,0
0,82,11.140315055847168,1.4569398164749146,1.4569398164749146,12.149452209472656,11.140304565429688,0.13078084499147238,0.9999952912330627,0.033862531185150146,0.9999998211860657,0.47874608635902405,0.5122579336166382,0.0758376270532608,2.0311546325683594,0.02111438475549221,0.004468560218811035,5.052716005593538e-06,3
0,83,11.140304565429688,1.431458830833435,1.431458830833435,12.150617599487305,11.140314102172852,0.1284936890572545,0.9999964237213135,0.029495878145098686,0.9999999403953552,0.4780115783214569,0.507476270198822,0.07351016998291016,2.0495588779449463,0.004769515711814165,0.0038449764251708984,4.134373739361763e-06,2
0,84,11.140314102172852,1.4274752140045166,1.4274752140045166,12.152244567871094,11.140320777893066,0.12813599337617385,0.9999991059303284,0.014690879732370377,0.9999998807907104,0.47794926166534424,0.5060824155807495,0.07312434166669846,2.0454001426696777,4.644098225980997e-05,0.0022611021995544434,1.0866206139326096e-06,0
0,85,11.140320777893066,1.383365511894226,1.383365511894226,12.168442726135254,11.14035415649414,0.12417645231898408,0.99998539686203,0.060123249888420105,1.0,0.47374534606933594,0.500240683555603,0.06825651973485947,1.9830448627471924,0.008252226747572422,0.009807407855987549,3.2654497772455215e-05,3
0,86,11.14035415649414,1.4248379468917847,1.4248379468917847,12.168207168579102,11.140326499938965,0.12789880167868736,0.9999880194664001,0.054531294852495193,0.9999997615814209,0.4575708508491516,0.5187814831733704,0.06263159215450287,1.9163897037506104,0.05363336205482483,0.012499511241912842,3.2630981877446175e-05,0
0,87,11.140326499938965,1.466457486152649,1.466457486152649,12.186588287353516,11.140273094177246,0.13163505451664126,0.9999480843544006,0.1133660227060318,0.9999998211860657,0.4636383056640625,0.48253777623176575,0.05990196764469147,1.8698666095733643,0.08126846700906754,0.025546371936798096,0.00014199595898389816,1
0,88,11.140273094177246,1.4448391199111938,1.4448391199111938,12.18803882598877,11.140259742736816,0.129695125756511,0.9999897480010986,0.050217658281326294,0.9999991655349731,0.460124135017395,0.4666025936603546,0.06316830217838287,1.936128854751587,0.009600725024938583,0.010731995105743408,2.104160375893116e-05,2
0,89,11.140259742736816,1.3675874471664429,1.3675874471664429,12.16971206665039,11.140301704406738,0.12276082234600295,0.9999781847000122,0.07346239686012268,0.9999997615814209,0.4520372152328491,0.48503991961479187,0.06101125106215477,1.9698545932769775,0.08082479238510132,0.013683676719665527,3.520539030432701e-05,1
0,90,11.140301704406738,1.3583076000213623,1.3583076000213623,12.154948234558105,11.140324592590332,0.121927362118394,0.9999940991401672,0.037803493440151215,0.9999996423721313,0.44865715503692627,0.4899541735649109,0.059694718569517136,1.9010518789291382,0.003544723615050316,0.002890646457672119,2.054672222584486e-06,3
0,91,11.140324592590332,1.4035123586654663,1.4035123586654663,12.160839080810547,11.140311241149902,0.12598487117682122,0.9999837279319763,0.06352563202381134,0.9999999403953552,0.4576406478881836,0.4688224792480469,0.06259535998106003,1.9730201959609985,0.06797197461128235,0.011841773986816406,3.5645440220832825e-05,3
0,92,11.140311241149902,1.344538927078247,1.344538927078247,12.147645950317383,11.140359878540039,0.12069132522184935,0.9999876022338867,0.055508047342300415,0.9999997615814209,0.43783801794052124,0.4820314943790436,0.06678012758493423,1.993110179901123,0.11318489909172058,0.011286437511444092,3.134598955512047e-05,3
0,93,11.140359878540039,1.5291028022766113,1.5291028022766113,12.107454299926758,11.14028549194336,0.13725793591481378,0.9999299049377441,0.13185401260852814,0.9999997615814209,0.44811195135116577,0.4529781937599182,0.06523635983467102,1.961397647857666,0.1375998854637146,0.03683513402938843,0.00025913259014487267,3
0,94,11.14028549194336,1.6816569566726685,1.6816569566726685,12.332097053527832,11.140103340148926,0.15095277027584622,0.9997827410697937,0.23219580948352814,0.9999989867210388,0.45910146832466125,0.43497493863105774,0.06227298825979233,1.3476566076278687,0.0514092892408371,0.06125366687774658,0.0006615268066525459,1
0,95,11.140103340148926,1.6884407997131348,1.6884407997131348,12.409165382385254,11.140036582946777,0.15156419542608687,0.9999582171440125,0.10171326249837875,0.9999969601631165,0.467706561088562,0.4350062608718872,0.06368637830018997,1.1889677047729492,0.008981160819530487,0.02113807201385498,9.487569332122803e-05,3
0,96,11.140036582946777,1.683396339416504,1.683396339416504,12.432997703552246,11.140005111694336,0.15111228108473676,0.9999889135360718,0.05230545625090599,0.9999993443489075,0.469903826713562,0.4333428144454956,0.06600484251976013,1.035940170288086,0.003352492582052946,0.00923079252243042,1.72473955899477e-05,1
0,97,11.140005111694336,1.6842063665390015,1.6842063665390015,12.436884880065918,11.139982223510742,0.1511854213397971,0.9999949336051941,0.03533772751688957,0.9999998807907104,0.4682579040527344,0.435573011636734,0.06958067417144775,0.8835201859474182,0.0026312079280614853,0.0053768157958984375,6.149522960186005e-06,0
0,98,11.139982223510742,1.5901620388031006,1.5901620388031006,12.455280303955078,11.140124320983887,0.14274367830202556,0.9998199343681335,0.21138525009155273,1.0,0.45919206738471985,0.43912792205810547,0.07817446440458298,1.225759506225586,0.012123828753829002,0.0511055588722229,0.000547132920473814,0
0,99,11.140124320983887,1.4563230276107788,1.4563230276107788,12.29617977142334,11.140190124511719,0.13072771772103145,0.999781608581543,0.23277980089187622,0.9999973773956299,0.4571734368801117,0.4878474473953247,0.07520904392004013,1.755379557609558,0.32056301832199097,0.06268775463104248,0.0007264008745551109,3
0,100,11.140190124511719,1.4542750120162964,1.4542750120162964,12.231366157531738,11.140183448791504,0.13054310525782326,0.9999646544456482,0.09367640316486359,0.9999970197677612,0.4598778486251831,0.48643195629119873,0.07465097308158875,1.736689805984497,0.002619481412693858,0.02166503667831421,9.446265175938606e-05,1
0,101,11.140183448791504,1.685146689414978,1.685146689414978,12.400495529174805,11.140230178833008,0.15126740929906177,0.9994467496871948,0.3705688416957855,0.9999995231628418,0.4642801880836487,0.4335787892341614,0.0786178782582283,0.28276509046554565,0.5932294130325317,0.10304045677185059,0.0020712483674287796,2
0,102,11.140230178833008,1.3279602527618408,1.3279602527618408,12.165022850036621,11.140368461608887,0.11920402284730448,0.9995675086975098,0.32769617438316345,0.9999929070472717,0.4707205593585968,0.4742410480976105,0.08243700861930847,1.1419286727905273,0.06478536128997803,0.09897631406784058,0.0016305968165397644,2
0,103,11.140368461608887,1.1437554359436035,1.1437554359436035,12.00382137298584,11.140457153320312,0.10266764873039243,0.9998438358306885,0.19691778719425201,0.9999947547912598,0.4631318151950836,0.4640643894672394,0.08133003860712051,0.14981450140476227,0.08514868468046188,0.03640103340148926,0.0002777194604277611,3
0,104,11.140457153320312,1.2022600173950195,1.2022600173950195,11.927593231201172,11.140517234802246,0.10791837362227966,0.9999529719352722,0.1081508919596672,0.9999970197677612,0.4533027112483978,0.5101020336151123,0.08667095005512238,1.3260643482208252,0.12212590873241425,0.010611236095428467,3.280839882791042e-05,2
0,105,11.140517234802246,0.9353793263435364,0.9353793263435364,11.784427642822266,11.140678405761719,0.08396192983046358,0.9999269247055054,0.13461478054523468,0.9999992847442627,0.4515981674194336,0.5006818771362305,0.08539630472660065,0.10324590653181076,0.13339129090309143,0.003142237663269043,2.949091140180826e-06,0
0,106,11.140678405761719,1.0966789722442627,1.0966789722442627,11.841270446777344,11.140721321105957,0.09843915534596924,0.9999241232872009,0.13718165457248688,0.9999985098838806,0.461134135723114,0.5351725220680237,0.08674513548612595,1.1363812685012817,0.08738261461257935,0.021261751651763916,8.304265793412924e-05,0
0,107,11.140721321105957,0.9089878797531128,0.9089878797531128,11.808119773864746,11.140774726867676,0.0815914745153033,0.9999086856842041,0.15053221583366394,0.9999984502792358,0.46601343154907227,0.5101497769355774,0.08938553184270859,0.21403540670871735,0.06885217130184174,0.020052671432495117,7.649185135960579e-05,1
0,108,11.140774726867676,1.1724389791488647,1.1724389791488647,11.95211410522461,11.140570640563965,0.10523855009125618,0.9999410510063171,0.12090031057596207,0.9999986886978149,0.4807817041873932,0.5296326279640198,0.09858093410730362,1.4628870487213135,0.22147151827812195,0.01072913408279419,3.465823829174042e-05,1
0,109,11.140570640563965,1.0483330488204956,1.0483330488204956,11.93768310546875,11.140568733215332,0.0941004803652882,0.9999588131904602,0.10106287896633148,0.9999989867210388,0.5028815865516663,0.5209928154945374,0.11328872293233871,0.3846907317638397,0.1736736297607422,0.010386109352111816,2.716202288866043e-05,1
0,110,11.140568733215332,1.2414677143096924,1.2414677143096924,12.003691673278809,11.140506744384766,0.1114366549894609,0.9999616742134094,0.09755881875753403,0.9999993443489075,0.4991525709629059,0.565755307674408,0.127706378698349,1.6997407674789429,0.2581730782985687,0.011483073234558105,1.9933795556426048e-05,2
0,111,11.140506744384766,1.1824748516082764,1.1824748516082764,11.9593505859375,11.140607833862305,0.10614192682072457,0.9999445676803589,0.11747287213802338,0.9999992847442627,0.5176165103912354,0.5419143438339233,0.1343662291765213,0.796660304069519,0.17642462253570557,0.01751309633255005,6.068497896194458e-05,1
0,112,11.140607833862305,1.0942238569259644,1.0942238569259644,11.969854354858398,11.140707015991211,0.09821940357688824,0.9999591112136841,0.1007811576128006,0.9999993443489075,0.5231223702430725,0.5117871761322021,0.13835172355175018,0.21517495810985565,0.029088668525218964,0.004775047302246094,5.787456757389009e-06,0
0,113,11.140707015991211,1.1770374774932861,1.1770374774932861,12.010770797729492,11.140684127807617,0.10565195510516374,0.9999381899833679,0.12390480190515518,0.9999994039535522,0.5182637572288513,0.5143089294433594,0.13357630372047424,0.5504736304283142,0.011110175400972366,0.02148270606994629,8.362531661987305e-05,0
0,114,11.140684127807617,1.2243303060531616,1.2243303060531616,12.00518798828125,11.140519142150879,0.10989722821394618,0.9999551773071289,0.10553551465272903,0.999998927116394,0.5132500529289246,0.510973334312439,0.1285039782524109,0.56328284740448,0.0027994588017463684,0.011753678321838379,3.0159950256347656e-05,0
0,115,11.140519142150879,1.3232420682907104,1.3232420682907104,12.031352043151855,11.140461921691895,0.11877741525384916,0.9999600052833557,0.09962283074855804,0.999999463558197,0.5084360241889954,0.5187476873397827,0.12239561229944229,0.940785825252533,0.010782578960061073,0.01287853717803955,1.976723433472216e-05,2
0,116,11.140461921691895,1.3302606344223022,1.3302606344223022,12.09498119354248,11.140438079833984,0.1194080320702067,0.9999701976776123,0.0861564353108406,0.9999994039535522,0.5057736039161682,0.5325111150741577,0.11671613156795502,1.8203705549240112,0.07952837646007538,0.011188805103302002,2.7652829885482788e-05,3
0,117,11.140438079833984,1.3806190490722656,1.3806190490722656,12.121733665466309,11.140351295471191,0.12392861386406447,0.9999842643737793,0.06278297305107117,0.9999995827674866,0.5040452480316162,0.5211321115493774,0.11445758491754532,1.916507363319397,0.01905268058180809,0.00754547119140625,1.2784730643033981e-05,0
0,118,11.140351295471191,1.3333793878555298,1.3333793878555298,12.117170333862305,11.140313148498535,0.11968916890417801,0.9999664425849915,0.09139429777860641,0.9999997615814209,0.5052473545074463,0.4878278076648712,0.1116635650396347,1.1150121688842773,0.07033360004425049,0.01885664463043213,5.159690044820309e-05,0
0,119,11.140313148498535,1.3690773248672485,1.3690773248672485,12.159150123596191,11.14023494720459,0.12289397134691582,0.9999859929084778,0.05882599577307701,0.9999994039535522,0.5003611445426941,0.5026673674583435,0.10820989310741425,1.8083364963531494,0.045489273965358734,0.006224513053894043,8.056173101067543e-06,2
0,120,11.14023494720459,1.348989486694336,1.348989486694336,12.165609359741211,11.140230178833008,0.12109165498640015,0.999989926815033,0.049761682748794556,0.9999997019767761,0.5023044347763062,0.49844709038734436,0.10686742514371872,1.7246177196502686,0.014367988333106041,0.00480884313583374,4.240195266902447e-06,2
0,121,11.140230178833008,1.3603421449661255,1.3603421449661255,12.16437816619873,11.140267372131348,0.12211077537256307,0.9999896287918091,0.05081760510802269,0.9999998807907104,0.49937108159065247,0.5010407567024231,0.1037023738026619,2.069096565246582,0.026663299649953842,0.009858310222625732,1.61296920850873e-05,2
0,122,11.140267372131348,1.3644580841064453,1.3644580841064453,12.151754379272461,11.140317916870117,0.12247983271207594,0.999985933303833,0.05939723551273346,0.9999998807907104,0.5022440552711487,0.49850451946258545,0.10124484449625015,2.0214858055114746,0.03454811871051788,0.006014347076416016,1.1192983947694302e-05,1
0,123,11.140317916870117,1.3941072225570679,1.3941072225570679,12.154046058654785,11.140336990356445,0.12514070361007648,0.9999944567680359,0.03727513924241066,0.9999998807907104,0.5047252774238586,0.49623605608940125,0.09852056205272675,1.9108245372772217,0.006089019123464823,0.001312851905822754,2.479064278304577e-07,0
0,124,11.140336990356445,1.4500893354415894,1.4500893354415894,12.189899444580078,11.14030647277832,0.13016566165788782,0.9999915361404419,0.04549993947148323,0.9999999403953552,0.5029510855674744,0.5046441555023193,0.09397230297327042,2.048393487930298,0.008790558204054832,0.0033215880393981934,2.5309273041784763e-06,0
0,125,11.14030647277832,1.4568618535995483,1.4568618535995483,12.205466270446777,11.140270233154297,0.13077394748155582,0.999993085861206,0.04139726236462593,0.9999998807907104,0.5017367005348206,0.5166905522346497,0.09207189828157425,2.210735321044922,0.03222749009728432,0.0034957528114318848,1.8714345060288906e-06,0
0,126,11.140270233154297,1.447182297706604,1.447182297706604,12.207037925720215,11.140262603759766,0.12990549308217667,0.9999972581863403,0.02649044804275036,0.9999998807907104,0.4959409832954407,0.5232548117637634,0.09059891849756241,2.175278902053833,0.009797622449696064,0.0018814802169799805,6.11587893217802e-07,1
0,127,11.140262603759766,1.4394925832748413,1.4394925832748413,12.198298454284668,11.140263557434082,0.1292153187474254,0.9999990463256836,0.015520838089287281,1.0,0.4961630403995514,0.5218132138252258,0.08910347521305084,2.156571865081787,0.0017505071591585875,0.002214491367340088,8.736969903111458e-07,3
0,128,11.140263557434082,1.429142951965332,1.429142951965332,12.18964958190918,11.140278816223145,0.1282862783808774,0.9999986290931702,0.018979014828801155,1.0,0.4931114912033081,0.5168384909629822,0.08608601987361908,2.1082797050476074,0.005662848241627216,0.003169715404510498,2.2136664483696222e-06,1
0,129,11.140278816223145,1.4248416423797607,1.4248416423797607,12.173629760742188,11.140299797058105,0.12789999836492608,0.9999978542327881,0.023463821038603783,0.9999998807907104,0.4896979033946991,0.5108020305633545,0.08345473557710648,2.0437145233154297,0.0037428527139127254,0.004090547561645508,4.234723746776581e-06,1
1,0,0.0,1.3071446418762207,1.3071446418762207,13.478941917419434,11.133699417114258,1307144641.8762207,nan,nan,nan,0.4583843946456909,0.4839414656162262,0.058386240154504776,2.772120952606201,nan,nan,nan,1
1,1,11.133699417114258,1.4636749029159546,1.4636749029159546,13.444613456726074,11.1378173828125,0.13146348289824086,0.9847292900085449,1.9461030960083008,0.8477059602737427,0.4540117383003235,0.4669478237628937,0.05980873107910156,1.836265206336975,0.22372233867645264,0.06939005851745605,1.3158423826098442e-05,0
1,2,11.1378173828125,1.2611708641052246,1.2611708641052246,12.843507766723633,11.13936710357666,0.11323321444032836,0.9972458481788635,0.8266875743865967,0.9997252225875854,0.420132577419281,0.47568970918655396,0.05480954796075821,2.0250842571258545,0.038311634212732315,0.0512579083442688,0.00019750278443098068,2
1,3,11.13936710357666,1.2655571699142456,1.2655571699142456,12.483461380004883,11.140007019042969,0.11361122747340797,0.9993887543678284,0.3894736170768738,0.9999508857727051,0.4197469651699066,0.48699331283569336,0.052239980548620224,2.0002946853637695,0.004320980049669743,0.018555045127868652,2.7688220143318176e-05,2
1,4,11.140007019042969,1.2693228721618652,1.2693228721618652,12.293394088745117,11.140290260314941,0.11394273540331323,0.9998453259468079,0.19595608115196228,0.9999887347221375,0.4276081919670105,0.4909672737121582,0.05356503278017044,1.998705267906189,0.004270366858690977,0.008149504661560059,4.598870873451233e-06,2
1,5,11.140290260314941,1.2775652408599854,1.2775652408599854,12.195039749145508,11.140414237976074,0.11467970860786782,0.9999562501907349,0.10416412353515625,0.9999970197677612,0.43219056725502014,0.4821086823940277,0.05603032931685448,2.050023078918457,0.008979789912700653,0.004954278469085693,1.5755649656057358e-06,0
1,6,11.140414237976074,1.2927031517028809,1.2927031517028809,12.121686935424805,11.140567779541016,0.1160372607417273,0.9999275803565979,0.13401925563812256,0.9999991059303284,0.4342009723186493,0.46208083629608154,0.05674351006746292,2.024616241455078,0.013194557279348373,0.033674418926239014,0.00022559193894267082,1
1,7,11.140567779541016,1.2742654085159302,1.2742654085159302,12.1199312210083,11.140539169311523,0.11438065220123181,0.9999575614929199,0.10261911153793335,0.9999988675117493,0.43226414918899536,0.4636850953102112,0.055171482264995575,2.0681583881378174,0.01518432330340147,0.029157936573028564,0.00015693530440330505,1
1,8,11.140539169311523,1.4422202110290527,1.4422202110290527,12.157748222351074,11.140390396118164,0.12945694899595966,0.9999171495437622,0.14338935911655426,0.9999992847442627,0.47387760877609253,0.4569595158100128,0.06183917447924614,1.9735835790634155,0.02916916087269783,0.04011601209640503,0.0003013620153069496,0
1,9,11.140390396118164,1.223832368850708,1.223832368850708,12.091879844665527,11.140545845031738,0.1098554292385614,0.9999355673789978,0.12642626464366913,0.9999985694885254,0.4387577176094055,0.45649346709251404,0.06416512280702591,1.9413044452667236,0.010470408014953136,0.04035937786102295,0.000248737633228302,1
1,10,11.140545845031738,1.4533942937850952,1.4533942937850952,12.132197380065918,11.140378952026367,0.13045988176901172,0.9999167323112488,0.14372889697551727,0.9999988079071045,0.47616979479789734,0.4470982551574707,0.07423055917024612,1.8055611848831177,0.0158067736774683,0.03931021690368652,0.0003352183848619461,3
1,11,11.140378952026367,1.3862791061401367,1.3862791061401367,12.154671669006348,11.140302658081055,0.12443733845229574,0.9999537467956543,0.10710547864437103,0.9999984502792358,0.44872844219207764,0.47369033098220825,0.08279956132173538,1.7331914901733398,0.12613801658153534,0.018382132053375244,0.00011362670920789242,2
1,12,11.140302658081055,1.6081624031066895,1.6081624031066895,12.125202178955078,11.140168190002441,0.14435536021457604,0.9998624920845032,0.18472079932689667,0.9999992847442627,0.4745050370693207,0.431537002325058,0.08495809137821198,1.454652190208435,0.2564427852630615,0.04784119129180908,0.0004453398287296295,0
1,13,11.140168190002441,1.3834228515625,1.3834228515625,11.9437837600708,11.140654563903809,0.12418330028482244,0.9991452693939209,0.4606006145477295,0.9999977350234985,0.44393354654312134,0.43142908811569214,0.083563432097435,1.504748821258545,0.0009215965401381254,0.14247232675552368,0.003296082839369774,1
1,14,11.140654563903809,1.774302363395691,1.774302363395691,11.961772918701172,11.140252113342285,0.15926374462273568,0.9992291331291199,0.43739455938339233,0.9999842047691345,0.47052180767059326,0.4308141767978668,0.08021990954875946,0.9907715916633606,0.028813783079385757,0.12151968479156494,0.003361174836754799,2
1,15,11.140252113342285,1.448328971862793,1.448328971862793,12.065715789794922,11.140193939208984,0.13000863509436925,0.9998205304145813,0.21102817356586456,0.9999856352806091,0.4681204557418823,0.4676312804222107,0.07986054569482803,1.7346434593200684,0.1054774671792984,0.047116100788116455,0.0005858112126588821,0
1,16,11.140193939208984,1.3804072141647339,1.3804072141647339,12.075414657592773,11.140207290649414,0.12391231442625589,0.9999793767929077,0.0713714137673378,0.9999972581863403,0.46122246980667114,0.49383822083473206,0.08314396440982819,1.675113320350647,0.01224251464009285,0.016599059104919434,4.26596961915493e-05,1
1,17,11.140207290649414,1.2185804843902588,1.2185804843902588,12.02098560333252,11.140350341796875,0.10938579979683861,0.9999675154685974,0.08979129046201706,0.9999997615814209,0.45367297530174255,0.5015780925750732,0.08434378355741501,1.3115732669830322,0.0319308303296566,0.015898048877716064,4.5751454308629036e-05,3
1,18,11.140350341796875,1.2600237131118774,1.2600237131118774,11.771069526672363,11.14042854309082,0.11310449621898003,0.9997926354408264,0.22689369320869446,0.9999995231628418,0.4551162123680115,0.5132238864898682,0.0864960253238678,0.31384074687957764,0.08989077806472778,0.04500925540924072,0.0005081305280327797,1
1,19,11.14042854309082,1.135972499847412,1.135972499847412,11.733283042907715,11.140567779541016,0.1019684741438363,0.9999533891677856,0.10753968358039856,0.9999959468841553,0.4635062515735626,0.5201533436775208,0.08856616914272308,0.2645564377307892,0.00047616753727197647,0.005599260330200195,9.52684786170721e-06,2
1,20,11.140567779541016,0.9942980408668518,0.9942980408668518,11.760224342346191,11.140681266784668,0.08925021242569167,0.9998624920845032,0.18479429185390472,0.9999992847442627,0.4740212857723236,0.5337638258934021,0.09649896621704102,0.35073748230934143,0.0009114204440265894,0.040076494216918945,0.00039348844438791275,3
1,21,11.140681266784668,1.097475528717041,1.097475528717041,11.834850311279297,11.140602111816406,0.09851062986507875,0.9999604225158691,0.09925010800361633,0.999997615814209,0.4849023222923279,0.5302237868309021,0.10550158470869064,0.7870873808860779,0.023505909368395805,0.014020442962646484,4.168529994785786e-05,2
1,22,11.140602111816406,1.1153558492660522,1.1153558492660522,11.906670570373535,11.140605926513672,0.10011629874861408,0.999937117099762,0.12501689791679382,0.9999995231628418,0.5091865062713623,0.5526803135871887,0.12142983824014664,0.8686237335205078,0.0023449596483260393,0.017351925373077393,8.10772180557251e-05,0
1,23,11.140605926513672,1.1384577751159668,1.1384577751159668,11.94786548614502,11.140642166137695,0.10218993317109767,0.9999712109565735,0.08433976024389267,0.9999988079071045,0.5110658407211304,0.5588207244873047,0.13363762199878693,1.3399388790130615,0.02643011510372162,0.007956743240356445,1.0051066055893898e-05,1
1,24,11.140642166137695,1.193241834640503,1.193241834640503,11.9576416015625,11.140684127807617,0.10710709641742161,0.9999575614929199,0.10255705565214157,0.9999995231628418,0.5242816209793091,0.5503724217414856,0.1394759565591812,1.0358966588974,0.016687259078025818,0.012792229652404785,2.867553848773241e-05,2
1,25,11.140684127807617,1.0665160417556763,1.0665160417556763,11.974672317504883,11.140771865844727,0.09573164713409361,0.9999561309814453,0.10418917238712311,0.9999995231628418,0.5279067158699036,0.5164404511451721,0.1413906365633011,0.32928887009620667,0.036929115653038025,0.010227322578430176,2.0497420337051153e-05,2
1,26,11.140771865844727,1.2165734767913818,1.2165734767913818,12.020621299743652,11.140668869018555,0.10920010672879331,0.9999521970748901,0.10886713862419128,0.9999994039535522,0.5214986205101013,0.5027366280555725,0.1335606575012207,0.48913702368736267,0.002544528804719448,0.006069540977478027,8.914910722523928e-06,0
1,27,11.140668869018555,1.2472916841506958,1.2472916841506958,12.003482818603516,11.140511512756348,0.1119584199849373,0.9999539852142334,0.1067735031247139,0.9999992847442627,0.5171799063682556,0.49675750732421875,0.12881401181221008,0.44923025369644165,0.002469001803547144,0.016791880130767822,5.7303812354803085e-05,2
1,28,11.140511512756348,1.3372817039489746,1.3372817039489746,12.020277976989746,11.140458106994629,0.1200377291848522,0.9999690055847168,0.0876777172088623,0.9999992847442627,0.509006679058075,0.5003193616867065,0.1215657889842987,0.8573960065841675,0.01498112827539444,0.0090864896774292,1.2968783266842365e-05,2
1,29,11.140458106994629,1.3529789447784424,1.3529789447784424,12.08012580871582,11.140439987182617,0.1214473347311421,0.9999721646308899,0.08318088203668594,0.999999463558197,0.5064284801483154,0.5086878538131714,0.11500134319067001,1.640721321105957,0.0768713504076004,0.008030533790588379,1.5273806639015675e-05,1
1,30,11.140439987182617,1.3465349674224854,1.3465349674224854,12.131978988647461,11.140379905700684,0.1208691011281162,0.9999468922615051,0.11480944603681564,0.9999997019767761,0.5066105127334595,0.48467978835105896,0.11106321215629578,1.7158000469207764,0.10960116982460022,0.024426043033599854,0.0001138453371822834,3
1,31,11.140379905700684,1.2923859357833862,1.2923859357833862,12.18171501159668,11.140362739562988,0.11600914391815802,0.9999679923057556,0.0890512689948082,0.9999992251396179,0.5050807595252991,0.4505927860736847,0.10648631304502487,1.2175588607788086,0.08066597580909729,0.007005512714385986,1.464842353016138e-05,1
1,32,11.140362739562988,1.3575319051742554,1.3575319051742554,12.20741081237793,11.140336036682129,0.12185706488292573,0.9999847412109375,0.06152752786874771,0.9999994039535522,0.4968337416648865,0.4898192584514618,0.10127443820238113,1.8851556777954102,0.10708620399236679,0.0021065473556518555,1.2128439266234636e-06,0
1,33,11.140336036682129,1.3478211164474487,1.3478211164474487,12.211453437805176,11.140308380126953,0.12098567870928098,0.9999660849571228,0.09166427701711655,0.9999997615814209,0.49497753381729126,0.4830336272716522,0.09705585986375809,1.3152272701263428,0.12081419676542282,0.01222139596939087,3.337895032018423e-05,0
1,34,11.140308380126953,1.3277854919433594,1.3277854919433594,12.178659439086914,11.140399932861328,0.11918749882292111,0.999984085559845,0.06296224892139435,0.9999995827674866,0.4815812408924103,0.4771499037742615,0.09372079372406006,1.8829753398895264,0.03908640891313553,0.004682004451751709,4.539964720606804e-06,1
1,35,11.140399932861328,1.3963491916656494,1.3963491916656494,12.162861824035645,11.140360832214355,0.125341029054691,0.9999850392341614,0.061070218682289124,0.9999998211860657,0.4899734854698181,0.47897347807884216,0.08922924846410751,2.0037765502929688,0.051482442766427994,0.004915475845336914,3.470107913017273e-06,3
1,36,11.140360832214355,1.3909157514572144,1.3909157514572144,12.146004676818848,11.140344619750977,0.1248537432858666,0.9999881982803345,0.054337628185749054,0.9999998211860657,0.49063408374786377,0.46437472105026245,0.08662984520196915,1.9095900058746338,0.011932918801903725,0.0039046406745910645,4.575354978442192e-06,1
1,37,11.140344619750977,1.4232620000839233,1.4232620000839233,12.148000717163086,11.140331268310547,0.1277574481457772,0.9999843835830688,0.06225757300853729,0.9999998211860657,0.48661959171295166,0.4800184965133667,0.07921876758337021,2.05904483795166,0.06549345701932907,0.0037386417388916016,5.090318154543638e-06,0
1,38,11.140331268310547,1.4435391426086426,1.4435391426086426,12.147600173950195,11.140328407287598,0.12957775741506816,0.9999898076057434,0.05009628087282181,0.9999998211860657,0.48734843730926514,0.5191656351089478,0.07684002071619034,1.9895341396331787,0.03943044692277908,0.005177974700927734,6.36902404949069e-06,2
1,39,11.140328407287598,1.4532290697097778,1.4532290697097778,12.149757385253906,11.140313148498535,0.1304475969271362,0.9999946355819702,0.036549732089042664,0.9999997615814209,0.4809395968914032,0.5094171166419983,0.07430194318294525,2.0196115970611572,0.02392914891242981,0.005258917808532715,6.329006282612681e-06,3
1,40,11.140313148498535,1.4240496158599854,1.4240496158599854,12.149738311767578,11.1403226852417,0.1278285086673632,0.9999961853027344,0.031027408316731453,0.9999999403953552,0.48086509108543396,0.5066306591033936,0.07232451438903809,2.039402961730957,0.004613883793354034,0.0044896602630615234,5.128444172441959e-06,2
1,41,11.1403226852417,1.3852293491363525,1.3852293491363525,12.165031433105469,11.140349388122559,0.12434373655724128,0.9999881982803345,0.0542144849896431,0.9999998807907104,0.4747399687767029,0.5022606253623962,0.06711454689502716,1.9863080978393555,0.006840226240456104,0.008254826068878174,2.4322769604623318e-05,1
1,42,11.140349388122559,1.4252914190292358,1.4252914190292358,12.162723541259766,11.140317916870117,0.1279395618012511,0.9999897480010986,0.050115134567022324,0.9999997615814209,0.4561304450035095,0.5209730863571167,0.061393238604068756,1.9086376428604126,0.04831695556640625,0.011053740978240967,2.926192246377468e-05,3
1,43,11.140317916870117,1.474274754524231,1.474274754524231,12.183902740478516,11.140257835388184,0.13233686556572075,0.9999457597732544,0.11597815901041031,0.9999998807907104,0.4590686857700348,0.4865516722202301,0.05767278000712395,1.8469480276107788,0.08668749779462814,0.02539128065109253,0.0001498376950621605,1
1,44,11.140257835388184,1.4560526609420776,1.4560526609420776,12.18934154510498,11.140237808227539,0.13070188163121105,0.9999896287918091,0.05048501864075661,0.9999992251396179,0.454371839761734,0.4714416563510895,0.05995219573378563,1.927050232887268,0.009122057817876339,0.010820388793945312,2.241530455648899e-05,3
1,45,11.140237808227539,1.376663327217102,1.376663327217102,12.174260139465332,11.140276908874512,0.12357575761985778,0.9999752044677734,0.07858406007289886,0.9999999403953552,0.4288487434387207,0.4930303394794464,0.060142580419778824,1.945436716079712,0.13215374946594238,0.016503334045410156,5.508679896593094e-05,2
1,46,11.140276908874512,1.4464250802993774,1.4464250802993774,12.180803298950195,11.140254020690918,0.12983744408966472,0.999984860420227,0.06132042035460472,0.9999997019767761,0.44886094331741333,0.47957661747932434,0.05581611394882202,1.9058101177215576,0.1299460232257843,0.012879908084869385,4.116608761250973e-05,0
1,47,11.140254020690918,1.265451431274414,1.265451431274414,12.12282657623291,11.14041805267334,0.11359269087797073,0.9999397993087769,0.12217120826244354,0.9999998807907104,0.4264875054359436,0.49634674191474915,0.05566844716668129,2.0136125087738037,0.02773815020918846,0.03545963764190674,0.0002163788303732872,0
1,48,11.14041805267334,1.302809715270996,1.302809715270996,12.073297500610352,11.140580177307129,0.11694441888187167,0.9998707175254822,0.1791057288646698,0.9999988675117493,0.43429267406463623,0.4809960126876831,0.06007297709584236,1.9892138242721558,0.01983729563653469,0.05227172374725342,0.00046047382056713104,2
1,49,11.140580177307129,1.2951388359069824,1.2951388359069824,12.056000709533691,11.140643119812012,0.11625416408250651,0.9999859929084778,0.05893269553780556,0.9999976754188538,0.4347369074821472,0.4673875868320465,0.05884324759244919,2.0064754486083984,0.003604115918278694,0.010080337524414062,1.7758109606802464e-05,0
1,50,11.140643119812012,1.3260071277618408,1.3260071277618408,12.010584831237793,11.140714645385742,0.11902428912777309,0.9999092817306519,0.15000583231449127,0.9999997019767761,0.4507579505443573,0.44575923681259155,0.05797204747796059,1.6800155639648438,0.03856007754802704,0.030118107795715332,0.00022788322530686855,3
1,51,11.140714645385742,1.4072576761245728,1.4072576761245728,12.111799240112305,11.14048957824707,0.12631664313450755,0.9997011423110962,0.2723574638366699,0.9999989867210388,0.4662492871284485,0.48089727759361267,0.05967823788523674,1.8089826107025146,0.22203707695007324,0.0795547366142273,0.0010357778519392014,2
1,52,11.14048957824707,1.4057945013046265,1.4057945013046265,11.984699249267578,11.140729904174805,0.1261878565956008,0.9996335506439209,0.30157405138015747,0.9999949932098389,0.45988452434539795,0.4449303448200226,0.06471402198076248,1.3299877643585205,0.2904589772224426,0.08332997560501099,0.0012342175468802452,3
1,53,11.140729904174805,1.4336968660354614,1.4336968660354614,12.11408519744873,11.140472412109375,0.1286896709970688,0.9996613264083862,0.2899099886417389,0.9999945163726807,0.4685725271701813,0.4832780957221985,0.06816161423921585,1.712462306022644,0.28726351261138916,0.08244681358337402,0.0011461209505796432,1
1,54,11.140472412109375,1.462159514427185,1.462159514427185,12.187429428100586,11.140297889709473,0.1312475324509452,0.9999377131462097,0.12445713579654694,0.9999946355819702,0.46626389026641846,0.48217639327049255,0.0795341357588768,1.8676729202270508,0.04337819665670395,0.030967772006988525,0.00015218602493405342,3
1,55,11.140297889709473,1.5004205703735352,1.5004205703735352,12.204349517822266,11.140228271484375,0.13468406188307633,0.9998865127563477,0.1679215133190155,0.9999990463256836,0.47731539607048035,0.42136698961257935,0.08131174743175507,0.08087888360023499,0.4788849353790283,0.012565255165100098,1.9008759409189224e-05,3
1,56,11.140228271484375,1.4661372900009155,1.4661372900009155,12.208325386047363,11.140177726745605,0.13160747286963453,0.9999411702156067,0.12087432295084,0.9999987483024597,0.46456819772720337,0.48584264516830444,0.08020780235528946,1.7426546812057495,0.6605695486068726,0.011880278587341309,3.0808732844889164e-05,2
1,57,11.140177726745605,1.399247407913208,1.399247407913208,12.192607879638672,11.140219688415527,0.12560368804115768,0.9999347925186157,0.12712454795837402,0.9999991655349731,0.4755996763706207,0.42156925797462463,0.07747890055179596,0.03667658194899559,0.677099347114563,0.008930861949920654,5.7372963055968285e-06,2
1,58,11.140219688415527,1.4751286506652832,1.4751286506652832,12.187548637390137,11.140174865722656,0.13241468228846848,0.9999340772628784,0.12794597446918488,0.9999992847442627,0.472941517829895,0.49910423159599304,0.08064809441566467,1.881325125694275,0.43449899554252625,0.015572190284729004,4.4211046770215034e-05,1
1,59,11.140174865722656,1.1479403972625732,1.1479403972625732,12.022207260131836,11.140361785888672,0.10304509678700695,0.9998632669448853,0.1842934936285019,0.9999991059303284,0.464593768119812,0.46465930342674255,0.0819648876786232,0.1499447375535965,0.39669689536094666,0.028446316719055176,0.00019349856302142143,3
1,60,11.140361785888672,1.203471302986145,1.203471302986145,11.94436264038086,11.140478134155273,0.1080280269273269,0.9999421238899231,0.11993945389986038,0.9999969601631165,0.45567482709884644,0.5122571587562561,0.08558621257543564,1.3080443143844604,0.1184886246919632,0.013374924659729004,5.376804620027542e-05,2
1,61,11.140478134155273,0.9353985786437988,0.9353985786437988,11.792840003967285,11.14066219329834,0.08396395265800909,0.9999268651008606,0.1346302330493927,0.9999991059303284,0.4554283916950226,0.5013605356216431,0.0842009037733078,0.09991157054901123,0.13027916848659515,0.0026528239250183105,1.4383404050022364e-06,1
1,62,11.14066219329834,1.2548999786376953,1.2548999786376953,11.978856086730957,11.14053726196289,0.11264141725727757,0.9998903274536133,0.16509240865707397,0.9999984502792358,0.457174688577652,0.5676866173744202,0.08689368516206741,1.8924180269241333,0.3380488157272339,0.03316301107406616,0.0001858496107161045,3
1,63,11.14053726196289,1.0449044704437256,1.0449044704437256,11.831100463867188,11.140610694885254,0.09379300529888629,0.9998793601989746,0.1731013059616089,0.9999976754188538,0.47306904196739197,0.5117145776748657,0.08966902643442154,0.055286236107349396,0.35311684012413025,0.030276954174041748,0.00021822378039360046,1
1,64,11.140610694885254,1.025093913078308,1.025093913078308,11.849464416503906,11.140628814697266,0.092014158034347,0.999961793422699,0.09734385460615158,0.9999979138374329,0.48748311400413513,0.5132167339324951,0.09951724857091904,0.4533926248550415,0.023491360247135162,0.01161426305770874,3.3115269616246223e-05,0
1,65,11.140628814697266,1.1453275680541992,1.1453275680541992,11.911831855773926,11.140604019165039,0.10280636641831445,0.9999382495880127,0.1238897368311882,0.9999995231628418,0.5077255964279175,0.5502338409423828,0.1150793731212616,1.1332288980484009,0.03379657492041588,0.016328930854797363,7.039960473775864e-05,0
1,66,11.140604019165039,1.0244591236114502,1.0244591236114502,11.905370712280273,11.140750885009766,0.09195723336446446,0.9999446868896484,0.11741036921739578,0.999998927116394,0.5071842670440674,0.5361026525497437,0.1273607611656189,0.6312893629074097,0.018396155908703804,0.021868348121643066,9.099207818508148e-05,1
1,67,11.140750885009766,1.2089771032333374,1.2089771032333374,11.939580917358398,11.140717506408691,0.10851845766159753,0.9999542832374573,0.10664179176092148,0.9999992251396179,0.5195925831794739,0.5501746535301208,0.13458667695522308,1.1951316595077515,0.02437647618353367,0.009849905967712402,2.7445494197309017e-05,3
1,68,11.140717506408691,1.0658878087997437,1.0658878087997437,12.001809120178223,11.140786170959473,0.09567496960465897,0.9999365210533142,0.12555046379566193,0.9999994039535522,0.5243834853172302,0.5056889057159424,0.13878682255744934,0.1559865027666092,0.08310884237289429,0.024365127086639404,9.720027446746826e-05,1
1,69,11.140786170959473,1.2347288131713867,1.2347288131713867,12.038664817810059,11.140658378601074,0.11082959444908265,0.9999381303787231,0.12385780364274979,0.9999991059303284,0.5173522233963013,0.5060121417045593,0.13156554102897644,0.5528918504714966,0.015941627323627472,0.014347672462463379,5.5546173825860023e-05,3
1,70,11.140658378601074,1.2584280967712402,1.2584280967712402,12.039482116699219,11.14047908782959,0.11295814430396889,0.9999536275863647,0.10727894306182861,0.999998927116394,0.5137786269187927,0.5032705664634705,0.12666097283363342,0.6733588576316833,0.0053509874269366264,0.010912954807281494,2.689962275326252e-05,0
1,71,11.14047908782959,1.3502521514892578,1.3502521514892578,12.064580917358398,11.140426635742188,0.12120234155498213,0.9999640583992004,0.09433601796627045,0.9999994039535522,0.5055955648422241,0.5084140300750732,0.11970288306474686,1.0437363386154175,0.011369343847036362,0.008754730224609375,9.258103091269732e-06,3
1,72,11.140426635742188,1.3572486639022827,1.3572486639022827,12.121328353881836,11.140414237976074,0.12183094133466832,0.9999680519104004,0.0888897255063057,0.9999995231628418,0.502633273601532,0.5182082653045654,0.11276088654994965,1.8281404972076416,0.09054545313119888,0.010457634925842285,2.5722896680235863e-05,3
1,73,11.140414237976074,1.337124228477478,1.337124228477478,12.145286560058594,11.140361785888672,0.12002464180545579,0.9999685883522034,0.08835823088884354,0.9999995231628418,0.5027916431427002,0.4924475848674774,0.10987106710672379,1.7662029266357422,0.0979790911078453,0.01564997434616089,5.032075569033623e-05,0
1,74,11.140361785888672,1.2968307733535767,1.2968307733535767,12.184971809387207,11.140348434448242,0.11640831763616982,0.9999697208404541,0.08665177971124649,0.999999463558197,0.501792311668396,0.4536881744861603,0.10522329062223434,1.1909685134887695,0.0791948214173317,0.008985579013824463,1.723179593682289e-05,0
1,75,11.140348434448242,1.3480145931243896,1.3480145931243896,12.209355354309082,11.140313148498535,0.12100291126945832,0.9999862909317017,0.058345112949609756,0.9999995231628418,0.4930698275566101,0.4962378144264221,0.1010977104306221,1.9447810649871826,0.09257970750331879,0.003026723861694336,1.98397901840508e-06,2
1,76,11.140313148498535,1.3591196537017822,1.3591196537017822,12.21463680267334,11.140273094177246,0.12200013012066552,0.9999557733535767,0.10477089881896973,0.9999998211860657,0.49219053983688354,0.4908553957939148,0.0961371585726738,1.2175754308700562,0.13080310821533203,0.014103591442108154,5.031639011576772e-05,2
1,77,11.140273094177246,1.3298743963241577,1.3298743963241577,12.180094718933105,11.140372276306152,0.11937538560156584,0.9999799132347107,0.07071487605571747,0.9999995231628418,0.4787691831588745,0.48636069893836975,0.09268779307603836,1.8432458639144897,0.039729468524456024,0.0045816898345947266,3.17511148750782e-06,0
1,78,11.140372276306152,1.4012004137039185,1.4012004137039185,12.165645599365234,11.140334129333496,0.1257768034093488,0.9999821782112122,0.06660089641809464,0.9999997615814209,0.4871225357055664,0.4885115623474121,0.08921497315168381,1.9827542304992676,0.05135267227888107,0.004614651203155518,4.488392733037472e-06,2
1,79,11.140334129333496,1.386391282081604,1.386391282081604,12.142354011535645,11.140327453613281,0.1244479084726114,0.9999849796295166,0.06113813817501068,0.9999997615814209,0.48690205812454224,0.47063034772872925,0.08661185204982758,1.8745591640472412,0.009382725693285465,0.007375240325927734,1.1504627764225006e-05,1
1,80,11.140327453613281,1.4259345531463623,1.4259345531463623,12.148798942565918,11.14031982421875,0.12799754397559213,0.9999836683273315,0.06377331167459488,0.9999997615814209,0.48324716091156006,0.48755648732185364,0.0796826183795929,2.04862117767334,0.07206201553344727,0.0034221410751342773,2.9268849175423384e-06,2
1,81,11.14031982421875,1.4441970586776733,1.4441970586776733,12.150394439697266,11.140323638916016,0.12963694772371154,0.9999904632568359,0.048318907618522644,0.9999998211860657,0.4837535619735718,0.5243740677833557,0.07725801318883896,1.9903292655944824,0.037605199962854385,0.004100322723388672,4.3415348045527935e-06,1
1,82,11.140323638916016,1.4533613920211792,1.4533613920211792,12.153878211975098,11.140310287475586,0.13045953054220202,0.9999953508377075,0.03391766548156738,0.9999998807907104,0.4768463671207428,0.5111181139945984,0.07475855946540833,2.0238845348358154,0.0236938688904047,0.00425410270690918,4.398112650960684e-06,3
1,83,11.140310287475586,1.426629662513733,1.426629662513733,12.155189514160156,11.140321731567383,0.1280601370787321,0.9999964237213135,0.029958292841911316,0.9999999403953552,0.47811946272850037,0.5077421069145203,0.07277148216962814,2.0484654903411865,0.004860343411564827,0.004126071929931641,4.3566105887293816e-06,3
1,84,11.140321731567383,1.3847557306289673,1.3847557306289673,12.171462059020996,11.140350341796875,0.12430123330326293,0.9999857544898987,0.05938195064663887,0.9999998807907104,0.47311490774154663,0.4992867708206177,0.06740830838680267,1.979274868965149,0.010613523423671722,0.009647667407989502,3.160256892442703e-05,3
1,85,11.140350341796875,1.4261655807495117,1.4261655807495117,12.16899585723877,11.140324592590332,0.12801801891263317,0.9999887943267822,0.052750859409570694,0.9999996423721313,0.4574644863605499,0.5184120535850525,0.06254706531763077,1.91450834274292,0.054460473358631134,0.012026786804199219,3.011687658727169e-05,0
1,86,11.140324592590332,1.466458797454834,1.466458797454834,12.186667442321777,11.14027214050293,0.1316351947617583,0.9999499320983887,0.11145960539579391,0.9999997615814209,0.4636383056640625,0.48253777623176575,0.05990196764469147,1.8698561191558838,0.0812140703201294,0.02502387762069702,0.0001363065093755722,0
1,87,11.14027214050293,1.279354453086853,1.279354453086853,12.13971996307373,11.140408515930176,0.11484050272304176,0.999951183795929,0.1099919006228447,0.9999992251396179,0.4283702075481415,0.48028042912483215,0.060662806034088135,2.039299964904785,0.04209994524717331,0.03161245584487915,0.00015950296074151993,0
1,88,11.140408515930176,1.2909741401672363,1.2909741401672363,12.084797859191895,11.140558242797852,0.11588211853463128,0.9998716711997986,0.17850452661514282,0.9999991059303284,0.42910999059677124,0.4649227261543274,0.05983423441648483,1.990082025527954,0.01471144612878561,0.05201905965805054,0.0004492802545428276,1
1,89,11.140558242797852,1.2604773044586182,1.2604773044586182,12.082304000854492,11.140533447265625,0.11314310082023867,0.9999624490737915,0.09665916860103607,0.9999976754188538,0.4240328371524811,0.4775850176811218,0.05794331058859825,1.969701886177063,0.018080417066812515,0.02625209093093872,0.00014498969539999962,0
1,90,11.140533447265625,1.2783818244934082,1.2783818244934082,12.05042839050293,11.14062213897705,0.11475050369398417,0.9999436140060425,0.11829891800880432,0.9999993443489075,0.4308609068393707,0.4737617075443268,0.06149815022945404,1.9870758056640625,0.018601257354021072,0.03499472141265869,0.0002155601978302002,3
1,91,11.14062213897705,1.3545047044754028,1.3545047044754028,12.121538162231445,11.140469551086426,0.12158250119052827,0.9998384714126587,0.20021338760852814,0.9999990463256836,0.4514041244983673,0.4827922284603119,0.06698654592037201,2.072817325592041,0.061209555715322495,0.06329697370529175,0.0006144512444734573,2
1,92,11.140469551086426,1.2774451971054077,1.2774451971054077,12.07570743560791,11.140605926513672,0.11466708752691941,0.9999054670333862,0.15322278439998627,0.9999971985816956,0.43039771914482117,0.4591515362262726,0.06277263164520264,2.0822184085845947,0.04508926346898079,0.0473901629447937,0.00038499198853969574,3
1,93,11.140605926513672,1.3510884046554565,1.3510884046554565,12.13877010345459,11.14047908782959,0.12127602516125122,0.999870777130127,0.1790868639945984,0.9999983310699463,0.4559555649757385,0.4663696885108948,0.06409641355276108,2.071690559387207,0.042850978672504425,0.056815385818481445,0.0004976708441972733,2
1,94,11.14047908782959,1.2560803890228271,1.2560803890228271,12.071443557739258,11.14062786102295,0.1127492255153579,0.9998810887336731,0.17176339030265808,0.9999976754188538,0.44092273712158203,0.4551753103733063,0.06277827173471451,1.965985655784607,0.06283889710903168,0.05439639091491699,0.0004466911777853966,0
1,95,11.14062786102295,1.364775538444519,1.364775538444519,11.958784103393555,11.140792846679688,0.12250436469737741,0.999793291091919,0.22652316093444824,0.9999980330467224,0.4564834535121918,0.4336581826210022,0.06487112492322922,1.4125020503997803,0.06782739609479904,0.04852265119552612,0.0005832412280142307,0
1,96,11.140792846679688,1.3333932161331177,1.3333932161331177,12.115069389343262,11.140581130981445,0.11968566640483863,0.9997676610946655,0.24015824496746063,0.9999973177909851,0.4694143831729889,0.42908185720443726,0.06755660474300385,0.9552261829376221,0.01956581510603428,0.05592048168182373,0.000713760033249855,2
1,97,11.140581130981445,1.5905450582504272,1.5905450582504272,12.168341636657715,11.140290260314941,0.14277038509483087,0.9992321729660034,0.4365622401237488,0.9999971389770508,0.4618851840496063,0.4385819733142853,0.06804146617650986,0.567878007888794,0.015176346525549889,0.12188929319381714,0.002459535375237465,1
1,98,11.140290260314941,1.5679820775985718,1.5679820775985718,12.145608901977539,11.140167236328125,0.1407487633589041,0.9998685121536255,0.18060342967510223,0.9999870657920837,0.4628419280052185,0.43437427282333374,0.06881008297204971,0.4648805558681488,0.002658098004758358,0.04058527946472168,0.00027316040359437466,2
1,99,11.140167236328125,1.3099509477615356,1.3099509477615356,12.074707984924316,11.140291213989258,0.11758808642385375,0.9999463558197021,0.11547119915485382,0.9999977946281433,0.46380355954170227,0.43751639127731323,0.07085879892110825,0.8512966632843018,0.012726291082799435,0.023960113525390625,0.00015913881361484528,1
1,100,11.140291213989258,1.3458788394927979,1.3458788394927979,12.018028259277344,11.140326499938965,0.12081181843816885,0.999979555606842,0.07137319445610046,0.9999990463256836,0.4640297591686249,0.45061442255973816,0.06999092549085617,0.9451808929443359,0.002756263129413128,0.015947282314300537,4.942668601870537e-05,3
1,101,11.140326499938965,1.313080906867981,1.313080906867981,11.954566955566406,11.140368461608887,0.11786736294265478,0.9999833703041077,0.06415670365095139,0.9999997019767761,0.4630182385444641,0.46362265944480896,0.07137315720319748,0.7246935367584229,0.0075257085263729095,0.013338565826416016,3.264797851443291e-05,2
1,102,11.140368461608887,1.29224693775177,1.29224693775177,11.926793098449707,11.140398979187012,0.11599678612112478,0.9999958276748657,0.031760405749082565,0.9999997615814209,0.46339353919029236,0.4627624452114105,0.07181981205940247,0.584315299987793,0.0016232342459261417,0.0032722949981689453,3.1543895602226257e-06,1
1,103,11.140398979187012,1.2857710123062134,1.2857710123062134,11.876394271850586,11.140434265136719,0.1154151673300344,0.9999893307685852,0.05146351829171181,1.0,0.45859846472740173,0.47777464985847473,0.07625360786914825,0.5675415396690369,0.0015120534226298332,0.010709583759307861,2.0736129954457283e-05,3
1,104,11.140434265136719,1.1289622783660889,1.1289622783660889,11.819059371948242,11.140568733215332,0.10133916250456274,0.9999781847000122,0.07348388433456421,0.9999998211860657,0.45088985562324524,0.49022355675697327,0.07962880283594131,0.44730156660079956,0.0023615933023393154,0.014556586742401123,3.1669740565121174e-05,3
1,105,11.140568733215332,1.061407446861267,1.061407446861267,11.738554954528809,11.140671730041504,0.0952740809090569,0.9999764561653137,0.07625602930784225,0.9999995827674866,0.4499984383583069,0.5108692646026611,0.08267353475093842,0.3251434564590454,0.0027657574974000454,0.006881594657897949,1.166248694062233e-05,2
1,106,11.140671730041504,1.0878980159759521,1.0878980159759521,11.725884437561035,11.140737533569336,0.09765102521083792,0.9999908804893494,0.04747684299945831,0.9999995231628418,0.4562254548072815,0.5088754892349243,0.081749327480793,0.24548330903053284,0.0009210719726979733,0.003779172897338867,2.630986273288727e-06,1
1,107,11.140737533569336,1.0536431074142456,1.0536431074142456,11.755317687988281,11.140722274780273,0.09457570508589777,0.9999723434448242,0.08280562609434128,1.0,0.46968892216682434,0.5108378529548645,0.08810613304376602,0.17977020144462585,0.0011373204179108143,0.015979111194610596,5.5271899327635765e-05,0
1,108,11.140722274780273,1.0749493837356567,1.0749493837356567,11.792052268981934,11.140673637390137,0.09648830275296112,0.9999825358390808,0.06584714353084564,0.9999996423721313,0.4732609689235687,0.5011860728263855,0.0929638221859932,0.6183207035064697,0.02806677669286728,0.008392632007598877,2.1149637177586555e-05,2
1,109,11.140673637390137,1.0900647640228271,1.0900647640228271,11.824063301086426,11.140647888183594,0.09784549835158717,0.999979555606842,0.07131977379322052,0.9999997615814209,0.49489128589630127,0.5245698690414429,0.10875200480222702,0.5263140201568604,0.0027819527313113213,0.008139312267303467,1.194601645693183e-05,3
1,110,11.140647888183594,1.0975233316421509,1.0975233316421509,11.829700469970703,11.1406888961792,0.09851521587054615,0.999980092048645,0.07030516862869263,0.9999996423721313,0.49728628993034363,0.5298702120780945,0.11975059658288956,0.8077437877655029,0.00951327569782734,0.008748888969421387,1.4641322195529938e-05,0
1,111,11.1406888961792,1.1597172021865845,1.1597172021865845,11.858078002929688,11.140724182128906,0.10409744074123818,0.9999691247940063,0.0874076783657074,0.9999997019767761,0.5131590366363525,0.5350614190101624,0.1323259472846985,0.6032317876815796,0.008418811485171318,0.005722761154174805,1.1216267012059689e-05,0
1,112,11.140724182128906,1.0989413261413574,1.0989413261413574,11.909744262695312,11.140767097473145,0.09864182149883889,0.9999635219573975,0.09529032558202744,0.9999995827674866,0.5218865871429443,0.514038622379303,0.1378283053636551,0.23406687378883362,0.013168882578611374,0.009910821914672852,2.3686327040195465e-05,1
1,113,11.140767097473145,1.191167950630188,1.191167950630188,11.954412460327148,11.14068603515625,0.10691974261811457,0.9999681115150452,0.08898692578077316,0.9999995231628418,0.5171872973442078,0.5108404159545898,0.13381801545619965,0.3119719624519348,0.001178249716758728,0.006011366844177246,7.751776138320565e-06,0
1,114,11.14068603515625,1.2345808744430542,1.2345808744430542,11.973400115966797,11.140522956848145,0.11081731147858696,0.999967098236084,0.090413399040699,0.999999463558197,0.5139338374137878,0.5105307698249817,0.12917155027389526,0.421372652053833,0.002625917550176382,0.0061231255531311035,6.989575922489166e-06,0
1,115,11.140522956848145,1.3154867887496948,1.3154867887496948,12.000412940979004,11.14046859741211,0.11808124213244922,0.9999710321426392,0.0848965272307396,0.9999995827674866,0.5072821974754333,0.517100989818573,0.12260281294584274,0.7424704432487488,0.008485628291964531,0.006632804870605469,3.5950506571680307e-06,0
1,116,11.14046859741211,1.3243650197982788,1.3243650197982788,12.053425788879395,11.140450477600098,0.11887875345799404,0.9999779462814331,0.07395825535058975,0.9999995827674866,0.5039594173431396,0.5280318856239319,0.11668181419372559,1.6086866855621338,0.06179099157452583,0.007649600505828857,1.3792188838124275e-05,1
1,117,11.140450477600098,1.3796857595443726,1.3796857595443726,12.064236640930176,11.140375137329102,0.12384470110239094,0.9999849796295166,0.060954537242650986,0.9999997019767761,0.5037193894386292,0.5157829523086548,0.1150568500161171,1.60904860496521,0.011430323123931885,0.008068978786468506,1.5789206372573972e-05,0
1,118,11.140375137329102,1.3414280414581299,1.3414280414581299,12.07292366027832,11.140326499938965,0.12041138874787806,0.9999817609786987,0.06716012209653854,0.9999998211860657,0.5042218565940857,0.49044615030288696,0.11111190915107727,1.0968230962753296,0.02743828296661377,0.009878277778625488,1.3171462342143059e-05,0
1,119,11.140326499938965,1.365400791168213,1.365400791168213,12.113215446472168,11.140237808227539,0.12256380377861399,0.9999890923500061,0.052073147147893906,0.9999997615814209,0.5009682178497314,0.49909070134162903,0.1088414341211319,1.5611634254455566,0.017190443351864815,0.0035765767097473145,3.4755212254822254e-06,2
1,120,11.140237808227539,1.3439465761184692,1.3439465761184692,12.141244888305664,11.140228271484375,0.12063894858024553,0.9999857544898987,0.05961374565958977,0.9999998211860657,0.5022316575050354,0.4991941452026367,0.10676692426204681,1.676267385482788,0.009464181959629059,0.008171916007995605,1.6353849787265062e-05,3
1,121,11.140228271484375,1.3543378114700317,1.3543378114700317,12.151734352111816,11.140263557434082,0.12157181867958021,0.9999845027923584,0.062117304652929306,0.9999998211860657,0.49960049986839294,0.5011656284332275,0.10411658883094788,2.0251240730285645,0.02452215738594532,0.013290047645568848,3.0641909688711166e-05,0
1,122,11.140263557434082,1.3627561330795288,1.3627561330795288,12.147618293762207,11.140310287475586,0.12232709989793186,0.9999831914901733,0.06453994661569595,0.9999998807907104,0.5021226406097412,0.49971020221710205,0.1010855957865715,2.0464680194854736,0.034751638770103455,0.008791208267211914,1.8699676729738712e-05,0
1,123,11.140310287475586,1.3954511880874634,1.3954511880874634,12.152941703796387,11.140336036682129,0.1252614291772725,0.9999924302101135,0.043392930179834366,0.9999997615814209,0.5052474141120911,0.49712803959846497,0.09853827953338623,1.891974687576294,0.010842084884643555,0.002476215362548828,1.2308591976761818e-06,1
1,124,11.140336036682129,1.399019718170166,1.399019718170166,12.157127380371094,11.140340805053711,0.12558146482867039,0.9999983906745911,0.0198415145277977,0.9999998807907104,0.5045135617256165,0.4950838088989258,0.09797795116901398,1.9025216102600098,9.573478018864989e-05,0.0005851387977600098,2.550950739532709e-08,1
1,125,11.140340805053711,1.4408377408981323,1.4408377408981323,12.185920715332031,11.14030933380127,0.1293351582426015,0.9999954104423523,0.0341842845082283,0.9999998807907104,0.5038768649101257,0.5029863715171814,0.09581419080495834,2.061622381210327,0.00767136737704277,0.0029256343841552734,1.971726305782795e-06,1
1,126,11.14030933380127,1.4560706615447998,1.4560706615447998,12.202144622802734,11.140273094177246,0.13070289324254902,0.9999913573265076,0.046832483261823654,0.9999998807907104,0.5010367631912231,0.5170231461524963,0.09202463179826736,2.212001323699951,0.03363662585616112,0.003838181495666504,2.7476344257593155e-06,3
1,127,11.140273094177246,1.4456177949905396,1.4456177949905396,12.203437805175781,11.140265464782715,0.1297650230626868,0.9999967217445374,0.02844325453042984,0.9999999403953552,0.4955553710460663,0.5238555669784546,0.0906292274594307,2.1704814434051514,0.010039283894002438,0.0021590590476989746,8.849892765283585e-07,0
1,128,11.140265464782715,1.4369093179702759,1.4369093179702759,12.19653034210205,11.140267372131348,0.12898340012746742,0.9999991655349731,0.014318923465907574,0.9999999403953552,0.4973572790622711,0.5218872427940369,0.09093789756298065,2.165713310241699,0.0011315395822748542,0.0015848278999328613,5.271867848932743e-07,3
1,129,11.140267372131348,1.4293789863586426,1.4293789863586426,12.188472747802734,11.14028263092041,0.12830742195060754,0.9999986290931702,0.018651191145181656,0.9999999403953552,0.4930691421031952,0.5168882608413696,0.08604448288679123,2.1049118041992188,0.006322196219116449,0.0026813745498657227,1.8385180737823248e-06,1
1,130,11.14028263092041,1.4253556728363037,1.4253556728363037,12.173001289367676,11.140299797058105,0.12794609616816705,0.9999977946281433,0.023005442693829536,1.0,0.4896998703479767,0.5108361840248108,0.08338811248540878,2.0413994789123535,0.003571639535948634,0.004027724266052246,3.956840373575687e-06,0
2,0,0.0,1.3071446418762207,1.3071446418762207,13.478941917419434,11.133699417114258,1307144641.8762207,nan,nan,nan,0.4583843946456909,0.4839414656162262,0.058386240154504776,2.772120952606201,nan,nan,nan,0
2,1,11.133699417114258,1.2642704248428345,1.2642704248428345,13.416029930114746,11.13794231414795,0.1135534899477752,0.9850841760635376,1.9233684539794922,0.8477059602737427,0.42140787839889526,0.4799771010875702,0.05735478550195694,1.982468843460083,0.1921623945236206,0.08037018775939941,0.00015479326248168945,1
2,2,11.13794231414795,1.4494736194610596,1.4494736194610596,12.876770973205566,11.139266967773438,0.13013836654728123,0.9971132278442383,0.8463564515113831,0.9997385740280151,0.45147705078125,0.4630151093006134,0.057055436074733734,1.8943860530853271,0.03190489113330841,0.04823404550552368,9.615626186132431e-05,3
2,3,11.139266967773438,1.3928366899490356,1.3928366899490356,12.535091400146484,11.139838218688965,0.1250384512713983,0.9993408918380737,0.4043996036052704,0.9999442100524902,0.4283568561077118,0.4992598295211792,0.05649557337164879,1.857878565788269,0.13301128149032593,0.024754345417022705,8.194195106625557e-05,0
2,4,11.139838218688965,1.4244266748428345,1.4244266748428345,12.417387008666992,11.140114784240723,0.12786780623556251,0.99977707862854,0.23518627882003784,0.9999876618385315,0.46201851963996887,0.46870654821395874,0.058349259197711945,1.6328372955322266,0.21402542293071747,0.03303885459899902,0.0001574251800775528,3
2,5,11.140114784240723,1.6102476119995117,1.6102476119995117,12.37576961517334,11.140120506286621,0.14454497491151852,0.999835729598999,0.2019437700510025,0.9999963045120239,0.465127557516098,0.440854012966156,0.06737132370471954,0.49514859914779663,0.11020907759666443,0.016843199729919434,1.470884308218956e-05,2
2,6,11.140120506286621,1.4137920141220093,1.4137920141220093,12.299099922180176,11.140274047851562,0.1269099390194365,0.999920666217804,0.14045453071594238,0.9999973177909851,0.46749642491340637,0.4509514272212982,0.06016959249973297,1.8609209060668945,0.16525623202323914,0.011078953742980957,2.7545494958758354e-05,1
2,7,11.140274047851562,1.3900160789489746,1.3900160789489746,12.227038383483887,11.140326499938965,0.12477395735314462,0.9999576807022095,0.10256967693567276,0.9999988079071045,0.4420556426048279,0.4688356816768646,0.05896854028105736,1.939090609550476,0.1563459038734436,0.020951688289642334,9.964336641132832e-05,3
2,8,11.140326499938965,1.6360831260681152,1.6360831260681152,12.13778018951416,11.140229225158691,0.14686132637827795,0.9998202323913574,0.21116696298122406,0.9999994039535522,0.46266835927963257,0.4500178098678589,0.06132521480321884,1.8170087337493896,0.17182347178459167,0.06208312511444092,0.0007019946351647377,0
2,9,11.140229225158691,1.5617057085037231,1.5617057085037231,12.24258041381836,11.140172004699707,0.14018613773016658,0.9997695088386536,0.23915114998817444,0.9999974966049194,0.47492891550064087,0.42031607031822205,0.07420945167541504,0.35116416215896606,0.19276586174964905,0.059108853340148926,0.0005648639053106308,3
2,10,11.140172004699707,1.4842913150787354,1.4842913150787354,12.351116180419922,11.140227317810059,0.13323773766262828,0.9998195171356201,0.21161413192749023,0.9999966621398926,0.4671309292316437,0.4364604353904724,0.07860212028026581,1.6184664964675903,0.14700506627559662,0.056621432304382324,0.0005161771550774574,2
2,11,11.140227317810059,1.477892279624939,1.477892279624939,12.280698776245117,11.14022445678711,0.13266266813624253,0.9998992681503296,0.15797436237335205,0.9999979734420776,0.47316715121269226,0.422262042760849,0.08815488964319229,0.343667209148407,0.1471720188856125,0.035311102867126465,0.00021308939903974533,0
2,12,11.14022445678711,1.5003368854522705,1.5003368854522705,12.247361183166504,11.14023494720459,0.1346774377187885,0.9998328685760498,0.20361758768558502,0.9999987483024597,0.4796866774559021,0.4065776765346527,0.08410566300153732,0.09450730681419373,0.009314971044659615,0.023496150970458984,0.00011503673158586025,2
2,13,11.14023494720459,1.4301286935806274,1.4301286935806274,12.233524322509766,11.140220642089844,0.12837509265812105,0.9999197125434875,0.14105449616909027,0.9999980330467224,0.4766656756401062,0.4561372697353363,0.08481769263744354,1.9336795806884766,0.48506051301956177,0.01428842544555664,5.2913324907422066e-05,2
2,14,11.140220642089844,1.478184700012207,1.478184700012207,11.95147705078125,11.140573501586914,0.1326889966997016,0.9991790056228638,0.4514157474040985,0.9999989867210388,0.4478798806667328,0.4364721179008484,0.07613679766654968,1.3507592678070068,0.15663066506385803,0.1338958740234375,0.0028140004724264145,2
2,15,11.140573501586914,1.4548380374908447,1.4548380374908447,11.773438453674316,11.14069938659668,0.1305891512033569,0.999856173992157,0.18892072141170502,0.9999867081642151,0.44728025794029236,0.45043233036994934,0.0751364678144455,1.0923283100128174,0.01150563731789589,0.04252845048904419,0.0003576967865228653,2
2,16,11.14069938659668,1.3759891986846924,1.3759891986846924,11.633183479309082,11.14073657989502,0.12351012723134225,0.9999570250511169,0.10319481045007706,0.9999977946281433,0.4445963501930237,0.47641125321388245,0.07775495946407318,0.9594054222106934,0.005799625534564257,0.016559362411499023,6.526580546051264e-05,3
2,17,11.14073657989502,1.2994657754898071,1.2994657754898071,11.912894248962402,11.14052963256836,0.11664092101727551,0.9993005990982056,0.41669145226478577,0.9999991655349731,0.4574943482875824,0.5193814635276794,0.08418728411197662,1.707484483718872,0.08512148261070251,0.12088292837142944,0.002487700432538986,2
2,18,11.14052963256836,1.1165032386779785,1.1165032386779785,11.615484237670898,11.140772819519043,0.10021994245354184,0.9997815489768982,0.2329295426607132,0.9999892115592957,0.44711068272590637,0.5157918334007263,0.08438385277986526,0.41925981640815735,0.19098472595214844,0.04598158597946167,0.0005351705476641655,3
2,19,11.140772819519043,1.0936176776885986,1.0936176776885986,11.779372215270996,11.140765190124512,0.0981635381499334,0.9997327923774719,0.257520854473114,0.9999959468841553,0.46388980746269226,0.5424671173095703,0.08879803866147995,1.0697559118270874,0.033353883773088455,0.05441707372665405,0.0007776208221912384,2
2,20,11.140765190124512,0.9482151865959167,0.9482151865959167,11.652873039245605,11.14081859588623,0.08511221360597757,0.9999143481254578,0.14583952724933624,0.9999960660934448,0.4667778015136719,0.5260704755783081,0.0937407836318016,0.15216167271137238,0.07200827449560165,0.02189767360687256,0.00011130981147289276,2
2,21,11.14081859588623,1.0076160430908203,1.0076160430908203,11.754132270812988,11.14076042175293,0.09044362713731686,0.9999646544456482,0.09352476894855499,0.9999985694885254,0.4804335832595825,0.5329946875572205,0.10499470680952072,0.881597638130188,0.050215717405080795,0.012685418128967285,2.8034090064466e-05,0
2,22,11.14076042175293,1.0494824647903442,1.0494824647903442,11.830177307128906,11.140779495239258,0.09420204950652863,0.9999235272407532,0.13768476247787476,0.9999994039535522,0.5119927525520325,0.546355664730072,0.1217467412352562,0.5385828018188477,0.011848833411931992,0.02420938014984131,0.00013196154031902552,0
2,23,11.140779495239258,1.0337138175964355,1.0337138175964355,11.848020553588867,11.140795707702637,0.09278648931505808,0.9999555945396423,0.10490136593580246,0.9999986886978149,0.510502815246582,0.5477774739265442,0.13205313682556152,0.8287851810455322,0.009768232703208923,0.014567673206329346,5.5209617130458355e-05,3
2,24,11.140795707702637,1.197417140007019,1.197417140007019,11.91779899597168,11.140730857849121,0.1074803965015835,0.9999244809150696,0.13685069978237152,0.9999992251396179,0.5261144042015076,0.5509461760520935,0.139793261885643,0.9929594993591309,0.005064249038696289,0.02538466453552246,0.00012625521048903465,2
2,25,11.140730857849121,1.0617668628692627,1.0617668628692627,11.94526195526123,11.140786170959473,0.09530495587919194,0.9999584555625916,0.10163125395774841,0.9999988079071045,0.5274569988250732,0.5107901692390442,0.1417122483253479,0.18094459176063538,0.05172811076045036,0.006162524223327637,9.111710824072361e-06,0
2,26,11.140786170959473,1.1976487636566162,1.1976487636566162,11.96199893951416,11.14068603515625,0.10750127910887564,0.9999619126319885,0.0973886027932167,0.9999994039535522,0.5225656032562256,0.5057844519615173,0.1349223107099533,0.28367602825164795,0.001374838873744011,0.010622382164001465,3.2604439184069633e-05,1
2,27,11.14068603515625,1.2419395446777344,1.2419395446777344,11.995084762573242,11.140503883361816,0.11147783365930893,0.999957799911499,0.10244693607091904,0.9999994039535522,0.5167545676231384,0.4987541735172272,0.12914404273033142,0.5660619139671326,0.009025479666888714,0.0054972171783447266,8.165021426975727e-06,3
2,28,11.140503883361816,1.358363151550293,1.358363151550293,12.048163414001465,11.140435218811035,0.1219301358153996,0.9999642372131348,0.09423971176147461,0.9999995231628418,0.5095228552818298,0.5060117840766907,0.12130880355834961,1.163283348083496,0.030775640159845352,0.005694866180419922,3.73076181858778e-06,2
2,29,11.140435218811035,1.3666659593582153,1.3666659593582153,12.110421180725098,11.140419006347656,0.12267617310413058,0.9999690651893616,0.0876287892460823,0.9999994039535522,0.5063382983207703,0.5130441784858704,0.11491162329912186,1.7458758354187012,0.06749719381332397,0.009977757930755615,2.319086343050003e-05,2
2,30,11.140419006347656,1.346174716949463,1.346174716949463,12.139261245727539,11.140371322631836,0.12083699151552839,0.999971866607666,0.08365461975336075,0.9999995231628418,0.5070777535438538,0.4844149351119995,0.11197074502706528,1.7170205116271973,0.08940441906452179,0.014664530754089355,4.4597312808036804e-05,3
2,31,11.140371322631836,1.2946279048919678,1.2946279048919678,12.171174049377441,11.140355110168457,0.11621048054851738,0.9999698996543884,0.0863131657242775,0.9999995231628418,0.5054053664207458,0.44975510239601135,0.10771656036376953,1.1571507453918457,0.08787409216165543,0.008110105991363525,1.4641089364886284e-05,3
2,32,11.140355110168457,1.35836923122406,1.35836923122406,12.201348304748535,11.140327453613281,0.12193230985825547,0.9999838471412659,0.06318219751119614,0.9999995231628418,0.49692386388778687,0.48821118474006653,0.10208357125520706,1.8723537921905518,0.10623351484537125,0.0024448037147521973,2.209097146987915e-06,0
2,33,11.140327453613281,1.3599048852920532,1.3599048852920532,12.20881462097168,11.140294075012207,0.12207045896581598,0.9999646544456482,0.09363691508769989,0.9999997615814209,0.4950084686279297,0.48216018080711365,0.09766451269388199,1.2730920314788818,0.11449464410543442,0.011747479438781738,3.471202217042446e-05,0
2,34,11.140294075012207,1.3276844024658203,1.3276844024658203,12.17702579498291,11.140395164489746,0.11917857765028214,0.9999824166297913,0.06625863909721375,0.9999995827674866,0.4818469285964966,0.4756913483142853,0.09437499195337296,1.827211856842041,0.03419138863682747,0.005480766296386719,5.068606697022915e-06,0
2,35,11.140395164489746,1.3993480205535889,1.3993480205535889,12.163211822509766,11.140353202819824,0.12561026784884988,0.9999843835830688,0.062436141073703766,0.9999997615814209,0.4899636507034302,0.47845497727394104,0.08993586152791977,2.0007874965667725,0.05327752232551575,0.0037622451782226562,2.847460564225912e-06,1
2,36,11.140353202819824,1.3913031816482544,1.3913031816482544,12.146262168884277,11.140340805053711,0.12488860598208776,0.9999878406524658,0.055023081600666046,0.9999997615814209,0.49029338359832764,0.46383538842201233,0.08674389868974686,1.9097245931625366,0.011677668429911137,0.0050356388092041016,4.4156331568956375e-06,0
2,37,11.140340805053711,1.4242467880249023,1.4242467880249023,12.148408889770508,11.140328407287598,0.1278458902602698,0.999984622001648,0.061783287674188614,0.9999998211860657,0.48670488595962524,0.47998613119125366,0.07943303883075714,2.0607683658599854,0.0649271011352539,0.003509044647216797,4.291650839149952e-06,3
2,38,11.140328407287598,1.442419409751892,1.442419409751892,12.147553443908691,11.140328407287598,0.12947727903679337,0.9999901652336121,0.0493839792907238,0.9999997615814209,0.48718294501304626,0.5189689993858337,0.07723213732242584,1.9875380992889404,0.03957045078277588,0.004731714725494385,5.350331775844097e-06,2
2,39,11.140328407287598,1.4531329870224,1.4531329870224,12.14957332611084,11.140312194824219,0.130438972164574,0.9999945759773254,0.0368470661342144,0.9999998807907104,0.4813863933086395,0.5084612965583801,0.07478711754083633,2.0194308757781982,0.027704287320375443,0.005160987377166748,6.502377800643444e-06,0
2,40,11.140312194824219,1.4263184070587158,1.4263184070587158,12.150486946105957,11.140320777893066,0.12803217559031985,0.9999962449073792,0.0303785540163517,1.0,0.48102137446403503,0.5071762204170227,0.07260187715291977,2.0396385192871094,0.004042048938572407,0.00420379638671875,4.6247150748968124e-06,2
2,41,11.140320777893066,1.3808366060256958,1.3808366060256958,12.163681030273438,11.14035415649414,0.12394944755682781,0.9999845623970032,0.06186629831790924,0.9999998807907104,0.4749160706996918,0.49953773617744446,0.06714871525764465,1.9621988534927368,0.012387461960315704,0.010469377040863037,3.380957059562206e-05,2
2,42,11.14035415649414,1.4238548278808594,1.4238548278808594,12.161723136901855,11.140320777893066,0.12781055322651835,0.999987781047821,0.0550973117351532,0.9999997615814209,0.45614781975746155,0.5198410749435425,0.06109321862459183,1.9171898365020752,0.05487867072224617,0.012620151042938232,3.677257336676121e-05,1
2,43,11.140320777893066,1.4742873907089233,1.4742873907089233,12.183432579040527,11.1402587890625,0.13233796585413501,0.999945342540741,0.11638125032186508,0.9999998211860657,0.4590686857700348,0.4865516722202301,0.05767278000712395,1.8468587398529053,0.08194966614246368,0.02541571855545044,0.00015233689919114113,3
2,44,11.1402587890625,1.3986220359802246,1.3986220359802246,12.179877281188965,11.140275955200195,0.12554663787105116,0.9999850392341614,0.061037447303533554,0.9999992251396179,0.43127739429473877,0.4962455630302429,0.06232704222202301,1.9337607622146606,0.14941969513893127,0.012011528015136719,3.3457065001130104e-05,3
2,45,11.140275955200195,1.6299717426300049,1.6299717426300049,12.11819076538086,11.140174865722656,0.14631340814041024,0.9998598098754883,0.1866069734096527,0.9999998807907104,0.44054684042930603,0.46517646312713623,0.05948071554303169,1.7468551397323608,0.1935274302959442,0.05378204584121704,0.0005301171913743019,2
2,46,11.140174865722656,1.3843697309494019,1.3843697309494019,12.147212982177734,11.14024829864502,0.1242682226837378,0.9999280571937561,0.13364267349243164,0.9999979734420776,0.42754632234573364,0.5050622224807739,0.05760753154754639,1.8938021659851074,0.19289736449718475,0.04220151901245117,0.00031896820291876793,3
2,47,11.14024829864502,1.630262017250061,1.630262017250061,12.104122161865234,11.140172004699707,0.14633982776203908,0.999912440776825,0.14744342863559723,0.9999988675117493,0.4469331204891205,0.4798561632633209,0.05949517711997032,1.723140001296997,0.18810921907424927,0.04445624351501465,0.00035926466807723045,3
2,48,11.140172004699707,1.7060966491699219,1.7060966491699219,12.334794998168945,11.140045166015625,0.1531481424568822,0.9997641444206238,0.2420196235179901,0.9999986886978149,0.4593545198440552,0.46159833669662476,0.06141411513090134,1.2900680303573608,0.027862120419740677,0.06687474250793457,0.0007633026689291,1
2,49,11.140045166015625,1.6936960220336914,1.6936960220336914,12.408509254455566,11.140018463134766,0.15203672846862099,0.999964714050293,0.09370270371437073,0.9999967813491821,0.45971688628196716,0.44834813475608826,0.0603109635412693,1.333068609237671,0.0015728608705103397,0.021210014820098877,8.713849820196629e-05,2
2,50,11.140018463134766,1.5983995199203491,1.5983995199203491,12.210198402404785,11.140141487121582,0.143482663445296,0.9998158812522888,0.21379250288009644,0.9999995231628418,0.45823752880096436,0.45671558380126953,0.06071804463863373,1.8825920820236206,0.04492674767971039,0.06070435047149658,0.0006444822065532207,2
2,51,11.140141487121582,1.405808925628662,1.405808925628662,12.184103012084961,11.140276908874512,0.12619309433850814,0.9999232888221741,0.1379903107881546,0.999997615814209,0.4501877725124359,0.48515185713768005,0.06347394734621048,1.8211827278137207,0.15995216369628906,0.03457242250442505,0.0002518240362405777,0
2,52,11.140276908874512,1.4312305450439453,1.4312305450439453,12.213484764099121,11.14031982421875,0.12847351612093283,0.9999318718910217,0.13003751635551453,0.9999986886978149,0.4826619327068329,0.4548085629940033,0.06956566125154495,1.6185507774353027,0.20438382029533386,0.02260911464691162,0.00013826088979840279,0
2,53,11.14031982421875,1.436537742614746,1.436537742614746,12.211446762084961,11.140299797058105,0.1289494166488607,0.9999813437461853,0.06816531717777252,0.9999990463256836,0.46911659836769104,0.4812789857387543,0.07358426600694656,1.8702051639556885,0.10055017471313477,0.01169133186340332,3.862520679831505e-05,1
2,54,11.140299797058105,1.4384812116622925,1.4384812116622925,12.221108436584473,11.14029598236084,0.12912410239104713,0.9999492764472961,0.11216714978218079,0.9999997615814209,0.47711434960365295,0.44792765378952026,0.07993222028017044,1.0510313510894775,0.23453772068023682,0.017902374267578125,4.6910252422094345e-05,1
2,55,11.14029598236084,1.4779833555221558,1.4779833555221558,12.20317554473877,11.140205383300781,0.13267002581101467,0.9999629259109497,0.09601742774248123,0.9999991655349731,0.44815507531166077,0.4899112582206726,0.08428866416215897,1.7474396228790283,0.36293548345565796,0.01503533124923706,5.900813266634941e-05,1
2,56,11.140205383300781,1.4654455184936523,1.4654455184936523,12.195289611816406,11.140164375305176,0.13154564642859834,0.9999926090240479,0.04266974702477455,0.9999995231628418,0.4490865170955658,0.4860597550868988,0.08424727618694305,1.7487512826919556,0.0014531791675835848,0.006449520587921143,6.2105245888233185e-06,0
2,57,11.140164375305176,1.3471263647079468,1.3471263647079468,12.142364501953125,11.140244483947754,0.12092517841964458,0.9999103546142578,0.1490485817193985,0.9999998807907104,0.476804256439209,0.43246352672576904,0.08079621195793152,0.30550628900527954,0.5833412408828735,0.012945175170898438,4.41758893430233e-05,1
2,58,11.140244483947754,1.535265326499939,1.535265326499939,12.15143871307373,11.140143394470215,0.13781253442975508,0.999944806098938,0.11698564887046814,0.9999984502792358,0.4494587481021881,0.522384762763977,0.08286111801862717,1.7378113269805908,0.5793757438659668,0.026437044143676758,8.56383703649044e-05,1
2,59,11.140143394470215,1.537164330482483,1.537164330482483,12.166131973266602,11.140089988708496,0.13798424993752828,0.9999836683273315,0.06348817050457001,0.9999991059303284,0.4482513666152954,0.5473450422286987,0.08519540727138519,1.6917076110839844,0.016196003183722496,0.01160895824432373,2.6931054890155792e-05,3
2,60,11.140089988708496,1.3704510927200317,1.3704510927200317,11.933354377746582,11.140344619750977,0.12301975065812841,0.9997855424880981,0.23074403405189514,0.9999997615814209,0.45405229926109314,0.4772510528564453,0.08117544651031494,0.09521737694740295,0.6363717913627625,0.04179584980010986,0.00043339538387954235,1
2,61,11.140344619750977,1.1695975065231323,1.1695975065231323,11.741950035095215,11.140527725219727,0.10498755168215583,0.9999282360076904,0.13352087140083313,0.9999962449073792,0.45432427525520325,0.5004936456680298,0.08336065709590912,0.07448767870664597,0.00037984142545610666,0.007129371166229248,1.1028023436665535e-05,3
2,62,11.140527725219727,1.095214605331421,1.095214605331421,11.782181739807129,11.140630722045898,0.0983090417568006,0.9998878836631775,0.16678692400455475,0.9999985694885254,0.46366164088249207,0.5296818017959595,0.08409121632575989,0.698564887046814,0.03993074595928192,0.02921748161315918,0.00021048355847597122,0
2,63,11.140630722045898,1.0240914821624756,1.0240914821624756,11.887256622314453,11.140763282775879,0.09192401289596003,0.9996048212051392,0.3131975829601288,0.9999982118606567,0.47620970010757446,0.509215235710144,0.09218472987413406,0.04616037756204605,0.04542284086346626,0.0801239013671875,0.0013896021991968155,1
2,64,11.140763282775879,1.1523686647415161,1.1523686647415161,11.948599815368652,11.140610694885254,0.10343713760825794,0.999907374382019,0.15161125361919403,0.9999947547912598,0.4843495786190033,0.5337802171707153,0.09873426705598831,1.3129467964172363,0.1461986005306244,0.032369017601013184,0.0002615759731270373,2
2,65,11.140610694885254,1.0864181518554688,1.0864181518554688,11.917278289794922,11.140589714050293,0.09751872510492196,0.9999517798423767,0.10946627706289291,0.9999986290931702,0.5076484084129333,0.5296894311904907,0.1141422837972641,0.3444913625717163,0.08518142998218536,0.01024770736694336,2.7913600206375122e-05,3
2,66,11.140589714050293,1.1571664810180664,1.1571664810180664,11.937628746032715,11.140605926513672,0.10386941003299589,0.9999632239341736,0.09558583050966263,0.9999994039535522,0.5045812726020813,0.552399218082428,0.12677745521068573,1.3452866077423096,0.08793787658214569,0.012119293212890625,4.481663927435875e-05,1
2,67,11.140605926513672,1.2005739212036133,1.2005739212036133,11.949700355529785,11.140654563903809,0.10776558556356004,0.9999589920043945,0.10085539519786835,0.9999995231628418,0.5195732116699219,0.5453909635543823,0.13395404815673828,1.0145065784454346,0.01999228075146675,0.01197594404220581,2.603745087981224e-05,2
2,68,11.140654563903809,1.0807124376296997,1.0807124376296997,11.971107482910156,11.1407470703125,0.0970061885888872,0.9999527335166931,0.10833209753036499,0.9999995827674866,0.5242480039596558,0.5067188739776611,0.13836659491062164,0.16284500062465668,0.05792851746082306,0.00982654094696045,1.5624682419002056e-05,2
2,69,11.1407470703125,1.20990788936615,1.20990788936615,12.03373908996582,11.140663146972656,0.10860204272927738,0.9999473690986633,0.11432592570781708,0.9999992847442627,0.5177536010742188,0.51307612657547,0.1318012773990631,0.8898254036903381,0.04350835457444191,0.01476675271987915,4.281289875507355e-05,3
2,70,11.140663146972656,1.2541322708129883,1.2541322708129883,12.033073425292969,11.140482902526855,0.11257249719050916,0.9999521970748901,0.10900981724262238,0.9999990463256836,0.5143064260482788,0.5010079145431519,0.12619549036026,0.5752831101417542,0.011605752632021904,0.011393606662750244,3.516697324812412e-05,2
2,71,11.140482902526855,1.34003746509552,1.34003746509552,12.069437980651855,11.140438079833984,0.12028540206202158,0.9999684691429138,0.0884866863489151,0.9999994039535522,0.5048856139183044,0.5148950219154358,0.11934852600097656,1.3458906412124634,0.046313077211380005,0.003911137580871582,6.574700819328427e-07,1
2,72,11.140438079833984,1.3703762292861938,1.3703762292861938,12.133356094360352,11.140409469604492,0.12300918684398947,0.9999671578407288,0.09026691317558289,0.9999995231628418,0.5027731657028198,0.5233089923858643,0.11269793659448624,1.9015600681304932,0.0792405903339386,0.011797010898590088,3.325939178466797e-05,2
2,73,11.140409469604492,1.3384383916854858,1.3384383916854858,12.150339126586914,11.140358924865723,0.1201426568150195,0.9999759793281555,0.07743656635284424,0.9999995231628418,0.5029877424240112,0.4942656457424164,0.10958483070135117,1.7693665027618408,0.09539895504713058,0.012565314769744873,3.253365866839886e-05,3
2,74,11.140358924865723,1.2894271612167358,1.2894271612167358,12.18867301940918,11.140351295471191,0.11574377180421748,0.999968409538269,0.08856264501810074,0.9999996423721313,0.5014712810516357,0.45423424243927,0.10498814284801483,1.198912262916565,0.08465509116649628,0.009403407573699951,2.3694010451436043e-05,2
2,75,11.140351295471191,1.3462467193603516,1.3462467193603516,12.210539817810059,11.1403169631958,0.1208441891691182,0.9999867081642151,0.05771447718143463,0.9999995231628418,0.49342453479766846,0.4963056445121765,0.10048096626996994,1.9443094730377197,0.0919528603553772,0.0018824338912963867,1.059030182659626e-06,0
2,76,11.1403169631958,1.3528655767440796,1.3528655767440796,12.21576976776123,11.140279769897461,0.12143869705085893,0.9999560117721558,0.10458411276340485,0.9999997615814209,0.4923454225063324,0.4914618134498596,0.09623070806264877,1.2382454872131348,0.13065794110298157,0.0142974853515625,4.949566209688783e-05,2
2,77,11.140279769897461,1.3207675218582153,1.3207675218582153,12.178949356079102,11.140381813049316,0.11855784137729714,0.9999791979789734,0.07188758254051208,0.9999995231628418,0.47958582639694214,0.48658066987991333,0.09302616119384766,1.8359017372131348,0.037007126957178116,0.004981696605682373,4.221219569444656e-06,2
2,78,11.140381813049316,1.3992249965667725,1.3992249965667725,12.164974212646484,11.140341758728027,0.12559937532192897,0.9999818801879883,0.06687477976083755,0.9999997615814209,0.4874100983142853,0.48860180377960205,0.08905758708715439,1.9854079484939575,0.053912870585918427,0.004830658435821533,3.779074177145958e-06,3
2,79,11.140341758728027,1.392669916152954,1.392669916152954,12.148876190185547,11.140332221984863,0.1250114176310481,0.9999866485595703,0.05749623104929924,0.9999998211860657,0.4873947203159332,0.47218209505081177,0.0865320935845375,1.8915940523147583,0.008503856137394905,0.005773603916168213,6.825546734035015e-06,2
2,80,11.140332221984863,1.4252511262893677,1.4252511262893677,12.151602745056152,11.140323638916016,0.12793614210864457,0.9999837279319763,0.06361190229654312,0.9999998211860657,0.4829762578010559,0.48744234442710876,0.07963069528341293,2.047480344772339,0.06607131659984589,0.0038475990295410156,3.998982720077038e-06,2
2,81,11.140323638916016,1.4446399211883545,1.4446399211883545,12.151708602905273,11.140323638916016,0.12967665644307277,0.9999904632568359,0.048946257680654526,0.9999997615814209,0.4835180938243866,0.5246703028678894,0.07722986489534378,1.9884922504425049,0.038299571722745895,0.004320859909057617,5.1551032811403275e-06,2
2,82,11.140323638916016,1.4522701501846313,1.4522701501846313,12.154104232788086,11.140312194824219,0.13036157631107576,0.9999952912330627,0.03437304124236107,0.9999998807907104,0.477041095495224,0.5109051465988159,0.0749160423874855,2.0229878425598145,0.025449417531490326,0.004167795181274414,4.707952030003071e-06,2
2,83,11.140312194824219,1.4267797470092773,1.4267797470092773,12.155452728271484,11.1403226852417,0.12807358735172236,0.999996542930603,0.02952892892062664,0.9999999403953552,0.4779624938964844,0.5081539154052734,0.07283683121204376,2.048661231994629,0.004765847232192755,0.004008591175079346,4.0904851630330086e-06,2
2,84,11.1403226852417,1.3826391696929932,1.3826391696929932,12.170721054077148,11.140352249145508,0.12411123167237015,0.9999848008155823,0.061155304312705994,0.9999998807907104,0.4734443724155426,0.4990197420120239,0.0675717368721962,1.973153829574585,0.012300586327910423,0.010318994522094727,3.400689456611872e-05,1
2,85,11.140352249145508,1.4261412620544434,1.4261412620544434,12.168930053710938,11.140324592590332,0.12801581405685192,0.999988317489624,0.053781911730766296,0.9999997615814209,0.4577105939388275,0.518894374370575,0.06255654245615005,1.9141576290130615,0.05760755017399788,0.012259423732757568,3.1700823456048965e-05,3
2,86,11.140324592590332,1.4664623737335205,1.4664623737335205,12.186590194702148,11.14027214050293,0.13163551578280727,0.9999500513076782,0.11143800616264343,0.9999998807907104,0.4636383056640625,0.48253777623176575,0.05990196764469147,1.8698304891586304,0.08221014589071274,0.024950683116912842,0.00013623572885990143,0
2,87,11.14027214050293,1.279355525970459,1.279355525970459,12.139662742614746,11.140410423278809,0.11484059902980989,0.9999513626098633,0.10982406139373779,0.9999991655349731,0.4283702075481415,0.48028042912483215,0.060662806034088135,2.03928804397583,0.04210209101438522,0.03156757354736328,0.0001591457985341549,3
2,88,11.140410423278809,1.3997704982757568,1.3997704982757568,12.207690238952637,11.140363693237305,0.1256480187974781,0.9999433755874634,0.11855217814445496,0.9999991059303284,0.4585147202014923,0.45095404982566833,0.06446260958909988,1.7244118452072144,0.0723765641450882,0.020417332649230957,0.0001176116056740284,0
2,89,11.140363693237305,1.3630940914154053,1.3630940914154053,12.174463272094727,11.140351295471191,0.12235633673637279,0.9999655485153198,0.09260448813438416,0.9999994039535522,0.4445500671863556,0.4843977093696594,0.06203737109899521,1.925730586051941,0.13792912662029266,0.018495678901672363,9.04519110918045e-05,3
2,90,11.140351295471191,1.4903802871704102,1.4903802871704102,12.235153198242188,11.140251159667969,0.1337821624867686,0.9998888969421387,0.1660895198583603,0.999999463558197,0.4640143811702728,0.43466445803642273,0.06469212472438812,0.4053272604942322,0.48424240946769714,0.021772027015686035,9.775394573807716e-05,0
2,91,11.140251159667969,1.3060426712036133,1.3060426712036133,12.192559242248535,11.14038372039795,0.11723637577687605,0.999915361404419,0.14496488869190216,0.9999983310699463,0.46173807978630066,0.4534212052822113,0.06256335228681564,1.3705486059188843,0.06616902351379395,0.025742948055267334,0.00010439660400152206,1
2,92,11.14038372039795,1.506044626235962,1.506044626235962,12.247066497802734,11.14025592803955,0.13518785923669818,0.9999315142631531,0.13040302693843842,0.9999985694885254,0.46544134616851807,0.4238165020942688,0.06584368646144867,0.4914454221725464,0.054976847022771835,0.01932281255722046,6.2539242208004e-05,1
2,93,11.14025592803955,1.6001946926116943,1.6001946926116943,12.307853698730469,11.140181541442871,0.14364074783812392,0.9998138546943665,0.21498556435108185,0.999998927116394,0.4648536741733551,0.42091166973114014,0.07121308892965317,0.4649420976638794,0.0005682274349965155,0.019160985946655273,7.444561924785376e-05,3
2,94,11.140181541442871,1.4014341831207275,1.4014341831207275,12.320708274841309,11.140279769897461,0.12579994122243132,0.9999223947525024,0.1387285590171814,0.999997079372406,0.4633660912513733,0.44677746295928955,0.06977186352014542,1.9180614948272705,0.22940702736377716,0.0278242826461792,0.00011966703459620476,1
2,95,11.140279769897461,1.684988260269165,1.684988260269165,12.417573928833008,11.140096664428711,0.15125188012084137,0.9998334646224976,0.20323972404003143,0.9999991059303284,0.469903826713562,0.4333428144454956,0.06600484251976013,1.02824068069458,0.1080419272184372,0.040154337882995605,0.0005044955760240555,1
2,96,11.140096664428711,1.6849713325500488,1.6849713325500488,12.435540199279785,11.140008926391602,0.1512528466588901,0.9999655485153198,0.09246984124183655,0.999997079372406,0.4682579040527344,0.435573011636734,0.06958067417144775,0.8790934085845947,0.0025537507608532906,0.01640927791595459,7.213139906525612e-05,2
2,97,11.140008926391602,2.034414768218994,2.034414768218994,12.109188079833984,11.14000415802002,0.1826223642782994,0.9993200302124023,0.41083332896232605,0.999999463558197,0.455952912569046,0.4420134127140045,0.07309994846582413,1.015702486038208,0.0034445826895534992,0.09982681274414062,0.002650670474395156,0
2,98,11.14000415802002,1.438631534576416,1.438631534576416,12.159317016601562,11.140154838562012,0.12914102312436773,0.999476432800293,0.3604927062988281,0.9999913573265076,0.4686800241470337,0.43089935183525085,0.08327323943376541,0.3752536475658417,0.0358768031001091,0.11226272583007812,0.0023033153265714645,1
2,99,11.140154838562012,2.204827070236206,2.204827070236206,11.976292610168457,11.140007019042969,0.19791709380951553,0.999310314655304,0.4137420952320099,0.9999914765357971,0.4612653851509094,0.4259173274040222,0.07403264194726944,0.4187210202217102,0.0004208079189993441,0.12733584642410278,0.00310438871383667,1
2,100,11.140007019042969,2.1367361545562744,2.1367361545562744,11.859630584716797,11.139933586120605,0.19180743341576817,0.9998988509178162,0.15855273604393005,0.9999890923500061,0.46247074007987976,0.43689051270484924,0.07338889688253403,0.28824925422668457,0.0027453661896288395,0.035098135471343994,0.0002814047038555145,1
2,101,11.139933586120605,1.9462864398956299,1.9462864398956299,11.824723243713379,11.139982223510742,0.17471257120603795,0.9999819993972778,0.06686460226774216,0.9999983310699463,0.4612566828727722,0.44782811403274536,0.07484561949968338,0.17356224358081818,0.0026518499944359064,0.004551291465759277,2.888147719204426e-06,1
2,102,11.139982223510742,1.6746841669082642,1.6746841669082642,11.760600090026855,11.140115737915039,0.15033095505070662,0.9999602437019348,0.09942951053380966,0.9999997019767761,0.4558883607387543,0.4652649760246277,0.0796067863702774,0.1441757082939148,0.0005244399071671069,0.021855592727661133,8.851895108819008e-05,3
2,103,11.140115737915039,1.2795915603637695,1.2795915603637695,11.884025573730469,11.14028549194336,0.11486339913047036,0.9996881484985352,0.2782552242279053,0.9999991655349731,0.45545756816864014,0.5059023499488831,0.08152179419994354,1.178832769393921,0.09403615444898605,0.06842494010925293,0.001050521619617939,1
2,104,11.14028549194336,1.1639213562011719,1.1639213562011719,11.839483261108398,11.140451431274414,0.10447859321405348,0.9999200701713562,0.14092977344989777,0.9999950528144836,0.4542023539543152,0.5299487709999084,0.08452380448579788,0.9687536358833313,0.010153539478778839,0.023478925228118896,0.00011746445670723915,1
2,105,11.140451431274414,1.0959031581878662,1.0959031581878662,11.816872596740723,11.140606880187988,0.09837152156252435,0.9999485015869141,0.11304424703121185,0.9999986290931702,0.460623174905777,0.5252861380577087,0.08496859669685364,0.733365535736084,0.005921034142374992,0.014430403709411621,4.413607530295849e-05,3
2,106,11.140606880187988,1.0577527284622192,1.0577527284622192,11.780951499938965,11.140650749206543,0.09494570087948122,0.9999631643295288,0.09562432765960693,0.9999992847442627,0.4708184003829956,0.5186794400215149,0.08917956799268723,0.4275192320346832,0.009569874033331871,0.008055031299591064,1.3286247849464417e-05,3
2,107,11.140650749206543,1.1462522745132446,1.1462522745132446,11.89932632446289,11.140548706054688,0.10288916691826847,0.9999592900276184,0.10037405788898468,0.9999994039535522,0.47909972071647644,0.5227174758911133,0.09762191772460938,1.3280380964279175,0.12085290253162384,0.013714253902435303,3.0760886147618294e-05,0
2,108,11.140548706054688,1.0580084323883057,1.0580084323883057,11.969500541687012,11.140625953674316,0.09496914921374539,0.9998332262039185,0.20346179604530334,0.9999993443489075,0.5053903460502625,0.5183842778205872,0.11453892290592194,0.3311953842639923,0.12242331355810165,0.0481799840927124,0.0005236722063273191,0
2,109,11.140625953674316,1.2333823442459106,1.2333823442459106,11.976977348327637,11.140567779541016,0.11071032717323445,0.9999213218688965,0.1397494524717331,0.999997615814209,0.49937981367111206,0.5559905767440796,0.1262972056865692,1.59315824508667,0.1846185028553009,0.03335583209991455,0.0002334248274564743,2
2,110,11.140567779541016,1.144567847251892,1.144567847251892,11.956534385681152,11.140685081481934,0.10273873557448501,0.9999308586120605,0.1310482919216156,0.9999988675117493,0.5173093676567078,0.535836935043335,0.13561616837978363,0.5682721138000488,0.1433071792125702,0.02243858575820923,0.00010291067883372307,2
2,111,11.140685081481934,1.0961277484893799,1.0961277484893799,11.974786758422852,11.140750885009766,0.09838961791599023,0.999960720539093,0.0987352803349495,0.9999991655349731,0.5242594480514526,0.5169038772583008,0.13926982879638672,0.3637933135032654,0.0036847731098532677,0.003887653350830078,4.505738615989685e-06,0
2,112,11.140750885009766,1.212573766708374,1.212573766708374,12.026816368103027,11.140653610229492,0.10884129617689689,0.9999481439590454,0.11354803293943405,0.9999995231628418,0.5163591504096985,0.5118239521980286,0.13351230323314667,0.4745689034461975,0.002198587404564023,0.008896827697753906,1.8249847926199436e-05,2
2,113,11.140653610229492,1.2228024005889893,1.2228024005889893,12.018784523010254,11.140508651733398,0.10976038241294894,0.9999546408653259,0.10615059733390808,0.9999991655349731,0.5157678723335266,0.5107050538063049,0.12926249206066132,0.5462733507156372,0.0029328009113669395,0.008951544761657715,2.4886801838874817e-05,0
2,114,11.140508651733398,1.3281947374343872,1.3281947374343872,12.030145645141602,11.140448570251465,0.11922209110512452,0.9999597668647766,0.09984763711690903,0.9999994039535522,0.506568193435669,0.5163992643356323,0.12210705876350403,0.8581148386001587,0.007727362215518951,0.013578653335571289,3.3204792998731136e-05,1
2,115,11.140448570251465,1.3302830457687378,1.3302830457687378,12.094772338867188,11.140433311462402,0.11941018688610223,0.9999690055847168,0.0877167284488678,0.9999994039535522,0.5057736039161682,0.5325111150741577,0.11671613156795502,1.8214504718780518,0.09118302166461945,0.011679768562316895,2.9518501833081245e-05,2
2,116,11.140433311462402,1.3766838312149048,1.3766838312149048,12.112030029296875,11.140353202819824,0.12357542949415024,0.9999854564666748,0.060117486864328384,0.9999995827674866,0.5055627822875977,0.5196085572242737,0.11464180797338486,1.8518582582473755,0.01757817715406418,0.006031811237335205,8.436967618763447e-06,2
2,117,11.140353202819824,1.3292269706726074,1.3292269706726074,12.110674858093262,11.140317916870117,0.11931641182939838,0.9999684691429138,0.08854740113019943,0.9999997615814209,0.5057517290115356,0.48678824305534363,0.11184176057577133,1.0610042810440063,0.06262846291065216,0.016239702701568604,3.8139987736940384e-05,0
2,118,11.140317916870117,1.3717175722122192,1.3717175722122192,12.146140098571777,11.14023494720459,0.12313091802658398,0.9999876022338867,0.05562060326337814,0.9999995231628418,0.500042200088501,0.5012195706367493,0.10870016366243362,1.7304083108901978,0.03885110095143318,0.0023311972618103027,1.4186371117830276e-06,3
2,119,11.14023494720459,1.347965955734253,1.347965955734253,12.16650104522705,11.140228271484375,0.1209997780228591,0.9999879002571106,0.055112943053245544,0.9999998807907104,0.5027250051498413,0.49868080019950867,0.10644511878490448,1.7661875486373901,0.01102500967681408,0.006615877151489258,8.45128670334816e-06,0
2,120,11.140228271484375,1.363435983657837,1.363435983657837,12.16739273071289,11.140271186828613,0.12238851399013267,0.9999874830245972,0.055748529732227325,0.9999998807907104,0.4990173280239105,0.5007619857788086,0.10352713614702225,2.102743148803711,0.029606729745864868,0.011344194412231445,2.134731039404869e-05,3
2,121,11.140271186828613,1.366241455078125,1.366241455078125,12.150557518005371,11.140324592590332,0.12263987403587286,0.9999837875366211,0.06336139142513275,0.9999997615814209,0.5019243359565735,0.49762681126594543,0.10108033567667007,1.981852412223816,0.04170626401901245,0.006373882293701172,1.0754331015050411e-05,3
2,122,11.140324592590332,1.4059562683105469,1.4059562683105469,12.156994819641113,11.140339851379395,0.12620424626098223,0.9999929666519165,0.041748229414224625,0.9999997615814209,0.504149854183197,0.49467429518699646,0.09730465710163116,1.8499102592468262,0.00544233713299036,0.002030670642852783,8.437200449407101e-07,1
2,123,11.140339851379395,1.4542368650436401,1.4542368650436401,12.19143295288086,11.140304565429688,0.1305379265304529,0.9999916553497314,0.04529703035950661,0.9999998807907104,0.5021608471870422,0.5048506855964661,0.09402621537446976,2.049248218536377,0.011386672034859657,0.0031275153160095215,2.579035935923457e-06,0
2,124,11.140304565429688,1.458856463432312,1.458856463432312,12.205951690673828,11.140270233154297,0.13095301433314477,0.9999924898147583,0.04297905042767525,0.9999998807907104,0.5007143020629883,0.5169215798377991,0.0917251780629158,2.2094483375549316,0.034070566296577454,0.003590106964111328,2.0414008758962154e-06,0
2,125,11.140270233154297,1.4472270011901855,1.4472270011901855,12.206604957580566,11.140262603759766,0.12990950586486916,0.9999970197677612,0.027384977787733078,0.9999998807907104,0.4950772523880005,0.5230777859687805,0.09052599221467972,2.1682679653167725,0.009676493704319,0.002309262752532959,8.935458026826382e-07,0
2,126,11.140262603759766,1.4434353113174438,1.4434353113174438,12.198934555053711,11.140262603759766,0.1295692357225308,0.9999989867210388,0.015980999916791916,1.0,0.4945211410522461,0.5220882892608643,0.08772209286689758,2.142993927001953,0.001980726607143879,0.001955568790435791,4.702887963503599e-07,3
2,127,11.140262603759766,1.4328151941299438,1.4328151941299438,12.19016170501709,11.140277862548828,0.12861592631096308,0.9999988079071045,0.01865510269999504,1.0,0.4915735125541687,0.5169443488121033,0.08443338423967361,2.0945682525634766,0.005752411670982838,0.0027903318405151367,1.859269104897976e-06,3
2,128,11.140277862548828,1.4302680492401123,1.4302680492401123,12.174261093139648,11.140294075012207,0.12838710729544367,0.9999979138374329,0.023324131965637207,1.0,0.4880896210670471,0.5103690028190613,0.08145095407962799,2.02398419380188,0.004291201010346413,0.004409909248352051,4.041590727865696e-06,2
