episode,step,h_norm,attn_out_norm,update_norm,ffn_norm,h_new_norm,ratio_update_h,cos_h_prev,l2_h_prev,cos_q_prev,V_pw_cos,K_pw_cos,z_pw_cos,attn_entropy,attn_jsd_prev,logits_max_diff,kl_pi_prev,action
0,0,0.0,1.1286921501159668,1.1286921501159668,9.40307331085205,11.213308334350586,1128692150.1159668,nan,nan,nan,0.5951510071754456,0.5554916262626648,0.19650810956954956,2.7721738815307617,nan,nan,nan,3
0,1,11.213308334350586,1.1755783557891846,1.1755783557891846,10.68111801147461,11.215914726257324,0.10483778031751302,0.9697359800338745,2.7590701580047607,0.8087165355682373,0.5506066083908081,0.6292926669120789,0.19139105081558228,1.6497248411178589,0.2560236155986786,0.1466635763645172,0.00042100390419363976,2
0,2,11.215914726257324,1.3260958194732666,1.3260958194732666,10.738500595092773,11.216562271118164,0.11823340778160284,0.9909226298332214,1.5112754106521606,0.9995884299278259,0.5862153768539429,0.5425092577934265,0.18190227448940277,0.2714924216270447,0.5974465608596802,0.07545268535614014,4.2773084715008736e-05,1
0,3,11.216562271118164,1.3242247104644775,1.3242247104644775,10.563780784606934,11.21675968170166,0.11805976541263986,0.9974946975708008,0.7939695715904236,0.9998776912689209,0.5840066075325012,0.5294150114059448,0.17656926810741425,0.3089175522327423,0.0006345011061057448,0.039333224296569824,1.0652118362486362e-05,1
0,4,11.21675968170166,1.3215938806533813,1.3215938806533813,10.41926383972168,11.216839790344238,0.117823143060589,0.9992445707321167,0.43599367141723633,0.9999662041664124,0.583050012588501,0.5263100266456604,0.1738406866788864,0.35554182529449463,0.0010377040598541498,0.023561835289001465,1.540081575512886e-05,0
0,5,11.216839790344238,1.0263278484344482,1.0263278484344482,10.311236381530762,11.217121124267578,0.09149884170744235,0.9996463060379028,0.2983418107032776,0.9999901056289673,0.5538795590400696,0.5671440362930298,0.16906020045280457,1.8647935390472412,0.30969488620758057,0.030108213424682617,0.000208183191716671,2
0,6,11.217121124267578,1.025940179824829,1.025940179824829,10.252004623413086,11.21725082397461,0.09146198640979887,0.9998956322669983,0.16205854713916779,0.9999964237213135,0.5466981530189514,0.5686128735542297,0.16493043303489685,1.8311420679092407,0.008337263017892838,0.008771061897277832,5.6674471125006676e-06,0
0,7,11.21725082397461,1.1601704359054565,1.1601704359054565,10.171683311462402,11.21732234954834,0.10342734187826365,0.9998170137405396,0.21459242701530457,0.9999989867210388,0.545345664024353,0.5303304195404053,0.15254253149032593,1.2293822765350342,0.12318172305822372,0.0524480938911438,0.0005194880068302155,3
0,8,11.21732234954834,1.071219563484192,1.071219563484192,10.170408248901367,11.21723461151123,0.09549690470714912,0.9997374415397644,0.2570135295391083,0.9999979138374329,0.5460827946662903,0.5499547719955444,0.1559329777956009,1.544743299484253,0.29890209436416626,0.08745169639587402,0.0010874085128307343,3
0,9,11.21723461151123,1.2073469161987305,1.2073469161987305,10.192870140075684,11.217072486877441,0.10763320533206462,0.9998261332511902,0.2091308981180191,0.9999971389770508,0.5536098480224609,0.513936460018158,0.15013408660888672,0.12453643232584,0.6061133742332458,0.029667377471923828,0.0001947474665939808,2
0,10,11.217072486877441,1.0937811136245728,1.0937811136245728,10.19810962677002,11.217184066772461,0.09751039006872413,0.9999148845672607,0.14635778963565826,0.9999984502792358,0.5545389652252197,0.5843108296394348,0.15200872719287872,1.7937114238739014,0.5718048810958862,0.014576494693756104,6.707198917865753e-05,0
0,11,11.217184066772461,1.0782579183578491,1.0782579183578491,10.198342323303223,11.217243194580078,0.09612554380308908,0.9999746084213257,0.0796816349029541,0.9999992847442627,0.5413849353790283,0.5887205600738525,0.14855827391147614,1.891774296760559,0.02450241707265377,0.006226301193237305,6.015179678797722e-06,2
0,12,11.217243194580078,1.2445122003555298,1.2445122003555298,10.0866117477417,11.217609405517578,0.11094635096766471,0.9992920756340027,0.4220674932003021,0.9999997615814209,0.5433593988418579,0.5286014080047607,0.14372512698173523,0.9130905866622925,0.4100368618965149,0.13387775421142578,0.0031107384711503983,2
0,13,11.217609405517578,1.2265187501907349,1.2265187501907349,10.014850616455078,11.217752456665039,0.10933869292930186,0.9998645186424255,0.18461501598358154,0.9999922513961792,0.5420106053352356,0.5152620077133179,0.14106342196464539,1.0115265846252441,0.011917310766875744,0.049797236919403076,0.00039044301956892014,0
0,14,11.217752456665039,1.2284032106399536,1.2284032106399536,10.0307035446167,11.217301368713379,0.10950528774684243,0.9993981719017029,0.3891899585723877,0.9999986886978149,0.5517297983169556,0.5174948573112488,0.15005667507648468,0.23351067304611206,0.05244891718029976,0.11917948722839355,0.002590462565422058,1
0,15,11.217301368713379,1.2182929515838623,1.2182929515838623,9.987715721130371,11.217613220214844,0.10860838195734418,0.9996659755706787,0.28993865847587585,0.9999930262565613,0.5466024875640869,0.5137501955032349,0.14145882427692413,1.0467160940170288,0.054463356733322144,0.0971270203590393,0.0016318410634994507,2
0,16,11.217613220214844,1.2353700399398804,1.2353700399398804,9.958728790283203,11.217782020568848,0.11012770860325849,0.9999232292175293,0.13898299634456635,0.9999961256980896,0.5514710545539856,0.5167654752731323,0.1437617987394333,0.9814248085021973,0.007780828047543764,0.040582895278930664,0.00022313185036182404,3
0,17,11.217782020568848,1.0901051759719849,1.0901051759719849,10.095056533813477,11.217498779296875,0.09717653400406387,0.9994237422943115,0.38081690669059753,0.9999991655349731,0.5503880977630615,0.5673034191131592,0.15052396059036255,1.8768857717514038,0.409981369972229,0.11486566066741943,0.0024421606212854385,0
0,18,11.217498779296875,1.2418427467346191,1.2418427467346191,10.182893753051758,11.217254638671875,0.11070585084676597,0.9997556209564209,0.2479708343744278,0.9999939799308777,0.5785356163978577,0.5407850742340088,0.1638362854719162,1.60518217086792,0.21705347299575806,0.05920672416687012,0.0007522237719967961,2
0,19,11.217254638671875,1.1825487613677979,1.1825487613677979,10.084068298339844,11.217134475708008,0.10542229800961457,0.9997316002845764,0.2598646879196167,0.9999977946281433,0.5683397650718689,0.5121828317642212,0.15927712619304657,0.2850327491760254,0.14295032620429993,0.04648953676223755,0.0006399508565664291,3
0,20,11.217134475708008,1.2573274374008179,1.2573274374008179,10.17114543914795,11.217069625854492,0.11208989605355135,0.9998326301574707,0.20525044202804565,0.9999971985816956,0.5797107219696045,0.547880232334137,0.16010506451129913,1.3297861814498901,0.08887996524572372,0.04883450269699097,0.0005851918831467628,0
0,21,11.217069625854492,1.2645268440246582,1.2645268440246582,10.213010787963867,11.217039108276367,0.11273237005768601,0.9999557733535767,0.10556285083293915,0.9999985694885254,0.5782291293144226,0.5541279315948486,0.15836097300052643,1.281184434890747,0.010282699018716812,0.024540483951568604,0.0001432378776371479,0
0,22,11.217039108276367,1.276523470878601,1.276523470878601,10.236367225646973,11.217020988464355,0.11380217707690192,0.9999826550483704,0.06630290299654007,0.9999996423721313,0.5748035311698914,0.5782614946365356,0.1610845923423767,1.2121316194534302,0.005313097964972258,0.015381097793579102,5.0431350246071815e-05,2
0,23,11.217020988464355,1.2012213468551636,1.2012213468551636,10.119093894958496,11.216964721679688,0.10708915924205777,0.9996213912963867,0.3086260259151459,0.9999997615814209,0.5628138780593872,0.5519274473190308,0.16755978763103485,0.05973454937338829,0.1038522720336914,0.07196676731109619,0.0011872975155711174,3
0,24,11.216964721679688,1.201337218284607,1.201337218284607,10.17282772064209,11.217020034790039,0.10710002644144113,0.999876856803894,0.17601297795772552,0.9999963045120239,0.5756584405899048,0.6201626658439636,0.1813090294599533,1.4775710105895996,0.18024809658527374,0.038238525390625,0.00040121516212821007,0
0,25,11.217020034790039,1.1808758974075317,1.1808758974075317,10.191494941711426,11.217071533203125,0.10527536669676951,0.9999743700027466,0.08044737577438354,0.9999987483024597,0.5794818997383118,0.6527000665664673,0.18957935273647308,1.5290613174438477,0.004510277882218361,0.01247549057006836,3.273063339293003e-05,0
0,26,11.217071533203125,1.2028162479400635,1.2028162479400635,10.170390129089355,11.217089653015137,0.10723086185014188,0.999943733215332,0.11908413469791412,0.9999998211860657,0.586931586265564,0.6454209089279175,0.19673016667366028,0.7041666507720947,0.055526286363601685,0.016972243785858154,8.011609315872192e-05,0
0,27,11.217089653015137,1.1703609228134155,1.1703609228134155,10.179417610168457,11.217121124267578,0.10433730664698969,0.9999514222145081,0.11056730896234512,0.9999993443489075,0.5858444571495056,0.661922812461853,0.20234431326389313,1.015221357345581,0.006570612080395222,0.013022243976593018,2.8908252716064453e-05,2
0,28,11.217121124267578,1.1417995691299438,1.1417995691299438,10.128060340881348,11.21705150604248,0.10179078539677422,0.9998254776000977,0.20943334698677063,0.9999995827674866,0.5858080983161926,0.6217779517173767,0.20354686677455902,0.038760777562856674,0.07981585711240768,0.05280423164367676,0.0005055302754044533,3
0,29,11.21705150604248,1.150932788848877,1.150932788848877,10.166882514953613,11.217117309570312,0.10260564358012303,0.9999392032623291,0.12373482435941696,0.9999986290931702,0.5983211398124695,0.6566884517669678,0.2028011828660965,1.0246752500534058,0.07968118786811829,0.020931899547576904,9.547686204314232e-05,1
0,30,11.217117309570312,1.1661256551742554,1.1661256551742554,10.154212951660156,11.217140197753906,0.10395947755483761,0.9999271631240845,0.13546721637248993,0.9999994039535522,0.5916569828987122,0.6816023588180542,0.21003185212612152,1.0666838884353638,0.010935118421912193,0.016993820667266846,6.88210129737854e-05,2
0,31,11.217140197753906,1.1062196493148804,1.1062196493148804,10.149468421936035,11.21729564666748,0.09861868799111445,0.9998942017555237,0.16310760378837585,0.9999992847442627,0.6007996797561646,0.6587232947349548,0.22067038714885712,1.0955333709716797,0.013138368725776672,0.033121466636657715,0.00015261489897966385,2
0,32,11.21729564666748,1.1237804889678955,1.1237804889678955,10.163918495178223,11.217236518859863,0.10018283589607953,0.999929666519165,0.13288159668445587,0.9999991655349731,0.6055490970611572,0.6259283423423767,0.22616972029209137,1.300599455833435,0.10104963183403015,0.009766101837158203,2.6500492822378874e-05,0
0,33,11.217236518859863,1.1277467012405396,1.1277467012405396,10.202841758728027,11.217185974121094,0.10053694591751065,0.9998962879180908,0.16149193048477173,0.9999994039535522,0.6082162261009216,0.6104686260223389,0.23348480463027954,0.3043483793735504,0.18450751900672913,0.03436577320098877,0.00024299509823322296,3
0,34,11.217185974121094,1.1042309999465942,1.1042309999465942,10.19551944732666,11.217268943786621,0.09844099959598955,0.999944806098938,0.11780707538127899,0.999998927116394,0.6029911041259766,0.6308203339576721,0.2392936646938324,1.4663329124450684,0.10516269505023956,0.01286846399307251,4.630815237760544e-05,3
0,35,11.217268943786621,1.108121633529663,1.108121633529663,10.191324234008789,11.217249870300293,0.09878711467852118,0.9999608993530273,0.09916175901889801,0.9999996423721313,0.6007372736930847,0.6301486492156982,0.2399640679359436,1.8253575563430786,0.017342526465654373,0.014254510402679443,4.8811547458171844e-05,0
0,36,11.217249870300293,1.1264106035232544,1.1264106035232544,10.181803703308105,11.217284202575684,0.10041771526420493,0.9999767541885376,0.07653097063302994,0.999999463558197,0.6071455478668213,0.6468732953071594,0.24135971069335938,2.1116700172424316,0.05481475219130516,0.009875178337097168,2.27602431550622e-05,3
0,37,11.217284202575684,1.1500496864318848,1.1500496864318848,10.187760353088379,11.217321395874023,0.1025247881450497,0.9999893307685852,0.05204492807388306,0.9999997019767761,0.6038801670074463,0.6459969282150269,0.24250386655330658,2.0608205795288086,0.003629518672823906,0.004304111003875732,3.1245872378349304e-06,1
0,38,11.217321395874023,1.1340571641921997,1.1340571641921997,10.1905517578125,11.217331886291504,0.10109874935110005,0.9999889731407166,0.0526697114109993,0.9999998211860657,0.6135711669921875,0.6362214684486389,0.24429334700107574,1.9593710899353027,0.06358923763036728,0.009509265422821045,2.2790394723415375e-05,1
0,39,11.217331886291504,1.141350507736206,1.141350507736206,10.200267791748047,11.217338562011719,0.10174884003664272,0.9999734163284302,0.08174456655979156,0.9999998807907104,0.6173840761184692,0.5983878970146179,0.24093970656394958,1.539373517036438,0.0727270320057869,0.011167049407958984,2.607842907309532e-05,2
0,40,11.217338562011719,1.1451209783554077,1.1451209783554077,10.162857055664062,11.217275619506836,0.10208490828951512,0.999915361404419,0.14586585760116577,0.9999997615814209,0.6193745732307434,0.5904480814933777,0.2301352173089981,0.4822751581668854,0.09010463207960129,0.0199357271194458,0.00010759150609374046,2
0,41,11.217275619506836,1.1319299936294556,1.1319299936294556,10.147176742553711,11.217255592346191,0.10090952848310422,0.999935507774353,0.12731671333312988,0.9999992847442627,0.6028268337249756,0.6069049835205078,0.22337177395820618,1.4557983875274658,0.0770634114742279,0.017580747604370117,7.151206955313683e-05,1
0,42,11.217255592346191,1.1688507795333862,1.1688507795333862,10.186080932617188,11.217272758483887,0.10420113635735659,0.9999542236328125,0.10735902935266495,0.9999992847442627,0.603897213935852,0.6169882416725159,0.21597884595394135,1.6450836658477783,0.01161213032901287,0.012058913707733154,1.7966143786907196e-05,2
0,43,11.217272758483887,1.3010536432266235,1.3010536432266235,10.203621864318848,11.21712875366211,0.11598662805472089,0.9998027086257935,0.22284242510795593,0.9999995231628418,0.5958822965621948,0.5602976679801941,0.1958647072315216,0.38431787490844727,0.4984360933303833,0.03283947706222534,0.00015296600759029388,1
0,44,11.21712875366211,1.319948673248291,1.319948673248291,10.202008247375488,11.217032432556152,0.11767259717130028,0.9999380707740784,0.1248263418674469,0.9999977946281433,0.5929354429244995,0.5632466077804565,0.18648691475391388,0.31096479296684265,0.0022788180503994226,0.012739896774291992,2.9865186661481857e-05,2
0,45,11.217032432556152,1.1987966299057007,1.1987966299057007,10.185418128967285,11.216985702514648,0.10687288613219399,0.9998430013656616,0.19879156351089478,0.9999992251396179,0.5763605833053589,0.5573101043701172,0.1776110976934433,0.7154877185821533,0.013975410722196102,0.02085137367248535,0.00010860385373234749,0
0,46,11.216985702514648,1.1940901279449463,1.1940901279449463,10.175884246826172,11.216980934143066,0.10645374431361293,0.999962329864502,0.09730315953493118,0.9999985098838806,0.5752472281455994,0.544198215007782,0.1723141074180603,0.7647377848625183,0.0017328374087810516,0.00846177339553833,1.1065625585615635e-05,0
0,47,11.216980934143066,1.1934758424758911,1.1934758424758911,10.170426368713379,11.2169828414917,0.1063990256810638,0.9999907612800598,0.04830486699938774,0.9999997019767761,0.5738740563392639,0.5427902340888977,0.16992419958114624,0.7891205549240112,0.0027060890570282936,0.0031182169914245605,9.918003343045712e-07,3
0,48,11.2169828414917,1.320033311843872,1.320033311843872,10.18789291381836,11.2169771194458,0.11768167344974974,0.9998416900634766,0.1996375322341919,0.9999998807907104,0.578771710395813,0.5354515314102173,0.17141784727573395,0.37879931926727295,0.014662422239780426,0.023736000061035156,0.0001659307163208723,1
0,49,11.2169771194458,1.322873592376709,1.322873592376709,10.18604564666748,11.216951370239258,0.11793494613476295,0.9999634623527527,0.09591121971607208,0.9999984502792358,0.5715130567550659,0.5398690700531006,0.16870854794979095,0.35204586386680603,0.0006033292738720775,0.009528040885925293,2.1184561774134636e-05,0
0,50,11.216951370239258,1.0031065940856934,1.0031065940856934,10.145857810974121,11.217164993286133,0.08942773851611135,0.9998193979263306,0.213221937417984,0.9999997019767761,0.5340439081192017,0.5712548494338989,0.16208356618881226,2.033846139907837,0.273733526468277,0.03549635410308838,0.0002717473544180393,2
0,51,11.217164993286133,0.9811583161354065,0.9811583161354065,10.109682083129883,11.217207908630371,0.08746936652199234,0.999939501285553,0.12327682971954346,0.9999978542327881,0.5250944495201111,0.5542776584625244,0.1573168784379959,1.6885260343551636,0.06611620634794235,0.017507851123809814,6.3357874751091e-05,3
0,52,11.217207908630371,1.1367487907409668,1.1367487907409668,10.138260841369629,11.217081069946289,0.10133972731898526,0.9998302459716797,0.20668239891529083,0.9999993443489075,0.5513685345649719,0.5358534455299377,0.1608371138572693,0.21299481391906738,0.38585782051086426,0.0228806734085083,5.157827399671078e-05,0
0,53,11.217081069946289,1.0938352346420288,1.0938352346420288,10.154897689819336,11.217172622680664,0.09751514033117945,0.9998674988746643,0.18259091675281525,0.9999985694885254,0.5524328947067261,0.6070730686187744,0.1559855192899704,2.0234580039978027,0.5169448256492615,0.03245961666107178,0.0001296158879995346,2
0,54,11.217172622680664,1.2132571935653687,1.2132571935653687,10.09882926940918,11.217288970947266,0.10816069560275932,0.9996010065078735,0.3168676793575287,0.9999984502792358,0.546044111251831,0.5614379644393921,0.14610697329044342,1.014431357383728,0.3036485016345978,0.1007583737373352,0.00164899043738842,1
0,55,11.217288970947266,1.0034295320510864,1.0034295320510864,10.106043815612793,11.217333793640137,0.08945383636366729,0.9999361634254456,0.12677623331546783,0.9999953508377075,0.5385855436325073,0.5792868137359619,0.15205088257789612,1.9746767282485962,0.13054925203323364,0.02779489755630493,0.00015131477266550064,0
0,56,11.217333793640137,1.1710412502288818,1.1710412502288818,10.069337844848633,11.217327117919922,0.10439568544290125,0.9999076724052429,0.15254703164100647,0.9999991655349731,0.5463383793830872,0.5372051000595093,0.1399664580821991,1.2254804372787476,0.10495501756668091,0.04110652208328247,0.00027744565159082413,1
0,57,11.217327117919922,0.9900050163269043,0.9900050163269043,10.084701538085938,11.217354774475098,0.08825676615468848,0.9999270439147949,0.13548286259174347,0.9999989867210388,0.5373205542564392,0.5731876492500305,0.14944124221801758,1.9749093055725098,0.10258142650127411,0.03493613004684448,0.0002264445647597313,2
0,58,11.217354774475098,0.9901806116104126,0.9901806116104126,10.110036849975586,11.217385292053223,0.08827220245039873,0.9999667406082153,0.09133495390415192,0.9999991655349731,0.5413734316825867,0.5565617680549622,0.1489497870206833,1.9228870868682861,0.032597243785858154,0.021413028240203857,8.163787424564362e-05,3
0,59,11.217385292053223,1.1151926517486572,1.1151926517486572,10.145403861999512,11.217190742492676,0.09941645247210129,0.999803900718689,0.22216427326202393,0.9999995231628418,0.5705360770225525,0.5184804201126099,0.15708109736442566,0.407739520072937,0.29536575078964233,0.018909931182861328,9.783497080206871e-05,3
0,60,11.217190742492676,1.0822943449020386,1.0822943449020386,10.164145469665527,11.217211723327637,0.09648532950430438,0.9998874068260193,0.16836200654506683,0.9999985098838806,0.5685617923736572,0.5827600955963135,0.15931391716003418,1.8906664848327637,0.562301754951477,0.034793198108673096,0.00014905352145433426,3
0,61,11.217211723327637,1.1531908512115479,1.1531908512115479,10.165122032165527,11.21708869934082,0.1028054814025966,0.9997667670249939,0.24218913912773132,0.9999988079071045,0.5649178624153137,0.5549687743186951,0.1591990739107132,1.7277147769927979,0.18850243091583252,0.067463219165802,0.001032557338476181,3
0,62,11.21708869934082,1.169152855873108,1.169152855873108,10.15739631652832,11.217010498046875,0.10422961672236879,0.9999234676361084,0.13874946534633636,0.999997615814209,0.5674684047698975,0.5515677332878113,0.15810836851596832,1.6300841569900513,0.0041202399879693985,0.032302677631378174,0.0002857837826013565,0
0,63,11.217010498046875,1.1190980672836304,1.1190980672836304,10.185907363891602,11.217063903808594,0.09976794329277748,0.9998972415924072,0.16088689863681793,0.9999991655349731,0.578696072101593,0.5994346737861633,0.15127095580101013,1.7735170125961304,0.20498064160346985,0.04801309108734131,0.00042589474469423294,3
0,64,11.217063903808594,1.1137065887451172,1.1137065887451172,10.1967191696167,11.217094421386719,0.09928681857352832,0.9999740123748779,0.08095376193523407,0.9999990463256836,0.5743321776390076,0.6056220531463623,0.14943844079971313,1.8591958284378052,0.02823496237397194,0.020390331745147705,9.258883073925972e-05,3
0,65,11.217094421386719,1.095977544784546,1.095977544784546,10.202581405639648,11.217120170593262,0.09770601045266544,0.9999914169311523,0.04618072509765625,0.9999996423721313,0.5701521635055542,0.6344462037086487,0.1527441293001175,1.9257339239120483,0.01068672351539135,0.008137941360473633,2.0192237570881844e-05,0
0,66,11.217120170593262,1.3461871147155762,1.3461871147155762,10.245698928833008,11.217105865478516,0.12001182961779554,0.9995818734169006,0.32432985305786133,1.0,0.565509021282196,0.5866093039512634,0.16706256568431854,0.37735530734062195,0.5589068531990051,0.058181047439575195,0.0013480540364980698,0
0,67,11.217105865478516,1.1370371580123901,1.1370371580123901,10.192380905151367,11.217131614685059,0.10136635703080125,0.9997462034225464,0.25269362330436707,0.9999956488609314,0.5821732878684998,0.6304956078529358,0.18341831862926483,1.0448335409164429,0.031629275530576706,0.08036667108535767,0.0009411713108420372,1
0,68,11.217131614685059,1.2193760871887207,1.2193760871887207,10.21052074432373,11.217124938964844,0.10870658641397754,0.9998745322227478,0.17766083776950836,0.9999979734420776,0.5792620182037354,0.6338154077529907,0.18834328651428223,0.3076716959476471,0.03904588520526886,0.03888362646102905,0.0002595908008515835,3
0,69,11.217124938964844,1.1539686918258667,1.1539686918258667,10.18919849395752,11.217111587524414,0.10287562081236469,0.9999480247497559,0.11437270045280457,0.999998927116394,0.5854569673538208,0.6311823725700378,0.19461886584758759,0.1193627417087555,0.004738230258226395,0.015426814556121826,4.035350866615772e-05,0
0,70,11.217111587524414,1.1193827390670776,1.1193827390670776,10.1748685836792,11.217153549194336,0.09979242252631654,0.9997721314430237,0.23946209251880646,0.9999995231628418,0.5863020420074463,0.6584693789482117,0.20228949189186096,0.6962367296218872,0.029713459312915802,0.06610983610153198,0.0007349895313382149,1
0,71,11.217153549194336,1.181596279144287,1.181596279144287,10.180684089660645,11.217103004455566,0.10533833507424478,0.9999273419380188,0.13529321551322937,0.9999982714653015,0.5878168940544128,0.6317487359046936,0.1992805153131485,0.08827731013298035,0.03428230434656143,0.02683037519454956,0.00010975543409585953,2
0,72,11.217103004455566,1.0561493635177612,1.0561493635177612,10.177248001098633,11.217222213745117,0.0941552701351005,0.9999206066131592,0.14136214554309845,0.999999463558197,0.5906897187232971,0.6713985204696655,0.19648431241512299,1.9098231792449951,0.30210161209106445,0.024666547775268555,0.0001503671519458294,2
0,73,11.217222213745117,1.1653085947036743,1.1653085947036743,10.164265632629395,11.217198371887207,0.10388566549709194,0.9999175071716309,0.14404349029064178,0.9999992251396179,0.5866464376449585,0.6773994565010071,0.20731456577777863,1.085961937904358,0.12078031897544861,0.02112436294555664,9.328918531537056e-05,2
0,74,11.217198371887207,1.1053003072738647,1.1053003072738647,10.158036231994629,11.217324256896973,0.09853621828102756,0.9998900294303894,0.16628269851207733,0.9999991655349731,0.5982694029808044,0.654287576675415,0.2200571447610855,1.1266555786132812,0.01423685997724533,0.03744959831237793,0.00021678674966096878,0
0,75,11.217324256896973,1.1571743488311768,1.1571743488311768,10.17453384399414,11.217192649841309,0.10315957017286792,0.9999191164970398,0.1425974816083908,0.9999989867210388,0.6053203344345093,0.6187905073165894,0.22981497645378113,1.1518447399139404,0.0759684145450592,0.01887059211730957,5.0676288083195686e-05,0
0,76,11.217192649841309,1.1550530195236206,1.1550530195236206,10.207508087158203,11.217184066772461,0.10297166640353292,0.9999334216117859,0.12933935225009918,0.9999994039535522,0.6129633784294128,0.6294291019439697,0.23671309649944305,0.7259568572044373,0.10754221677780151,0.01908242702484131,8.50781798362732e-05,0
0,77,11.217184066772461,1.1360830068588257,1.1360830068588257,10.199203491210938,11.217241287231445,0.1012805887909186,0.9999613165855408,0.0986371710896492,0.999999463558197,0.6098589301109314,0.6364843845367432,0.24879074096679688,1.2358124256134033,0.027451906353235245,0.009287774562835693,2.0719366148114204e-05,0
0,78,11.217241287231445,1.1360396146774292,1.1360396146774292,10.196877479553223,11.217267990112305,0.10127620379982197,0.9999905228614807,0.04925057291984558,0.9999997019767761,0.6098589301109314,0.6364843845367432,0.24879074096679688,1.2374205589294434,1.6297417460009456e-07,0.0044893622398376465,3.993860445916653e-06,3
0,79,11.217267990112305,1.1033523082733154,1.1033523082733154,10.182039260864258,11.217246055603027,0.0983619459966445,0.9999712705612183,0.0851992517709732,0.9999998807907104,0.6098062992095947,0.6353619694709778,0.25534456968307495,1.360425591468811,0.0023057456128299236,0.012349188327789307,3.434973768889904e-05,1
0,80,11.217246055603027,1.1221320629119873,1.1221320629119873,10.174551963806152,11.21727180480957,0.10003632418774312,0.9999546408653259,0.10667682439088821,0.9999997019767761,0.6135697960853577,0.6541754603385925,0.2453920990228653,2.1274476051330566,0.13048185408115387,0.014455139636993408,5.565467290580273e-05,2
0,81,11.21727180480957,1.152099370956421,1.152099370956421,10.180816650390625,11.217301368713379,0.10270762722023383,0.999981164932251,0.06854209303855896,0.9999994039535522,0.6088743805885315,0.6539104580879211,0.24635888636112213,2.0626466274261475,0.006664398591965437,0.0066877007484436035,4.622619599103928e-06,2
0,82,11.217301368713379,1.14008629322052,1.14008629322052,10.184816360473633,11.217314720153809,0.10163641465498824,0.9999868869781494,0.05737542733550072,0.9999997615814209,0.6184743046760559,0.6426110863685608,0.2477816939353943,1.958171010017395,0.055860161781311035,0.009234309196472168,2.6518013328313828e-05,0
0,83,11.217314720153809,1.1551942825317383,1.1551942825317383,10.198033332824707,11.217314720153809,0.10298313913366769,0.9999897480010986,0.05039646849036217,0.9999997615814209,0.6284351944923401,0.6227179765701294,0.25435036420822144,1.8890531063079834,0.02262014150619507,0.0013116002082824707,5.284673534333706e-07,0
0,84,11.217314720153809,1.1551965475082397,1.1551965475082397,10.204344749450684,11.21731185913086,0.10298334105155606,0.9999972581863403,0.025998558849096298,0.9999998807907104,0.6284351944923401,0.6227179765701294,0.25435036420822144,1.8890025615692139,2.3037500795908272e-08,0.0004451870918273926,-3.8045982364565134e-08,3
0,85,11.21731185913086,1.1883819103240967,1.1883819103240967,10.18001937866211,11.21727466583252,0.10594177332751582,0.9999244213104248,0.13779866695404053,0.9999999403953552,0.6303896307945251,0.5992712378501892,0.24744081497192383,0.46339234709739685,0.18834327161312103,0.02131485939025879,0.00010486366227269173,3
0,86,11.21727466583252,1.170301079750061,1.170301079750061,10.141294479370117,11.217254638671875,0.10433025085092752,0.9999496936798096,0.11253779381513596,0.9999993443489075,0.6160445809364319,0.6162371039390564,0.23797206580638885,0.8992384672164917,0.016563815996050835,0.009364068508148193,2.426037099212408e-05,1
0,87,11.217254638671875,1.1660747528076172,1.1660747528076172,10.18267822265625,11.217255592346191,0.10395366695051514,0.9999524354934692,0.10955703258514404,0.9999995231628418,0.6057087182998657,0.6237107515335083,0.21863320469856262,1.6414231061935425,0.04977012425661087,0.009381592273712158,2.4192500859498978e-05,2
0,88,11.217255592346191,1.30454683303833,1.30454683303833,10.20450496673584,11.217113494873047,0.11629821771454102,0.9997777342796326,0.23652838170528412,0.9999994039535522,0.5974497199058533,0.5672054290771484,0.19867821037769318,0.3475489616394043,0.5105822086334229,0.03604942560195923,0.00018665287643671036,0
0,89,11.217113494873047,1.0340659618377686,1.0340659618377686,10.155159950256348,11.217309951782227,0.09218645797873082,0.9998323917388916,0.20546826720237732,0.9999973773956299,0.564288854598999,0.6155990362167358,0.1863962560892105,1.9106249809265137,0.2175222635269165,0.056783974170684814,0.00045895902439951897,2
0,90,11.217309951782227,1.0198814868927002,1.0198814868927002,10.127230644226074,11.217400550842285,0.09092032682315777,0.9999560117721558,0.1053200289607048,0.9999982118606567,0.5588679909706116,0.5998567938804626,0.1815144121646881,1.9706982374191284,0.01182679645717144,0.017152249813079834,4.1772727854549885e-05,2
0,91,11.217400550842285,1.011808156967163,1.011808156967163,10.11544418334961,11.217438697814941,0.0901998776259433,0.9999845027923584,0.06263979524374008,0.9999996423721313,0.557446300983429,0.5844708681106567,0.1765621155500412,2.0139455795288086,0.006678204983472824,0.00902557373046875,8.66700429469347e-06,2
0,92,11.217438697814941,1.0095323324203491,1.0095323324203491,10.113812446594238,11.217449188232422,0.08999668815814409,0.9999944567680359,0.037282172590494156,0.9999998211860657,0.555676281452179,0.5823751091957092,0.17535138130187988,2.015120506286621,0.01229582168161869,0.00590592622756958,7.477821782231331e-06,1
0,93,11.217449188232422,1.3265115022659302,1.3265115022659302,10.169692993164062,11.217175483703613,0.11825429115003229,0.9997493028640747,0.25121745467185974,0.9999998807907104,0.5789197683334351,0.5415879487991333,0.17848800122737885,0.33835503458976746,0.2440851330757141,0.04673510789871216,0.00040054507553577423,1
0,94,11.217175483703613,1.3287353515625,1.3287353515625,10.185474395751953,11.217034339904785,0.11845543055762081,0.9999359846115112,0.12689772248268127,0.9999973773956299,0.5725950598716736,0.5472894310951233,0.17735251784324646,0.31819799542427063,0.0005229092203080654,0.009577453136444092,2.1351734176278114e-05,0
0,95,11.217034339904785,1.0056427717208862,1.0056427717208862,10.14283561706543,11.217203140258789,0.08965317759109424,0.9998685121536255,0.18188507854938507,0.9999992847442627,0.5355520844459534,0.5797994136810303,0.1712389439344406,2.017151355743408,0.26749318838119507,0.03644227981567383,0.00029049627482891083,2
0,96,11.217203140258789,0.9817196726799011,0.9817196726799011,10.108247756958008,11.2172269821167,0.087519113312345,0.9999504685401917,0.1117258071899414,0.9999984502792358,0.5265948176383972,0.560820460319519,0.16597922146320343,1.6940940618515015,0.06407509744167328,0.01783376932144165,5.231006070971489e-05,2
0,97,11.2172269821167,0.9924380779266357,0.9924380779266357,10.094613075256348,11.217333793640137,0.08847445803752131,0.9999713897705078,0.0848635584115982,0.9999996423721313,0.5279598832130432,0.5870628356933594,0.16143546998500824,1.958277702331543,0.09329836070537567,0.017615795135498047,4.285876639187336e-05,1
0,98,11.217333793640137,1.3297383785247803,1.3297383785247803,10.153510093688965,11.21711254119873,0.11854317638998126,0.9998220801353455,0.21155862510204315,0.9999997615814209,0.5642169117927551,0.5469776391983032,0.16312359273433685,0.2973349690437317,0.24905747175216675,0.03279280662536621,0.00023493729531764984,3
0,99,11.21711254119873,1.091725468635559,1.091725468635559,10.157303810119629,11.217187881469727,0.09732678214877663,0.9998955130577087,0.16212573647499084,0.9999979734420776,0.5277422666549683,0.6097429990768433,0.16425266861915588,1.9764108657836914,0.5896104574203491,0.02174532413482666,8.34150705486536e-05,1
0,100,11.217187881469727,1.0910104513168335,1.0910104513168335,10.161788940429688,11.217215538024902,0.09726238544324751,0.9999696016311646,0.08720222860574722,0.9999987483024597,0.5289719700813293,0.6000062227249146,0.1603335589170456,1.9537791013717651,0.004506777506321669,0.009190559387207031,2.358469646424055e-05,3
0,101,11.217215538024902,1.2754889726638794,1.2754889726638794,10.079126358032227,11.217107772827148,0.11370816298752018,0.9997543096542358,0.24857567250728607,0.9999997615814209,0.5449586510658264,0.5449592471122742,0.15383142232894897,1.4682073593139648,0.28199759125709534,0.07245737314224243,0.0010855058208107948,3
0,102,11.217107772827148,1.3067408800125122,1.3067408800125122,10.107982635498047,11.216973304748535,0.11649534857621882,0.9998416900634766,0.1995503455400467,0.999997615814209,0.5552681088447571,0.5578412413597107,0.15259845554828644,1.5007944107055664,0.020043011754751205,0.042040884494781494,0.00042798276990652084,2
0,103,11.216973304748535,1.2121949195861816,1.2121949195861816,10.070652961730957,11.217041969299316,0.10806791517218084,0.9999273419380188,0.1352817863225937,0.9999984502792358,0.5480849146842957,0.5382300615310669,0.15114489197731018,1.595010757446289,0.017403636127710342,0.0330357551574707,0.00023980485275387764,3
0,104,11.217041969299316,1.2728796005249023,1.2728796005249023,10.109070777893066,11.216968536376953,0.11347729677830688,0.9999041557312012,0.15530113875865936,0.9999994039535522,0.561660647392273,0.539678692817688,0.150852233171463,1.5987358093261719,0.015749366953969002,0.040813565254211426,0.00033097807317972183,1
0,105,11.216968536376953,1.3007668256759644,1.3007668256759644,10.12340259552002,11.216917991638184,0.11596420382722301,0.9999715685844421,0.08461587131023407,0.9999992251396179,0.5607870817184448,0.5379475951194763,0.15395714342594147,1.4507064819335938,0.013632943853735924,0.017973244190216064,7.329694926738739e-05,3
0,106,11.216917991638184,1.32415771484375,1.32415771484375,10.126720428466797,11.21687126159668,0.1180500486703088,0.9999884366989136,0.05382007732987404,0.9999998211860657,0.5712819695472717,0.5383307337760925,0.1599881798028946,1.3351027965545654,0.0034952443093061447,0.009612679481506348,2.4463515728712082e-05,1
0,107,11.21687126159668,1.328210711479187,1.328210711479187,10.126514434814453,11.216837882995605,0.11841187087763021,0.9999955296516418,0.03326522186398506,1.0,0.5734554529190063,0.5334210991859436,0.15976768732070923,1.2735540866851807,0.0021412591449916363,0.004226326942443848,4.49910294264555e-06,0
0,108,11.216837882995605,1.2021359205245972,1.2021359205245972,10.137426376342773,11.21688175201416,0.10717244316662539,0.9996976852416992,0.27578628063201904,1.0,0.5667537450790405,0.5440359115600586,0.15338529646396637,1.478324294090271,0.009843040257692337,0.07614564895629883,0.0012335265055298805,1
0,109,11.21688175201416,1.3564300537109375,1.3564300537109375,10.12118911743164,11.216850280761719,0.1209275522109672,0.9998708963394165,0.18023711442947388,0.9999974966049194,0.5696023106575012,0.553385317325592,0.15513327717781067,1.0760753154754639,0.028394006192684174,0.04496961832046509,0.0006357186939567327,0
0,110,11.216850280761719,1.3144646883010864,1.3144646883010864,10.11274528503418,11.21684741973877,0.11718661258727466,0.9996919631958008,0.2784329950809479,0.9999988079071045,0.5583584904670715,0.5717876553535461,0.1547299474477768,0.9457069635391235,0.00385228730738163,0.0853920578956604,0.0013726158067584038,3
0,111,11.21684741973877,1.3704535961151123,1.3704535961151123,10.090692520141602,11.216814994812012,0.12217814371830235,0.9998917579650879,0.16502943634986877,0.9999974966049194,0.5569266080856323,0.5862710475921631,0.16424232721328735,0.6421293020248413,0.008815735578536987,0.043966472148895264,0.00036029890179634094,2
0,112,11.216814994812012,1.076500415802002,1.076500415802002,10.16943359375,11.21703052520752,0.09597202203120081,0.9995414018630981,0.33970221877098083,0.9999991655349731,0.5731503963470459,0.676648736000061,0.1795605570077896,2.088550567626953,0.4904928207397461,0.09187078475952148,0.00203869491815567,0
0,113,11.21703052520752,1.1435552835464478,1.1435552835464478,10.162081718444824,11.217023849487305,0.10194812976362935,0.9998273849487305,0.20842289924621582,0.9999955892562866,0.579720675945282,0.6048623323440552,0.18673846125602722,0.02912965789437294,0.6770445108413696,0.044300079345703125,0.0003082733601331711,1
0,114,11.217023849487305,1.0760327577590942,1.0760327577590942,10.195645332336426,11.21715259552002,0.09592854327471867,0.9998843669891357,0.17058177292346954,0.9999985694885254,0.5852996706962585,0.7132006287574768,0.19708730280399323,2.2106428146362305,0.6044193506240845,0.030404329299926758,0.0002720784395933151,3
0,115,11.21715259552002,1.125101089477539,1.125101089477539,10.17004108428955,11.21706485748291,0.10030184397481491,0.999871015548706,0.18016621470451355,0.9999986886978149,0.5798271298408508,0.639104962348938,0.20152947306632996,0.2706851065158844,0.5266496539115906,0.02694869041442871,0.0002350062131881714,1
0,116,11.21706485748291,1.2346302270889282,1.2346302270889282,10.150283813476562,11.217034339904785,0.11006713813064081,0.9998572468757629,0.18953198194503784,0.9999985694885254,0.5862599611282349,0.6463437676429749,0.20086629688739777,0.28380483388900757,0.0004253245424479246,0.026684045791625977,0.00018363259732723236,1
0,117,11.217034339904785,1.0932834148406982,1.0932834148406982,10.159992218017578,11.217120170593262,0.09746635177457953,0.9999340772628784,0.1288788765668869,0.9999986886978149,0.5910332798957825,0.641921877861023,0.19969598948955536,1.2507151365280151,0.10986647009849548,0.02352142333984375,0.0001955125480890274,1
0,118,11.217120170593262,1.236440896987915,1.236440896987915,10.171602249145508,11.217084884643555,0.11022801558544068,0.9999315738677979,0.1312689334154129,0.9999992847442627,0.5926255583763123,0.6673237085342407,0.2084805816411972,1.0482099056243896,0.03346747159957886,0.0165712833404541,5.5267708376049995e-05,2
0,119,11.217084884643555,1.1537399291992188,1.1537399291992188,10.161450386047363,11.217184066772461,0.10285559403929581,0.9998651742935181,0.1841813623905182,0.9999992251396179,0.5967386960983276,0.634765625,0.22055676579475403,0.6947612762451172,0.018069393932819366,0.036536455154418945,0.0003327110316604376,0
0,120,11.217184066772461,1.1038541793823242,1.1038541793823242,10.164286613464355,11.217145919799805,0.09840742318316419,0.9998582601547241,0.18892499804496765,0.9999988675117493,0.6057218909263611,0.654488742351532,0.22867470979690552,1.1764769554138184,0.4384726881980896,0.03860664367675781,0.00026011234149336815,2
0,121,11.217145919799805,1.1180534362792969,1.1180534362792969,10.217187881469727,11.217171669006348,0.099673610762768,0.9999034404754639,0.1559312492609024,0.9999987483024597,0.6101415157318115,0.6096897721290588,0.23641298711299896,0.287540078163147,0.5206874012947083,0.014397978782653809,3.435206599533558e-05,2
0,122,11.217171669006348,1.060349702835083,1.060349702835083,10.194188117980957,11.217280387878418,0.09452914996075941,0.9999408721923828,0.12185467779636383,0.9999992847442627,0.6075926423072815,0.6431698203086853,0.24312005937099457,1.6969425678253174,0.15887585282325745,0.014221906661987305,6.110407412052155e-05,0
0,123,11.217280387878418,1.078165888786316,1.078165888786316,10.181952476501465,11.21725845336914,0.09611651411971481,0.9999610781669617,0.09882546216249466,0.9999995231628418,0.6073636412620544,0.6322376132011414,0.24391788244247437,1.5653254985809326,0.0054461052641272545,0.007649481296539307,1.385051291435957e-05,1
0,124,11.21725845336914,1.1121597290039062,1.1121597290039062,10.17109203338623,11.21727180480957,0.09914719658348119,0.999974250793457,0.08048146963119507,0.9999996423721313,0.6116580963134766,0.6576492190361023,0.24608439207077026,2.1193084716796875,0.10937106609344482,0.012235939502716064,2.5236746296286583e-05,2
0,125,11.21727180480957,1.1418569087982178,1.1418569087982178,10.176168441772461,11.21729564666748,0.10179452978117458,0.9999862313270569,0.05870470404624939,0.9999997615814209,0.6102418303489685,0.658532440662384,0.24869252741336823,2.065579891204834,0.00403436366468668,0.008087992668151855,1.5230791177600622e-05,3
0,126,11.21729564666748,1.1321489810943604,1.1321489810943604,10.180542945861816,11.217307090759277,0.10092887062584535,0.9999886155128479,0.053177446126937866,0.9999997615814209,0.620113730430603,0.6482173800468445,0.2505587041378021,1.9463294744491577,0.051662396639585495,0.010492265224456787,1.861387863755226e-05,3
0,127,11.217307090759277,1.1338220834732056,1.1338220834732056,10.193455696105957,11.217310905456543,0.10107792131386316,0.9999879598617554,0.05513957515358925,0.9999998807907104,0.6273473501205444,0.6239120960235596,0.24971430003643036,1.8395106792449951,0.036447923630476,0.004813671112060547,3.7228455767035484e-06,0
0,128,11.217310905456543,1.148721694946289,1.148721694946289,10.175271987915039,11.217309951782227,0.10240615639774284,0.9999455213546753,0.11729668080806732,1.0,0.631176769733429,0.6141232848167419,0.2439412921667099,0.6856546401977539,0.13395501673221588,0.013968825340270996,3.806082531809807e-05,0
0,129,11.217309951782227,1.1642115116119385,1.1642115116119385,10.160625457763672,11.217293739318848,0.10378705024790426,0.9999785423278809,0.0736156776547432,0.999999463558197,0.6225530505180359,0.6236624121665955,0.23861612379550934,0.8632881045341492,0.004519603215157986,0.0056220293045043945,5.6970748119056225e-06,3
0,130,11.217293739318848,1.2210537195205688,1.2210537195205688,10.15898609161377,11.217232704162598,0.10885457293861642,0.9999769926071167,0.0760694071650505,0.9999997615814209,0.619181215763092,0.614172637462616,0.23399734497070312,0.7337063550949097,0.0018182750791311264,0.010133206844329834,2.189725637435913e-05,3
1,0,0.0,1.1286921501159668,1.1286921501159668,9.40307331085205,11.213308334350586,1128692150.1159668,nan,nan,nan,0.5951510071754456,0.5554916262626648,0.19650810956954956,2.7721738815307617,nan,nan,nan,0
1,1,11.213308334350586,1.0722161531448364,1.0722161531448364,10.674599647521973,11.21602725982666,0.09561996523900396,0.9699296355247498,2.750244379043579,0.8087165355682373,0.5635833740234375,0.6008361577987671,0.1845291703939438,1.786806344985962,0.23457029461860657,0.14476105570793152,0.0003148452378809452,3
1,2,11.21602725982666,1.134214162826538,1.134214162826538,10.734587669372559,11.216634750366211,0.10112441210704289,0.9909376502037048,1.5100350379943848,0.9995908737182617,0.5817235112190247,0.5371730923652649,0.1872301995754242,0.19406631588935852,0.30883073806762695,0.08639109134674072,0.0001451533753424883,1
1,3,11.216634750366211,1.0990486145019531,1.0990486145019531,10.565333366394043,11.217000961303711,0.09798381056012102,0.9977809190750122,0.7472490668296814,0.999881386756897,0.5482138395309448,0.5972486138343811,0.18062566220760345,1.891993522644043,0.621665894985199,0.052103519439697266,4.717125557363033e-05,2
1,4,11.217000961303711,1.3221598863601685,1.3221598863601685,10.435391426086426,11.216971397399902,0.11787106829368575,0.9990077614784241,0.49968221783638,0.9999723434448242,0.583050012588501,0.5263100266456604,0.1738406866788864,0.34754571318626404,0.5751771330833435,0.03251945972442627,6.42694067209959e-05,2
1,5,11.216971397399902,1.1821155548095703,1.1821155548095703,10.331611633300781,11.216973304748535,0.1053863394074077,0.9995786547660828,0.32559001445770264,0.9999864101409912,0.570522665977478,0.5348469018936157,0.168833389878273,0.8863135576248169,0.028057435527443886,0.02882540225982666,6.607919931411743e-05,0
1,6,11.216973304748535,1.1844747066497803,1.1844747066497803,10.269831657409668,11.216985702514648,0.1055966413103926,0.9998646974563599,0.18455813825130463,0.9999951124191284,0.563906729221344,0.5359207987785339,0.16457271575927734,0.8958499431610107,0.0022184362169355154,0.01353377103805542,5.138572305440903e-06,1
1,7,11.216985702514648,1.179672122001648,1.179672122001648,10.231366157531738,11.217001914978027,0.1051683717254972,0.9999552965164185,0.10603554546833038,0.9999983906745911,0.5550974607467651,0.5219669342041016,0.15943025052547455,0.98243647813797,0.010088403709232807,0.006989955902099609,9.395880624651909e-07,3
1,8,11.217001914978027,1.2926983833312988,1.2926983833312988,10.220040321350098,11.216997146606445,0.11524455403766694,0.9998560547828674,0.19033671915531158,0.9999994039535522,0.5569265484809875,0.49640220403671265,0.15699508786201477,0.6175510883331299,0.0204110499471426,0.02467644214630127,0.00016069761477410793,2
1,9,11.216997146606445,1.1827014684677124,1.1827014684677124,10.191619873046875,11.21699047088623,0.10543833193588029,0.9999396800994873,0.12315008044242859,0.9999983310699463,0.5497781038284302,0.5320876836776733,0.15032325685024261,0.8898608088493347,0.019878054037690163,0.013617277145385742,5.243450868874788e-05,2
1,10,11.21699047088623,1.0893102884292603,1.0893102884292603,10.189619064331055,11.217164039611816,0.09711252686329475,0.9998847246170044,0.1703481823205948,0.9999994039535522,0.5602325201034546,0.5998789668083191,0.1565207540988922,1.7146872282028198,0.40821248292922974,0.017332017421722412,6.677163764834404e-05,2
1,11,11.217164039611816,1.0885810852050781,1.0885810852050781,10.190800666809082,11.217231750488281,0.09704601638711079,0.9999666810035706,0.09149767458438873,0.9999987483024597,0.5681828856468201,0.5784119367599487,0.1585303097963333,1.9886844158172607,0.03158412128686905,0.009145915508270264,1.9443919882178307e-05,3
1,12,11.217231750488281,1.0758512020111084,1.0758512020111084,10.188176155090332,11.217260360717773,0.09591057989546102,0.9999828934669495,0.06540317833423615,0.9999995827674866,0.5629855990409851,0.5854642391204834,0.15497080981731415,1.9347373247146606,0.02340543270111084,0.00684434175491333,1.1197582352906466e-05,2
1,13,11.217260360717773,1.0800203084945679,1.0800203084945679,10.169964790344238,11.217208862304688,0.0962820041403995,0.9999809265136719,0.06928519904613495,0.9999998807907104,0.5666229128837585,0.5574756860733032,0.15311184525489807,1.9138679504394531,0.057322487235069275,0.00972217321395874,1.5628989785909653e-05,3
1,14,11.217208862304688,1.0565329790115356,1.0565329790115356,10.171464920043945,11.21723461151123,0.0941885804196803,0.9999915957450867,0.04605719819664955,0.9999998211860657,0.5620077848434448,0.5853285193443298,0.15289483964443207,1.97954261302948,0.055162496864795685,0.006708502769470215,5.824083928018808e-06,1
1,15,11.21723461151123,1.0511113405227661,1.0511113405227661,10.18438720703125,11.217276573181152,0.09370503309649117,0.999982476234436,0.06644733995199203,0.9999998807907104,0.5673024654388428,0.5680074095726013,0.15315277874469757,1.8672504425048828,0.03724868968129158,0.008365988731384277,1.7942627891898155e-05,2
1,16,11.217276573181152,1.0683702230453491,1.0683702230453491,10.192346572875977,11.21727466583252,0.0952432808512241,0.9999913573265076,0.046822089701890945,0.9999998807907104,0.5793418884277344,0.5600005984306335,0.1566709727048874,2.0720181465148926,0.04379476606845856,0.006871044635772705,1.0884832590818405e-05,2
1,17,11.21727466583252,1.0948436260223389,1.0948436260223389,10.199064254760742,11.21724796295166,0.09760335363430117,0.9999935626983643,0.04040394350886345,1.0,0.5792767405509949,0.5605118274688721,0.16056491434574127,1.9667513370513916,0.027605559676885605,0.0055345892906188965,3.090652171522379e-06,1
1,18,11.21724796295166,1.1262978315353394,1.1262978315353394,10.208948135375977,11.217205047607422,0.10040767889372484,0.9999938011169434,0.0394136905670166,1.0,0.587831437587738,0.5659704208374023,0.1655595749616623,1.93020761013031,0.005281616933643818,0.004151880741119385,6.370071787387133e-06,2
1,19,11.217205047607422,1.1341215372085571,1.1341215372085571,10.21505355834961,11.217156410217285,0.10110553675315581,0.9999942779541016,0.038184575736522675,0.9999998807907104,0.5888265371322632,0.5668667554855347,0.1651885062456131,1.9258562326431274,0.010440954938530922,0.0047051310539245605,7.71449413150549e-06,0
1,20,11.217156410217285,1.1196256875991821,1.1196256875991821,10.207176208496094,11.217144966125488,0.09981368242127366,0.9999918937683105,0.04510309547185898,0.9999998807907104,0.5866098999977112,0.5634166598320007,0.155999094247818,1.919394850730896,0.04329535737633705,0.00547260046005249,5.253707058727741e-06,0
1,21,11.217144966125488,1.1142059564590454,1.1142059564590454,10.189275741577148,11.217162132263184,0.0993306193174664,0.9999798536300659,0.07123924791812897,0.9999999403953552,0.5834665298461914,0.5657421946525574,0.15451472997665405,1.8568477630615234,0.029995454475283623,0.017007112503051758,5.456572398543358e-05,1
1,22,11.217162132263184,1.111403465270996,1.111403465270996,10.188395500183105,11.217161178588867,0.09908062771726724,0.9999933242797852,0.04135248064994812,0.9999998211860657,0.5808362364768982,0.5898767709732056,0.1568385809659958,1.8882821798324585,0.009801823645830154,0.002679586410522461,1.8166610971093178e-06,0
1,23,11.217161178588867,1.1079747676849365,1.1079747676849365,10.178604125976562,11.217164039611816,0.09877497078314436,0.999988317489624,0.05439375713467598,0.9999999403953552,0.5754803419113159,0.5983551144599915,0.16392634809017181,1.7286715507507324,0.02917114645242691,0.007961511611938477,9.819515980780125e-06,3
1,24,11.217164039611816,1.1039495468139648,1.1039495468139648,10.16653823852539,11.217164039611816,0.0984161008001242,0.9999896287918091,0.0511273518204689,0.9999998211860657,0.5790156722068787,0.6184237003326416,0.17894761264324188,1.5511506795883179,0.014064653776586056,0.0009674429893493652,1.1042720871046185e-07,3
1,25,11.217164039611816,1.1072763204574585,1.1072763204574585,10.158151626586914,11.217175483703613,0.09871267965300944,0.9999834299087524,0.06450045853853226,1.0,0.5801473259925842,0.6463393568992615,0.1887538880109787,1.4916514158248901,0.008131790906190872,0.008111059665679932,1.554517075419426e-05,1
1,26,11.217175483703613,1.117875099182129,1.117875099182129,10.124825477600098,11.217159271240234,0.09965744948950699,0.9999632835388184,0.09604103863239288,0.9999998807907104,0.5868911743164062,0.643684983253479,0.1950460970401764,0.7373526692390442,0.04662247374653816,0.009834349155426025,2.995203249156475e-05,0
1,27,11.217159271240234,1.1304208040237427,1.1304208040237427,10.13354778289795,11.217167854309082,0.10077603221004784,0.999963641166687,0.09561782330274582,0.9999995827674866,0.5833299160003662,0.6558063626289368,0.20006461441516876,0.8982572555541992,0.001894181128591299,0.011339128017425537,2.9389280825853348e-05,1
1,28,11.217167854309082,1.1744493246078491,1.1744493246078491,10.131948471069336,11.217129707336426,0.10470105643972187,0.9999593496322632,0.10112611949443817,0.9999997615814209,0.589820921421051,0.6445263624191284,0.20108991861343384,0.2937614619731903,0.03180817514657974,0.010691344738006592,2.088933251798153e-05,0
1,29,11.217129707336426,1.1177209615707397,1.1177209615707397,10.15147876739502,11.217170715332031,0.09964411491468339,0.9999710917472839,0.08525263518095016,0.9999997019767761,0.5957154631614685,0.6548392176628113,0.2018899917602539,0.9980068206787109,0.0393865630030632,0.0035814642906188965,1.4789111446589231e-06,3
1,30,11.217170715332031,1.223410725593567,1.223410725593567,10.160603523254395,11.217144012451172,0.10906589162642993,0.9999509453773499,0.11105011403560638,0.9999996423721313,0.5958119034767151,0.6771089434623718,0.20895442366600037,0.8901349306106567,0.010946894064545631,0.007448852062225342,2.552440855652094e-05,3
1,31,11.217144012451172,1.1404469013214111,1.1404469013214111,10.176661491394043,11.217205047607422,0.1016699883727534,0.9999589323997498,0.10177090018987656,0.999999463558197,0.6018966436386108,0.6626184582710266,0.22040720283985138,1.1930557489395142,0.016014548018574715,0.007331669330596924,9.135634172707796e-06,0
1,32,11.217205047607422,1.1383353471755981,1.1383353471755981,10.182726860046387,11.217155456542969,0.10148119271639773,0.9999299645423889,0.13276903331279755,0.9999997615814209,0.6072251796722412,0.6307834386825562,0.22742219269275665,1.3626646995544434,0.12889981269836426,0.008285224437713623,1.95156317204237e-05,3
1,33,11.217155456542969,1.1296051740646362,1.1296051740646362,10.2108736038208,11.21717357635498,0.10070335375496088,0.9999356269836426,0.12721554934978485,0.9999994039535522,0.6116823554039001,0.6222832798957825,0.2331269234418869,0.6477639675140381,0.188858762383461,0.015072524547576904,3.481609746813774e-05,0
1,34,11.21717357635498,1.0986274480819702,1.0986274480819702,10.19424057006836,11.217262268066406,0.0979415572562593,0.9999516606330872,0.1101539209485054,0.9999995231628418,0.6040374636650085,0.6291609406471252,0.23982861638069153,1.3865838050842285,0.04929553344845772,0.012800455093383789,1.7510028555989265e-05,1
1,35,11.217262268066406,1.1005460023880005,1.1005460023880005,10.186894416809082,11.217251777648926,0.09811181873861177,0.9999629855155945,0.09657007455825806,0.9999997615814209,0.6017844676971436,0.6288363933563232,0.23874282836914062,1.8089358806610107,0.02140483632683754,0.01523435115814209,4.1268300265073776e-05,0
1,36,11.217251777648926,1.12332284450531,1.12332284450531,10.177641868591309,11.21728515625,0.10014242942675147,0.9999755024909973,0.07844047993421555,0.9999995827674866,0.6084306836128235,0.6457198858261108,0.24098093807697296,2.111034870147705,0.0483134463429451,0.009802699089050293,1.952960155904293e-05,2
1,37,11.21728515625,1.1504982709884644,1.1504982709884644,10.185791969299316,11.217320442199707,0.10256476990311997,0.9999880790710449,0.05478275939822197,0.9999996423721313,0.6038458943367004,0.6469544172286987,0.24296966195106506,2.055870771408081,0.006355907768011093,0.004174709320068359,4.063127562403679e-06,0
1,38,11.217320442199707,1.1357970237731934,1.1357970237731934,10.190093994140625,11.217333793640137,0.10125386268723412,0.9999887347221375,0.053145818412303925,0.9999997615814209,0.613528847694397,0.6363912224769592,0.24388094246387482,1.9586275815963745,0.060356710106134415,0.01005464792251587,2.3475615307688713e-05,1
1,39,11.217333793640137,1.1421741247177124,1.1421741247177124,10.200851440429688,11.217337608337402,0.10182224633141326,0.9999776482582092,0.07510324567556381,0.9999997615814209,0.6178097128868103,0.6002072691917419,0.2412235587835312,1.611551284790039,0.06799769401550293,0.009462714195251465,1.872517168521881e-05,1
1,40,11.217337608337402,1.1467653512954712,1.1467653512954712,10.163968086242676,11.217276573181152,0.10223150905640264,0.9999153017997742,0.1460024118423462,0.9999996423721313,0.6198031306266785,0.5906149744987488,0.23102372884750366,0.476235032081604,0.10481444001197815,0.02029198408126831,0.00011534057557582855,3
1,41,11.217276573181152,1.1348611116409302,1.1348611116409302,10.147125244140625,11.217255592346191,0.101170823794629,0.9999347925186157,0.12794598937034607,0.9999992251396179,0.6035574674606323,0.6091957092285156,0.22381199896335602,1.4329047203063965,0.07311756908893585,0.01751124858856201,6.988365203142166e-05,3
1,42,11.217255592346191,1.169120192527771,1.169120192527771,10.186225891113281,11.217272758483887,0.10422515408541554,0.9999547004699707,0.10680869221687317,0.9999992847442627,0.6034303307533264,0.6170251369476318,0.2156352996826172,1.6406972408294678,0.010067191906273365,0.011589288711547852,1.710688229650259e-05,3
1,43,11.217272758483887,1.3010519742965698,1.3010519742965698,10.203822135925293,11.21712875366211,0.11598647927256237,0.9998016357421875,0.2234637290239334,0.9999994039535522,0.5958822965621948,0.5602976679801941,0.1958647072315216,0.3843485713005066,0.4993916153907776,0.033141136169433594,0.00015586894005537033,2
1,44,11.21712875366211,1.1983468532562256,1.1983468532562256,10.19092082977295,11.217041969299316,0.1068318711118472,0.9998623132705688,0.18611279129981995,0.999997615814209,0.5806912779808044,0.5720134973526001,0.18333934247493744,0.7237194776535034,0.012475492432713509,0.018864214420318604,6.26295804977417e-05,0
1,45,11.217041969299316,1.1987173557281494,1.1987173557281494,10.182239532470703,11.217007637023926,0.1068657279707966,0.9999624490737915,0.09707862883806229,0.9999985694885254,0.5763605833053589,0.5573101043701172,0.1776110976934433,0.7168979644775391,0.002886428963392973,0.006609201431274414,3.4417607821524143e-06,1
1,46,11.217007637023926,1.1940321922302246,1.1940321922302246,10.17569351196289,11.216998100280762,0.10644837115819446,0.9999898076057434,0.05078761279582977,0.9999995231628418,0.5752472281455994,0.544198215007782,0.1723141074180603,0.7656579613685608,0.0017299277242273092,0.0031183958053588867,3.427267074584961e-07,0
1,47,11.216998100280762,1.193445086479187,1.193445086479187,10.171008110046387,11.216997146606445,0.10639612094160157,0.9999971985816956,0.026232033967971802,0.9999998807907104,0.5738740563392639,0.5427902340888977,0.16992419958114624,0.7896193861961365,0.002707286737859249,0.0015609264373779297,1.1476004146970809e-07,2
1,48,11.216997146606445,1.0838161706924438,1.0838161706924438,10.186135292053223,11.217142105102539,0.09662266616697306,0.9998277425765991,0.20815713703632355,1.0,0.572635293006897,0.6094589233398438,0.17515234649181366,1.8030815124511719,0.45871973037719727,0.026528775691986084,0.00010195886716246605,2
1,49,11.217142105102539,1.1002341508865356,1.1002341508865356,10.195015907287598,11.217172622680664,0.09808506842273601,0.9999606609344482,0.09951185435056686,0.9999982118606567,0.5706658959388733,0.5959675908088684,0.1717841625213623,2.005955696105957,0.02910098247230053,0.009446978569030762,2.1701212972402573e-05,2
1,50,11.217172622680664,1.093327522277832,1.093327522277832,10.192591667175293,11.217184066772461,0.0974690823663682,0.9999861717224121,0.05908215418457985,0.9999995827674866,0.5610653162002563,0.582602322101593,0.16806776821613312,2.08573055267334,0.05185694992542267,0.00597989559173584,1.3484270311892033e-05,3
1,51,11.217184066772461,1.04929518699646,1.04929518699646,10.153185844421387,11.217153549194336,0.09354354718174607,0.9999514818191528,0.11060500890016556,0.9999998807907104,0.5483841300010681,0.5807516574859619,0.16335557401180267,1.4601612091064453,0.10028085112571716,0.013556241989135742,3.355927765369415e-05,1
1,52,11.217153549194336,1.0777764320373535,1.0777764320373535,10.159319877624512,11.21721363067627,0.09608288121497312,0.9999805688858032,0.06992485374212265,0.9999995231628418,0.5504081845283508,0.6170184016227722,0.16020777821540833,1.9725897312164307,0.11134924739599228,0.0038654208183288574,3.269000444561243e-06,2
1,53,11.21721363067627,1.104698657989502,1.104698657989502,10.176515579223633,11.217231750488281,0.09848244799122198,0.999988317489624,0.05396947264671326,0.9999998211860657,0.5639994740486145,0.6049855351448059,0.16097155213356018,2.0377206802368164,0.050103433430194855,0.004631459712982178,4.6914792619645596e-06,2
1,54,11.217231750488281,1.1022791862487793,1.1022791862487793,10.187775611877441,11.217231750488281,0.09826659649791024,0.9999940395355225,0.03878488764166832,0.9999998807907104,0.5666542053222656,0.5994914770126343,0.16098937392234802,2.070683717727661,0.01568388193845749,0.005869090557098389,7.5750285759568214e-06,2
1,55,11.217231750488281,1.1028974056243896,1.1028974056243896,10.190693855285645,11.217226028442383,0.09832170986182763,0.9999958276748657,0.03248954936861992,0.9999999403953552,0.5678352117538452,0.5906243920326233,0.15841823816299438,2.0191586017608643,0.003958466462790966,0.003801405429840088,4.92180697619915e-06,3
1,56,11.217226028442383,1.0843677520751953,1.0843677520751953,10.165699005126953,11.217169761657715,0.09666986733847334,0.9999770522117615,0.07585408538579941,1.0,0.5610739588737488,0.5875771641731262,0.1540789008140564,1.7176233530044556,0.06957495212554932,0.011219501495361328,2.2415071725845337e-05,1
1,57,11.217169761657715,1.0661377906799316,1.0661377906799316,10.167437553405762,11.217196464538574,0.09504516855260411,0.9999923706054688,0.043798208236694336,0.9999997615814209,0.5620826482772827,0.6017549633979797,0.15476518869400024,1.9101653099060059,0.05051553621888161,0.006541609764099121,6.659654900431633e-06,0
1,58,11.217196464538574,1.0551329851150513,1.0551329851150513,10.181785583496094,11.21725082397461,0.09406387669598999,0.9999806880950928,0.06981474161148071,0.9999999403953552,0.5661283135414124,0.5821970701217651,0.15433244407176971,1.781224012374878,0.04133068397641182,0.00906825065612793,1.5742756659165025e-05,3
1,59,11.21725082397461,1.1765750646591187,1.1765750646591187,10.188453674316406,11.217096328735352,0.10488978833783648,0.9998466968536377,0.19641664624214172,0.9999997615814209,0.5647851228713989,0.5269491672515869,0.1497337967157364,0.9303141832351685,0.4209243953227997,0.024793505668640137,7.751269731670618e-05,2
1,60,11.217096328735352,1.081977128982544,1.081977128982544,10.191181182861328,11.217177391052246,0.09645786193444673,0.9999499917030334,0.1120857447385788,0.9999983310699463,0.5715504288673401,0.5858332514762878,0.1592160165309906,1.8844757080078125,0.4237462282180786,0.016753196716308594,3.623659722507e-05,1
1,61,11.217177391052246,1.1045763492584229,1.1045763492584229,10.196410179138184,11.217175483703613,0.09847186246154267,0.9999856948852539,0.059877458959817886,0.999999463558197,0.5821908116340637,0.59305340051651,0.16491781175136566,1.864810585975647,0.0067397216334939,0.010061860084533691,1.4977529644966125e-05,3
1,62,11.217175483703613,1.1723732948303223,1.1723732948303223,10.188026428222656,11.217046737670898,0.10451590924413671,0.9998717308044434,0.1796051263809204,0.9999998807907104,0.5778818130493164,0.5293996930122375,0.1592249870300293,0.7436841726303101,0.4540635347366333,0.025710582733154297,6.391061469912529e-05,3
1,63,11.217046737670898,1.271517038345337,1.271517038345337,10.189903259277344,11.217045783996582,0.11335577608633143,0.9998145699501038,0.21600441634655,0.9999984502792358,0.585076630115509,0.5294793844223022,0.15639065206050873,0.4186320900917053,0.009937770664691925,0.029283225536346436,0.00026329164393246174,0
1,64,11.217045783996582,1.0604496002197266,1.0604496002197266,10.123801231384277,11.21728229522705,0.09453911668370611,0.9996391534805298,0.3013762831687927,0.9999980926513672,0.5491591095924377,0.562839686870575,0.15353994071483612,1.546471118927002,0.1038358211517334,0.08929115533828735,0.0011438867077231407,2
1,65,11.21728229522705,1.074461579322815,1.074461579322815,10.077825546264648,11.217412948608398,0.09578626542901554,0.9998910427093506,0.16556933522224426,0.9999958276748657,0.5459067225456238,0.5900370478630066,0.15659700334072113,1.4816374778747559,0.005632927641272545,0.035789430141448975,0.0001464146189391613,2
1,66,11.217412948608398,1.0624570846557617,1.0624570846557617,10.057328224182129,11.2174711227417,0.09471498370643182,0.9999675750732422,0.09040381014347076,0.9999988079071045,0.5463436245918274,0.6141994595527649,0.1655212789773941,1.5500718355178833,0.006811156403273344,0.007167994976043701,1.7737038433551788e-06,3
1,67,11.2174711227417,1.0861725807189941,1.0861725807189941,10.104351997375488,11.217219352722168,0.09682864959794246,0.9996576309204102,0.2935435473918915,0.9999996423721313,0.5780975222587585,0.5830605626106262,0.18438194692134857,0.049018826335668564,0.16500860452651978,0.0716397762298584,0.0009643174707889557,0
1,68,11.217219352722168,1.0854698419570923,1.0854698419570923,10.155269622802734,11.217218399047852,0.0967681746986318,0.9998632073402405,0.18553437292575836,0.9999967813491821,0.5794750452041626,0.6924563050270081,0.18597520887851715,2.2390315532684326,0.5056402683258057,0.04517698287963867,0.00025720708072185516,3
1,69,11.217218399047852,1.1202164888381958,1.1202164888381958,10.128787994384766,11.217095375061035,0.09986579996813495,0.9998599886894226,0.18762286007404327,0.9999982118606567,0.5825226902961731,0.6125675439834595,0.1933611035346985,0.020085476338863373,0.5157727003097534,0.018092870712280273,2.010003663599491e-05,1
1,70,11.217095375061035,1.08993661403656,1.08993661403656,10.174315452575684,11.217187881469727,0.09716745535210619,0.999935507774353,0.12738855183124542,0.9999985694885254,0.5824045538902283,0.7164484858512878,0.1995159536600113,2.178255081176758,0.6178070306777954,0.01592344045639038,4.494423046708107e-05,1
1,71,11.217187881469727,1.2187552452087402,1.2187552452087402,10.100488662719727,11.21712589263916,0.10865069374669807,0.9997813105583191,0.23455747961997986,0.9999991655349731,0.5794755220413208,0.6295542120933533,0.19952569901943207,0.07735436409711838,0.5981177687644958,0.05690264701843262,0.0007379194721579552,3
1,72,11.21712589263916,1.1150623559951782,1.1150623559951782,10.141064643859863,11.217130661010742,0.09940713571975672,0.9999098777770996,0.15050622820854187,0.9999978542327881,0.5924843549728394,0.6518629789352417,0.19959954917430878,1.2171032428741455,0.10611194372177124,0.0301896333694458,0.00018778606317937374,3
1,73,11.217130661010742,1.2430003881454468,1.2430003881454468,10.16350269317627,11.217080116271973,0.11081268692589552,0.9999312162399292,0.13161560893058777,0.9999991655349731,0.5919320583343506,0.675433337688446,0.20820608735084534,0.9891600012779236,0.021804099902510643,0.019839763641357422,0.00011291471309959888,2
1,74,11.217080116271973,1.1552565097808838,1.1552565097808838,10.157641410827637,11.217177391052246,0.10299084055796479,0.9998866319656372,0.169045552611351,0.9999992847442627,0.5967371463775635,0.6412461996078491,0.22024312615394592,0.6616960763931274,0.01693788729608059,0.031068861484527588,0.00025424372870475054,1
1,75,11.217177391052246,1.1378345489501953,1.1378345489501953,10.16750431060791,11.217134475708008,0.10143679726932257,0.9999017715454102,0.15728427469730377,0.9999990463256836,0.6070204377174377,0.6241423487663269,0.22893497347831726,1.2643595933914185,0.15254855155944824,0.03146076202392578,0.0001858617179095745,2
1,76,11.217134475708008,1.0665441751480103,1.0665441751480103,10.188469886779785,11.217222213745117,0.09508169644018569,0.9998661875724792,0.18354278802871704,0.9999991655349731,0.607404351234436,0.6457421779632568,0.23624318838119507,1.527903437614441,0.12656748294830322,0.03601557016372681,0.000329834409058094,3
1,77,11.217222213745117,1.0984506607055664,1.0984506607055664,10.1720552444458,11.217289924621582,0.0979253722333833,0.9999192953109741,0.1424897015094757,0.9999988079071045,0.6068742275238037,0.6283277869224548,0.243595689535141,1.1637859344482422,0.021298401057720184,0.03224050998687744,0.00018667010590434074,2
1,78,11.217289924621582,1.0885348320007324,1.0885348320007324,10.17369270324707,11.217270851135254,0.0970408039121316,0.9999668002128601,0.09126335382461548,0.9999992847442627,0.6033800840377808,0.6461499333381653,0.24419458210468292,2.080059051513672,0.10548150539398193,0.01417076587677002,3.709597513079643e-05,2
1,79,11.217270851135254,1.1184051036834717,1.1184051036834717,10.168968200683594,11.217279434204102,0.09970385118856985,0.9999850988388062,0.06116047129034996,0.9999997019767761,0.6125612258911133,0.6526700258255005,0.24517078697681427,2.127765417098999,0.009066732600331306,0.005098938941955566,3.10409814119339e-06,1
1,80,11.217279434204102,1.1501649618148804,1.1501649618148804,10.178763389587402,11.217301368713379,0.10253510831759786,0.9999889135360718,0.053024258464574814,0.9999998807907104,0.6092933416366577,0.6513519287109375,0.24620959162712097,2.0724081993103027,0.0055289859883487225,0.007422804832458496,9.617593605071306e-06,0
1,81,11.217301368713379,1.1383094787597656,1.1383094787597656,10.183083534240723,11.21731185913086,0.10147801519665593,0.9999884366989136,0.05426213890314102,0.9999998807907104,0.6161917448043823,0.6414015293121338,0.24700428545475006,1.9594719409942627,0.06407126784324646,0.010981082916259766,2.2801104933023453e-05,3
1,82,11.21731185913086,1.1409308910369873,1.1409308910369873,10.194512367248535,11.21731948852539,0.10171161374177833,0.999974250793457,0.08063201606273651,0.9999998211860657,0.6218653321266174,0.6054762005805969,0.24524083733558655,1.562997579574585,0.0770917609333992,0.01076650619506836,2.3760134354233742e-05,2
1,83,11.21731948852539,1.1436834335327148,1.1436834335327148,10.158744812011719,11.217268943786621,0.10195692782956131,0.9999158978462219,0.1454390585422516,0.9999996423721313,0.6238946318626404,0.594917893409729,0.2348584532737732,0.445467472076416,0.09790001064538956,0.019123971462249756,0.00011919578537344933,2
1,84,11.217268943786621,1.129333734512329,1.129333734512329,10.141353607177734,11.21724796295166,0.1006781365563924,0.9999357461929321,0.1272055059671402,0.9999992847442627,0.6070266962051392,0.6158081889152527,0.22778984904289246,1.4696810245513916,0.0823281779885292,0.01683807373046875,6.7112036049366e-05,1
1,85,11.21724796295166,1.1682562828063965,1.1682562828063965,10.179553031921387,11.217256546020508,0.10414820878212862,0.9999553561210632,0.10599177330732346,0.9999994039535522,0.6063852906227112,0.6221058964729309,0.21939045190811157,1.6389012336730957,0.009250237606465816,0.013280868530273438,2.1730083972215652e-05,0
1,86,11.217256546020508,1.3045520782470703,1.3045520782470703,10.200518608093262,11.21711540222168,0.11629867542878655,0.9998012781143188,0.22364848852157593,0.9999995231628418,0.5974497199058533,0.5672054290771484,0.19867821037769318,0.34743326902389526,0.507748007774353,0.03302687406539917,0.00015474483370780945,3
1,87,11.21711540222168,1.1394442319869995,1.1394442319869995,10.191272735595703,11.21721076965332,0.1015808602416018,0.9999489784240723,0.113313689827919,0.9999977350234985,0.5512664914131165,0.646099865436554,0.19346404075622559,1.945664405822754,0.5781626105308533,0.009043574333190918,1.02166086435318e-05,1
1,88,11.21721076965332,1.1007519960403442,1.1007519960403442,10.1873140335083,11.217256546020508,0.09813063324247086,0.9999825954437256,0.06602725386619568,0.999999463558197,0.5475494265556335,0.6287241578102112,0.18823623657226562,2.0316290855407715,0.017917431890964508,0.011271834373474121,2.17328779399395e-05,3
1,89,11.217256546020508,1.3529468774795532,1.3529468774795532,10.082554817199707,11.217144966125488,0.12061299230599586,0.9996618032455444,0.29171183705329895,0.9999998807907104,0.5639629364013672,0.5665769577026367,0.18091818690299988,1.2410752773284912,0.3390100598335266,0.08664393424987793,0.0015544025227427483,3
1,90,11.217144966125488,1.3364912271499634,1.3364912271499634,10.115250587463379,11.216994285583496,0.11914718327934747,0.9998139142990112,0.21647332608699799,0.9999964833259583,0.571276068687439,0.5701268315315247,0.17965292930603027,1.418915033340454,0.008696787059307098,0.04807919263839722,0.0005426965653896332,1
1,91,11.216994285583496,1.3149970769882202,1.3149970769882202,10.134101867675781,11.216928482055664,0.11723257082142799,0.9999641180038452,0.09507259726524353,0.9999982118606567,0.5671024322509766,0.5723081231117249,0.17936958372592926,1.415468454360962,0.01370049174875021,0.018909335136413574,8.417549543082714e-05,1
1,92,11.216928482055664,1.3379461765289307,1.3379461765289307,10.140045166015625,11.216887474060059,0.1192791929331917,0.9999867081642151,0.05767527595162392,0.9999996423721313,0.560639500617981,0.5784914493560791,0.17792122066020966,1.3902668952941895,0.0034279469400644302,0.009448826313018799,1.6111647710204124e-05,1
1,93,11.216887474060059,1.325260043144226,1.325260043144226,10.139748573303223,11.216876029968262,0.11814864383805178,0.9999948740005493,0.03600522503256798,0.9999998211860657,0.5524770021438599,0.567602813243866,0.17530924081802368,1.4701170921325684,0.022407278418540955,0.004594564437866211,2.444121491862461e-06,1
1,94,11.216876029968262,1.2443385124206543,1.2443385124206543,10.128296852111816,11.21689510345459,0.11093449808093984,0.9999828934669495,0.06551576405763626,1.0,0.5454077124595642,0.5490361452102661,0.17043186724185944,1.495503306388855,0.0440235510468483,0.009049296379089355,1.4406396076083183e-05,1
1,95,11.21689510345459,1.3565526008605957,1.3565526008605957,10.125022888183594,11.216880798339844,0.12093833350040006,0.9999892711639404,0.05187031254172325,0.9999998211860657,0.5467961430549622,0.5758844017982483,0.166090726852417,1.3753161430358887,0.06239272281527519,0.010916054248809814,3.078184090554714e-05,3
1,96,11.216880798339844,1.363204836845398,1.363204836845398,10.125988960266113,11.216876029968262,0.12153154351494573,0.9999967217445374,0.02840627357363701,0.9999998807907104,0.5539418458938599,0.5789740085601807,0.16424992680549622,1.344170331954956,0.007229343522340059,0.004060029983520508,3.041350282728672e-06,2
1,97,11.216876029968262,1.3463319540023804,1.3463319540023804,10.05526351928711,11.216967582702637,0.12002735435475699,0.9997474551200867,0.25205400586128235,1.0,0.546133816242218,0.5689401030540466,0.1620328575372696,1.316213607788086,0.005286868661642075,0.06458580493927002,0.0009024343453347683,2
1,98,11.216967582702637,1.0910300016403198,1.0910300016403198,10.121368408203125,11.217118263244629,0.09726603857915804,0.999724268913269,0.26336470246315,0.9999979138374329,0.5289719700813293,0.6000062227249146,0.1603335589170456,1.9571658372879028,0.31279727816581726,0.07912909984588623,0.0012537948787212372,1
1,99,11.217118263244629,1.080879807472229,1.080879807472229,10.130380630493164,11.217132568359375,0.0963598476993838,0.9999270439147949,0.13553954660892487,0.9999969005584717,0.5261590480804443,0.5821372866630554,0.15604279935359955,1.8078551292419434,0.047993551939725876,0.026173830032348633,0.00015429314225912094,2
1,100,11.217132568359375,1.3201894760131836,1.3201894760131836,10.174151420593262,11.217019081115723,0.1176940245617758,0.9998306035995483,0.20652633905410767,0.9999993443489075,0.5646525025367737,0.527786135673523,0.15212033689022064,0.3717210590839386,0.5727037191390991,0.01327204704284668,4.9228547140955925e-05,2
1,101,11.217019081115723,1.174705147743225,1.174705147743225,10.172632217407227,11.216987609863281,0.1047252518024941,0.9998907446861267,0.16589348018169403,0.9999980926513672,0.5595921874046326,0.518723726272583,0.14757995307445526,0.9845650792121887,0.03328945115208626,0.017762601375579834,8.779298514127731e-05,1
1,102,11.216987609863281,1.1786465644836426,1.1786465644836426,10.170720100402832,11.216978073120117,0.1050769248819745,0.999971330165863,0.08492579311132431,0.9999989867210388,0.5627606511116028,0.5189048647880554,0.1477927565574646,0.964326024055481,0.00807038601487875,0.006859123706817627,7.058377377688885e-06,3
1,103,11.216978073120117,1.272222876548767,1.272222876548767,10.18513011932373,11.217000961303711,0.11341939587075303,0.9998745322227478,0.17765086889266968,0.9999996423721313,0.5723602175712585,0.515331506729126,0.15295608341693878,0.5992386341094971,0.012986005283892155,0.0239487886428833,0.0001758318394422531,1
1,104,11.217000961303711,1.261073350906372,1.261073350906372,10.180061340332031,11.217000007629395,0.11242517989049028,0.9999706745147705,0.0859934538602829,0.9999987483024597,0.5822414755821228,0.517765998840332,0.15861402451992035,0.6251364946365356,0.0010190366301685572,0.012311756610870361,3.330293111503124e-05,2
1,105,11.217000007629395,1.1744686365127563,1.1744686365127563,10.16751766204834,11.216952323913574,0.10470434480823086,0.9998782277107239,0.17519856989383698,0.9999997615814209,0.5761331915855408,0.516038179397583,0.15789905190467834,0.8296624422073364,0.004575162194669247,0.020550072193145752,0.00011808332055807114,2
1,106,11.216952323913574,1.1073668003082275,1.1073668003082275,10.18094539642334,11.217013359069824,0.09872260916607599,0.9998904466629028,0.16607490181922913,0.9999988079071045,0.5815811157226562,0.5875561833381653,0.1593651920557022,1.8137049674987793,0.4286379814147949,0.02786886692047119,0.0001000245101749897,1
1,107,11.217013359069824,1.103145718574524,1.103145718574524,10.184531211853027,11.217052459716797,0.09834576132358308,0.9999706149101257,0.0859735757112503,0.9999988079071045,0.5763263702392578,0.5985468626022339,0.15787383913993835,1.9130215644836426,0.03141264244914055,0.014198005199432373,3.1180912628769875e-05,2
1,108,11.217052459716797,1.1160640716552734,1.1160640716552734,10.193689346313477,11.217079162597656,0.09949708942374433,0.9999877214431763,0.05532187223434448,0.9999996423721313,0.5754516124725342,0.6053696870803833,0.1612095981836319,2.079068183898926,0.07340874522924423,0.012463212013244629,3.173149889335036e-05,3
1,109,11.217079162597656,1.081169843673706,1.081169843673706,10.198747634887695,11.2171049118042,0.09638604025179477,0.9999855756759644,0.06014165282249451,0.9999998807907104,0.5672231316566467,0.6531150937080383,0.16971346735954285,2.05098032951355,0.06834888458251953,0.010817110538482666,3.253284376114607e-05,0
1,110,11.2171049118042,1.0757904052734375,1.0757904052734375,10.206725120544434,11.217131614685059,0.09590624441261497,0.999992847442627,0.04277285560965538,0.9999998807907104,0.5742343664169312,0.6805608868598938,0.18225041031837463,2.1112918853759766,0.007232654839754105,0.0046738386154174805,4.256085958331823e-06,0
1,111,11.217131614685059,1.0715436935424805,1.0715436935424805,10.214251518249512,11.217170715332031,0.09552742451017109,0.9999954104423523,0.03459824249148369,0.9999998807907104,0.5804969072341919,0.704567551612854,0.19230429828166962,2.1884565353393555,0.008877265267074108,0.004614412784576416,3.7240097299218178e-06,1
1,112,11.217170715332031,1.0674773454666138,1.0674773454666138,10.204957008361816,11.217182159423828,0.09516458049511071,0.9999886155128479,0.053497347980737686,1.0,0.5870662331581116,0.7000278234481812,0.19943860173225403,2.1466290950775146,0.0578964501619339,0.0058547258377075195,9.101699106395245e-06,1
1,113,11.217182159423828,1.064975380897522,1.064975380897522,10.204998970031738,11.21721076965332,0.0949414358937561,0.9999902248382568,0.0497586652636528,0.9999998807907104,0.5828591585159302,0.6981131434440613,0.20468732714653015,2.10029673576355,0.005037355236709118,0.008707523345947266,1.6869278624653816e-05,0
1,114,11.21721076965332,1.1138232946395874,1.1138232946395874,10.181979179382324,11.217174530029297,0.09929592280220756,0.9999584555625916,0.1022951751947403,0.9999998807907104,0.5851939916610718,0.6783625483512878,0.20243997871875763,1.2300124168395996,0.10523176193237305,0.009469032287597656,1.5899422578513622e-05,0
1,115,11.217174530029297,1.0346426963806152,1.0346426963806152,10.168304443359375,11.217236518859863,0.09223737168489193,0.9999698400497437,0.08720865100622177,0.9999996423721313,0.5891558527946472,0.6640342473983765,0.20113661885261536,1.6306285858154297,0.153087317943573,0.013705611228942871,4.497985355556011e-05,3
1,116,11.217236518859863,1.2914116382598877,1.2914116382598877,10.182047843933105,11.217114448547363,0.1151274323304675,0.9998805522918701,0.17340074479579926,0.9999997019767761,0.5894416570663452,0.6592966914176941,0.20780117809772491,0.8188455700874329,0.1966749131679535,0.022656619548797607,0.00016872701235115528,0
1,117,11.217114448547363,1.1693459749221802,1.1693459749221802,10.195199012756348,11.217151641845703,0.10424659392448409,0.9999428987503052,0.11993669718503952,0.9999989867210388,0.5979318022727966,0.6480950713157654,0.22166678309440613,1.2206830978393555,0.020527034997940063,0.017641842365264893,6.667058914899826e-05,1
1,118,11.217151641845703,1.1514415740966797,1.1514415740966797,10.197303771972656,11.217109680175781,0.10265008541038304,0.999933123588562,0.12982943654060364,0.9999996423721313,0.6056432723999023,0.6281656622886658,0.2297039031982422,1.3251841068267822,0.1354060173034668,0.01532602310180664,5.1214126870036125e-05,0
1,119,11.217109680175781,1.1701847314834595,1.1701847314834595,10.225521087646484,11.217126846313477,0.1043214129885482,0.999937117099762,0.12593279778957367,0.999999463558197,0.610235869884491,0.6225793361663818,0.23671621084213257,0.6112497448921204,0.1975966989994049,0.009283483028411865,1.8614809960126877e-05,0
1,120,11.217126846313477,1.1251893043518066,1.1251893043518066,10.204303741455078,11.217217445373535,0.1003099385224124,0.9999495148658752,0.11271480470895767,0.9999995827674866,0.6071216464042664,0.6350071430206299,0.243631511926651,1.372643232345581,0.04976312443614006,0.012538135051727295,2.3848842829465866e-05,0
1,121,11.217217445373535,1.1081910133361816,1.1081910133361816,10.190886497497559,11.217206001281738,0.09879375332901721,0.9999560713768005,0.10510893911123276,0.9999995827674866,0.6081984639167786,0.6346416473388672,0.24399004876613617,1.6915032863616943,0.00922977551817894,0.014170646667480469,4.764320328831673e-05,0
1,122,11.217206001281738,1.1173681020736694,1.1173681020736694,10.17476749420166,11.217241287231445,0.09961198019774202,0.999976634979248,0.0767945796251297,0.9999995827674866,0.6132082343101501,0.655657947063446,0.2456844598054886,2.118953227996826,0.07271257787942886,0.007827937602996826,1.2029020581394434e-05,2
1,123,11.217241287231445,1.1460239887237549,1.1460239887237549,10.177728652954102,11.217278480529785,0.10216629556041296,0.9999875426292419,0.055926788598299026,0.9999997019767761,0.6104971170425415,0.6597998142242432,0.24855025112628937,2.0559139251708984,0.009508296847343445,0.005437254905700684,3.3475225791335106e-06,3
1,124,11.217278480529785,1.1328469514846802,1.1328469514846802,10.181235313415527,11.217302322387695,0.10099124787273504,0.9999897480010986,0.05067618936300278,0.9999997615814209,0.6203498840332031,0.6490357518196106,0.24938908219337463,1.9497007131576538,0.0469275638461113,0.007722973823547363,1.4882767572999e-05,1
1,125,11.217302322387695,1.1339995861053467,1.1339995861053467,10.194642066955566,11.21730899810791,0.10109378828473667,0.9999883770942688,0.05412653833627701,0.9999998211860657,0.6267254948616028,0.6241969466209412,0.2500309348106384,1.8903915882110596,0.036077603697776794,0.00467449426651001,4.808127414435148e-06,3
1,126,11.21730899810791,1.1489710807800293,1.1489710807800293,10.17568302154541,11.217309951782227,0.10242840604407287,0.9999446272850037,0.11798827350139618,0.9999998807907104,0.6314772367477417,0.6143907904624939,0.24470172822475433,0.6914196014404297,0.14621520042419434,0.013760685920715332,3.6500394344329834e-05,1
1,127,11.217309951782227,1.163792371749878,1.163792371749878,10.160995483398438,11.217293739318848,0.103749684795415,0.9999789595603943,0.07267890125513077,0.9999995231628418,0.6229896545410156,0.6242984533309937,0.23922361433506012,0.8720541596412659,0.0046199606731534,0.005076050758361816,4.777335561811924e-06,1
1,128,11.217293739318848,1.2195435762405396,1.2195435762405396,10.159265518188477,11.217232704162598,0.1087199465915559,0.9999773502349854,0.07566480338573456,0.9999998211860657,0.6195697784423828,0.6143177151679993,0.23428423702716827,0.7578582763671875,0.0017094179056584835,0.010579049587249756,2.2786320187151432e-05,1
2,0,0.0,1.1286921501159668,1.1286921501159668,9.40307331085205,11.213308334350586,1128692150.1159668,nan,nan,nan,0.5951510071754456,0.5554916262626648,0.19650810956954956,2.7721738815307617,nan,nan,nan,2
2,1,11.213308334350586,1.193373203277588,1.193373203277588,10.711666107177734,11.215799331665039,0.1064247203139716,0.9676152467727661,2.8540866374969482,0.8087165355682373,0.5796841979026794,0.5656688809394836,0.1842210441827774,0.7452725172042847,0.4053339958190918,0.15673336386680603,0.00039094267413020134,3
2,2,11.215799331665039,1.3258682489395142,1.3258682489395142,10.741432189941406,11.216504096984863,0.11821433405965572,0.9914737939834595,1.4646592140197754,0.9995584487915039,0.5862153768539429,0.5425092577934265,0.18190227448940277,0.275228887796402,0.022322241216897964,0.07764333486557007,0.0001254156231880188,3
2,3,11.216504096984863,1.0988974571228027,1.0988974571228027,10.56198787689209,11.216939926147461,0.09797147557037848,0.9978909492492676,0.7285071015357971,0.9998849630355835,0.5482138395309448,0.5972486138343811,0.18062566220760345,1.8955376148223877,0.5952461361885071,0.04034692049026489,3.0667753890156746e-05,1
2,4,11.216939926147461,1.1000862121582031,1.1000862121582031,10.427777290344238,11.217147827148438,0.09807364748328787,0.9993513822555542,0.404025673866272,0.999974250793457,0.5478328466415405,0.5926447510719299,0.17763710021972656,1.8865611553192139,0.014423133805394173,0.01949918270111084,4.101049853488803e-06,2
2,5,11.217147827148438,1.3170074224472046,1.3170074224472046,10.346213340759277,11.217042922973633,0.11741018686227006,0.9995725154876709,0.3279581665992737,0.9999922513961792,0.5796890258789062,0.5255825519561768,0.17179091274738312,0.40508776903152466,0.5550998449325562,0.022464394569396973,6.423564627766609e-05,3
2,6,11.217042922973633,1.1038011312484741,1.1038011312484741,10.297510147094727,11.217151641845703,0.09840393219747588,0.9998820424079895,0.172296404838562,0.9999942183494568,0.5370545983314514,0.5933549404144287,0.17105306684970856,1.6708636283874512,0.5531378984451294,0.011365950107574463,1.2285599950700998e-05,1
2,7,11.217151641845703,1.101923942565918,1.101923942565918,10.265743255615234,11.217201232910156,0.09823562859355302,0.9999531507492065,0.10871486365795135,0.9999988079071045,0.5269359946250916,0.5762672424316406,0.16571496427059174,1.6512057781219482,0.040074676275253296,0.010741233825683594,1.466821413487196e-05,3
2,8,11.217201232910156,1.1974310874938965,1.1974310874938965,10.161428451538086,11.217134475708008,0.1067495414079541,0.9998283982276917,0.20792008936405182,0.9999995827674866,0.5368015766143799,0.5205249190330505,0.15746848285198212,1.5295171737670898,0.22255265712738037,0.05701613426208496,0.000712924636900425,2
2,9,11.217134475708008,1.0947028398513794,1.0947028398513794,10.182430267333984,11.217205047607422,0.09759202247437472,0.9999455809593201,0.11708635836839676,0.9999980926513672,0.519126296043396,0.5892935395240784,0.15599854290485382,1.6450213193893433,0.23962506651878357,0.037622153759002686,0.0002468610182404518,3
2,10,11.217205047607422,1.3176594972610474,1.3176594972610474,10.097780227661133,11.217135429382324,0.11746771960294138,0.9998089075088501,0.21932826936244965,0.9999994039535522,0.5466908812522888,0.5536534786224365,0.1538393646478653,1.3457589149475098,0.2834850549697876,0.06558555364608765,0.0008873725309967995,0
2,11,11.217135429382324,1.0790842771530151,1.0790842771530151,10.152548789978027,11.217212677001953,0.09619962992748099,0.9998483657836914,0.1953735649585724,0.9999979734420776,0.5608388185501099,0.5880271792411804,0.15530577301979065,1.884220838546753,0.28432852029800415,0.06541991233825684,0.000807751901447773,3
2,12,11.217212677001953,1.1356406211853027,1.1356406211853027,10.167787551879883,11.217123985290527,0.10124089235765722,0.9997450113296509,0.2533271312713623,0.9999984502792358,0.5487303137779236,0.5500307679176331,0.1504100114107132,1.7884143590927124,0.18128818273544312,0.0785413384437561,0.001031513325870037,0
2,13,11.217123985290527,1.0738393068313599,1.0738393068313599,10.1618013381958,11.217150688171387,0.0957321420570486,0.9999043345451355,0.15517881512641907,0.999998152256012,0.560485303401947,0.5701295733451843,0.1420668214559555,1.830058217048645,0.20855440199375153,0.03918945789337158,0.0003429325297474861,0
2,14,11.217150688171387,1.2386279106140137,1.2386279106140137,10.218728065490723,11.21713924407959,0.1104226862103369,0.9997464418411255,0.25263917446136475,0.9999991655349731,0.5541066527366638,0.5402718186378479,0.14724774658679962,1.3298001289367676,0.3284193277359009,0.047341763973236084,0.0008205287158489227,3
2,15,11.21713924407959,1.2046533823013306,1.2046533823013306,10.24882698059082,11.21716022491455,0.10739399378831345,0.999962329864502,0.09748896211385727,0.9999977946281433,0.5611287355422974,0.5285300612449646,0.14764711260795593,1.505020022392273,0.017492955550551414,0.015031576156616211,5.6667602621018887e-05,0
2,16,11.21716022491455,1.109234094619751,1.109234094619751,10.219954490661621,11.217194557189941,0.09888724707310675,0.9998038411140442,0.22223715484142303,0.9999997019767761,0.5740192532539368,0.5411252379417419,0.15346720814704895,1.8836325407028198,0.030941583216190338,0.06794655323028564,0.000786597840487957,3
2,17,11.217194557189941,1.11724853515625,1.11724853515625,10.194380760192871,11.217193603515625,0.09960142257139702,0.9999564290046692,0.10472919791936874,0.9999985098838806,0.5745341181755066,0.5399026870727539,0.15706244111061096,1.8287372589111328,0.017285726964473724,0.02353668212890625,0.00010511116124689579,1
2,18,11.217193603515625,1.2052483558654785,1.2052483558654785,10.23226261138916,11.217177391052246,0.10744651456205025,0.9998500943183899,0.19422946870326996,0.9999996423721313,0.57286137342453,0.5359741449356079,0.15769179165363312,1.445387601852417,0.023422136902809143,0.059033215045928955,0.0005837185308337212,0
2,19,11.217177391052246,1.1308554410934448,1.1308554410934448,10.20527458190918,11.2171630859375,0.1008146168746078,0.9998957514762878,0.1619398295879364,0.9999985694885254,0.5830150842666626,0.5469029545783997,0.1613723188638687,1.7342461347579956,0.01875745691359043,0.047200143337249756,0.0003990759141743183,3
2,20,11.2171630859375,1.1230309009552002,1.1230309009552002,10.176077842712402,11.217153549194336,0.10011719472663264,0.9999736547470093,0.08135661482810974,0.9999990463256836,0.5844811797142029,0.555321455001831,0.1595122367143631,1.5897800922393799,0.01304066926240921,0.017807364463806152,5.5054668337106705e-05,0
2,21,11.217153549194336,1.123840093612671,1.123840093612671,10.15369701385498,11.21714973449707,0.10018941870447962,0.9999879598617554,0.055026937276124954,0.9999997615814209,0.5835301876068115,0.5599247217178345,0.15848088264465332,1.4820141792297363,0.015777768567204475,0.010465383529663086,1.7210375517606735e-05,2
2,22,11.21714973449707,1.15115225315094,1.15115225315094,10.185711860656738,11.217126846313477,0.1026243101320741,0.9999575018882751,0.10340997576713562,0.9999998807907104,0.5711101293563843,0.6081730723381042,0.16306164860725403,2.0748772621154785,0.08531184494495392,0.030899226665496826,0.00016216421499848366,1
2,23,11.217126846313477,1.0824917554855347,1.0824917554855347,10.195364952087402,11.217141151428223,0.09650347814701739,0.9999505281448364,0.11153578013181686,0.9999996423721313,0.5671373605728149,0.6309779286384583,0.1601739376783371,2.0249171257019043,0.06757445633411407,0.02060413360595703,0.0001153433695435524,3
2,24,11.217141151428223,1.299007773399353,1.299007773399353,10.224318504333496,11.217106819152832,0.11580560107634527,0.9996456503868103,0.2986277937889099,0.999999463558197,0.5715437531471252,0.5904380679130554,0.1787761002779007,0.38950538635253906,0.4579311013221741,0.060547053813934326,0.0011040084064006805,3
2,25,11.217106819152832,1.2096853256225586,1.2096853256225586,10.231417655944824,11.217110633850098,0.10784289970004222,0.9999444484710693,0.11827422678470612,0.9999966025352478,0.5756502151489258,0.6198177337646484,0.1884162575006485,0.3960675299167633,0.0007128964643925428,0.012845337390899658,3.1876901630312204e-05,3
2,26,11.217110633850098,1.1505529880523682,1.1505529880523682,10.20359992980957,11.217105865478516,0.10257124366593315,0.999943733215332,0.11888784915208817,0.9999995231628418,0.5845820307731628,0.6210424900054932,0.19478359818458557,0.14876362681388855,0.007433484774082899,0.020087718963623047,7.944507524371147e-05,3
2,27,11.217105865478516,1.1196609735488892,1.1196609735488892,10.217473030090332,11.21713638305664,0.09981727791254336,0.9999173283576965,0.1441272348165512,0.9999992251396179,0.5831630825996399,0.6373397707939148,0.2012144774198532,0.3028293251991272,0.0030970750376582146,0.03196227550506592,0.00018041860312223434,0
2,28,11.21713638305664,1.173939824104309,1.173939824104309,10.1827974319458,11.217121124267578,0.10465592857349333,0.9998334646224976,0.20466503500938416,0.9999993443489075,0.5919598937034607,0.6428277492523193,0.20339731872081757,0.2349219024181366,0.002384779043495655,0.03471493721008301,0.00021210312843322754,0
2,29,11.217121124267578,1.1132193803787231,1.1132193803787231,10.181147575378418,11.217171669006348,0.09924287774430275,0.9999357461929321,0.12712052464485168,0.9999984502792358,0.5977396368980408,0.6537649631500244,0.20275528728961945,0.93375563621521,0.0392192043364048,0.0204390287399292,0.00010281335562467575,3
2,30,11.217171669006348,1.2329235076904297,1.2329235076904297,10.175803184509277,11.217140197753906,0.10991393767263669,0.999933123588562,0.12964873015880585,0.9999994039535522,0.596188485622406,0.6742696166038513,0.20939122140407562,0.8136786222457886,0.009981236420571804,0.007596909999847412,1.1579133570194244e-05,1
2,31,11.217140197753906,1.1311482191085815,1.1311482191085815,10.203803062438965,11.217205047607422,0.10084105210123699,0.9999303817749023,0.13236725330352783,0.9999991655349731,0.5998280048370361,0.652593195438385,0.22063827514648438,0.7813248634338379,0.009208090603351593,0.014170169830322266,1.574493944644928e-05,1
2,32,11.217205047607422,1.1120039224624634,1.1120039224624634,10.19320011138916,11.217170715332031,0.09913377866794444,0.9999019503593445,0.1571071296930313,0.9999994039535522,0.6057250499725342,0.6481309533119202,0.22561120986938477,1.3412830829620361,0.3423926830291748,0.016535162925720215,4.421116318553686e-05,2
2,33,11.217170715332031,1.1332447528839111,1.1332447528839111,10.232283592224121,11.217164039611816,0.10102768172503175,0.9999167919158936,0.14480136334896088,0.9999990463256836,0.6083005666732788,0.605915367603302,0.23196488618850708,0.22798821330070496,0.45300912857055664,0.019264161586761475,6.178300827741623e-05,0
2,34,11.217164039611816,1.080103874206543,1.080103874206543,10.206501960754395,11.217273712158203,0.09629028071554539,0.999940037727356,0.12281414121389389,0.9999993443489075,0.601019561290741,0.6360206604003906,0.23780804872512817,1.6868817806243896,0.16922754049301147,0.019274592399597168,7.250066846609116e-05,1
2,35,11.217273712158203,1.0954867601394653,1.0954867601394653,10.197638511657715,11.217245101928711,0.0976606961950199,0.9999528527259827,0.10890983045101166,0.9999996423721313,0.599705159664154,0.6192395687103271,0.23841150104999542,1.439116358757019,0.012550147250294685,0.011394202709197998,2.910848706960678e-05,2
2,36,11.217245101928711,1.1290550231933594,1.1290550231933594,10.187655448913574,11.217286109924316,0.10065350386247937,0.9999639391899109,0.09516014903783798,0.9999995231628418,0.6069271564483643,0.648889422416687,0.24037767946720123,2.117262840270996,0.14566412568092346,0.014622807502746582,4.633120261132717e-05,0
2,37,11.217286109924316,1.1500298976898193,1.1500298976898193,10.191123008728027,11.217326164245605,0.10252300658288002,0.9999860525131226,0.05906613543629646,0.9999996423721313,0.603277325630188,0.6477987766265869,0.24298633635044098,2.052043914794922,0.0033704033121466637,0.006039559841156006,1.0813353583216667e-05,2
2,38,11.217326164245605,1.1321524381637573,1.1321524381637573,10.192347526550293,11.217336654663086,0.10092890423142097,0.9999896883964539,0.05073760449886322,0.9999997615814209,0.6122217774391174,0.6343771815299988,0.2432548850774765,1.9781396389007568,0.056426383554935455,0.00856715440750122,1.5864847227931023e-05,1
2,39,11.217336654663086,1.1406304836273193,1.1406304836273193,10.201346397399902,11.217341423034668,0.10168460827581165,0.9999738335609436,0.0811639353632927,0.9999998211860657,0.6169729232788086,0.5986146330833435,0.240528866648674,1.5698997974395752,0.0691957026720047,0.011282861232757568,2.6693101972341537e-05,3
2,40,11.217341423034668,1.1455013751983643,1.1455013751983643,10.163439750671387,11.217278480529785,0.10211879374965727,0.9999147653579712,0.14645914733409882,0.9999996423721313,0.6191513538360596,0.5905858874320984,0.23030208051204681,0.4835479259490967,0.09425053745508194,0.020378589630126953,0.00011106207966804504,2
2,41,11.217278480529785,1.1301157474517822,1.1301157474517822,10.14784049987793,11.217259407043457,0.10074776599452023,0.9999369382858276,0.12591640651226044,0.9999992847442627,0.6034365296363831,0.6062153577804565,0.22308658063411713,1.4672749042510986,0.07951086014509201,0.01723957061767578,6.858725100755692e-05,1
2,42,11.217259407043457,1.1685585975646973,1.1685585975646973,10.186054229736328,11.217275619506836,0.10417505338522748,0.9999544024467468,0.1070396900177002,0.9999994039535522,0.6033473610877991,0.6163132786750793,0.21578817069530487,1.653900146484375,0.011080692522227764,0.012452840805053711,1.92014267668128e-05,3
2,43,11.217275619506836,1.3010571002960205,1.3010571002960205,10.203563690185547,11.217130661010742,0.11598690666327953,0.9998030662536621,0.22261527180671692,0.999999463558197,0.5958822965621948,0.5602976679801941,0.1958647072315216,0.384243905544281,0.4919167459011078,0.03281760215759277,0.00015227217227220535,2
2,44,11.217130661010742,1.198349952697754,1.198349952697754,10.1907320022583,11.217041969299316,0.10683212925949587,0.9998623132705688,0.18618272244930267,0.9999977350234985,0.5806912779808044,0.5720134973526001,0.18333934247493744,0.7236528992652893,0.012477613985538483,0.01885390281677246,6.353342905640602e-05,3
2,45,11.217041969299316,1.3252699375152588,1.3252699375152588,10.199565887451172,11.216999053955078,0.11814789862982415,0.9998957514762878,0.16189567744731903,0.9999986886978149,0.5874767303466797,0.5495392084121704,0.18104229867458344,0.3063398003578186,0.016610143706202507,0.022083520889282227,0.00012831366620957851,3
2,46,11.216999053955078,1.0805721282958984,1.0805721282958984,10.188117027282715,11.217175483703613,0.09633344204614978,0.9998691082000732,0.18144483864307404,0.9999988079071045,0.5487683415412903,0.606222927570343,0.17945514619350433,2.0451579093933105,0.587945818901062,0.021275818347930908,7.261941209435463e-05,1
2,47,11.217175483703613,1.0839757919311523,1.0839757919311523,10.186103820800781,11.217249870300293,0.09663536007847605,0.9999598264694214,0.10055851936340332,0.9999983310699463,0.5476033091545105,0.6028623580932617,0.1766514927148819,2.0212466716766357,0.017122453078627586,0.010816097259521484,2.612103708088398e-05,1
2,48,11.217249870300293,1.0845690965652466,1.0845690965652466,10.194868087768555,11.217232704162598,0.09668761141149582,0.9999812841415405,0.06867056339979172,0.999999463558197,0.5431843996047974,0.604584276676178,0.17479774355888367,1.7798502445220947,0.03251960873603821,0.00868755578994751,1.8659280613064766e-05,0
2,49,11.217232704162598,1.1362924575805664,1.1362924575805664,10.191849708557129,11.21710205078125,0.10129882187064732,0.9997804760932922,0.23504410684108734,0.9999997615814209,0.5678955316543579,0.5333122611045837,0.1727413684129715,0.24174197018146515,0.6066707372665405,0.0218544602394104,7.141986861824989e-05,3
2,50,11.21710205078125,1.0819957256317139,1.0819957256317139,10.188371658325195,11.217157363891602,0.09645947061312105,0.9999297857284546,0.13292467594146729,0.9999977350234985,0.556209921836853,0.5942793488502502,0.16693715751171112,1.9793140888214111,0.6110753417015076,0.01838153600692749,3.659469075500965e-05,0
2,51,11.217157363891602,1.2091785669326782,1.2091785669326782,10.198163032531738,11.217033386230469,0.10779723665329541,0.9998438358306885,0.19827114045619965,0.9999991655349731,0.5500028729438782,0.5043594241142273,0.15747274458408356,0.1587955206632614,0.6354383826255798,0.022889375686645508,0.0001448439434170723,1
2,52,11.217033386230469,1.0786479711532593,1.0786479711532593,10.183345794677734,11.217164993286133,0.0961616083337471,0.9999173283576965,0.14423838257789612,0.9999985694885254,0.550707995891571,0.6118996739387512,0.15911492705345154,1.9779436588287354,0.6371138691902161,0.016781330108642578,5.2989256801083684e-05,2
2,53,11.217164993286133,1.1370927095413208,1.1370927095413208,10.183547019958496,11.217069625854492,0.10137077507747375,0.9997991919517517,0.22481462359428406,0.9999991655349731,0.5585744380950928,0.5412985682487488,0.16098305583000183,0.2014259397983551,0.6217695474624634,0.03279519081115723,0.00014353450387716293,0
2,54,11.217069625854492,1.093450903892517,1.093450903892517,10.183889389038086,11.217161178588867,0.09748097679381396,0.9999032616615295,0.15607230365276337,0.9999979138374329,0.5557015538215637,0.602114737033844,0.15591078996658325,2.0537283420562744,0.5314128398895264,0.018798410892486572,4.072394222021103e-05,3
2,55,11.217161178588867,1.2113757133483887,1.2113757133483887,10.194764137268066,11.217035293579102,0.10799307365402244,0.9998506903648376,0.193815216422081,0.9999990463256836,0.5625478029251099,0.5278318524360657,0.15098930895328522,0.10993562638759613,0.5605139136314392,0.02413541078567505,0.0001365882344543934,3
2,56,11.217035293579102,1.0851109027862549,1.0851109027862549,10.168258666992188,11.21709156036377,0.09673776308855854,0.9998857378959656,0.16962844133377075,0.9999988079071045,0.5598154664039612,0.5872263312339783,0.14427796006202698,1.739989995956421,0.6506044864654541,0.02153223752975464,9.141676127910614e-05,3
2,57,11.21709156036377,1.067113995552063,1.067113995552063,10.166336059570312,11.217164039611816,0.09513285951260048,0.9999739527702332,0.08099017292261124,0.9999991059303284,0.5595335364341736,0.6009705662727356,0.14476734399795532,1.9171197414398193,0.04795327037572861,0.002048969268798828,7.307389751076698e-07,3
2,58,11.217164039611816,1.0548031330108643,1.0548031330108643,10.178726196289062,11.21723461151123,0.09403474258609193,0.9999785423278809,0.07357355207204819,0.9999997615814209,0.5644461512565613,0.5821844935417175,0.14458070695400238,1.7971527576446533,0.040305737406015396,0.007642269134521484,1.836521551012993e-05,2
2,59,11.21723461151123,1.203317642211914,1.203317642211914,10.198663711547852,11.217086791992188,0.10727400147065287,0.9998296499252319,0.2070968747138977,0.9999997615814209,0.5691417455673218,0.5144211649894714,0.14827658236026764,0.17204278707504272,0.6303539276123047,0.02244710922241211,0.0001415708102285862,0
2,60,11.217086791992188,1.0793228149414062,1.0793228149414062,10.196335792541504,11.217167854309082,0.09622131262387383,0.9999364018440247,0.1265370100736618,0.9999985098838806,0.5662596225738525,0.5783466100692749,0.14791403710842133,1.9599967002868652,0.5712758302688599,0.013710260391235352,3.5994453355669975e-05,3
2,61,11.217167854309082,1.224388837814331,1.224388837814331,10.232197761535645,11.217154502868652,0.10915311723217026,0.9997924566268921,0.22856509685516357,0.999999463558197,0.573577344417572,0.5477843880653381,0.15849094092845917,1.3404167890548706,0.24658209085464478,0.047902822494506836,0.0006381827406585217,2
2,62,11.217154502868652,1.1091722249984741,1.1091722249984741,10.230137825012207,11.21714973449707,0.09888178189172812,0.9999269247055054,0.13563460111618042,0.9999979734420776,0.5760950446128845,0.5815061926841736,0.15260861814022064,1.9017460346221924,0.2200447916984558,0.03463715314865112,0.00028126523829996586,3
2,63,11.21714973449707,1.2598092555999756,1.2598092555999756,10.24968147277832,11.21714973449707,0.11231099570023348,0.999833345413208,0.2048533856868744,0.9999992847442627,0.5740519165992737,0.5454317927360535,0.15380164980888367,0.9209491014480591,0.32047539949417114,0.04462391138076782,0.0005653519183397293,2
2,64,11.21714973449707,1.1008185148239136,1.1008185148239136,10.242570877075195,11.217157363891602,0.09813709729116579,0.9998747706413269,0.17760278284549713,0.9999983310699463,0.5695483684539795,0.5935330986976624,0.1477350890636444,1.9628331661224365,0.30372530221939087,0.04097580909729004,0.00047087762504816055,0
2,65,11.217157363891602,1.1593940258026123,1.1593940258026123,10.236201286315918,11.217131614685059,0.10335898732550011,0.9999732971191406,0.08198079466819763,0.9999988079071045,0.5657745599746704,0.6154512763023376,0.16321657598018646,2.0174927711486816,0.03343914449214935,0.011915981769561768,4.175771027803421e-05,3
2,66,11.217131614685059,1.1557432413101196,1.1557432413101196,10.183085441589355,11.217133522033691,0.10303375952164659,0.9998838901519775,0.17090477049350739,0.9999997019767761,0.5741643309593201,0.6055189967155457,0.17133192718029022,1.0341265201568604,0.16320231556892395,0.04425317049026489,0.0002869870513677597,3
2,67,11.217133522033691,1.1367515325546265,1.1367515325546265,10.14348316192627,11.217127799987793,0.10134064378584047,0.9999706745147705,0.0857451930642128,0.9999990463256836,0.5821732878684998,0.6304956078529358,0.18341831862926483,1.0516011714935303,0.0031914273276925087,0.012534141540527344,2.8562499210238457e-05,2
2,68,11.217127799987793,1.223618984222412,1.223618984222412,10.176231384277344,11.217103004455566,0.10908487502689804,0.9999513030052185,0.11050651222467422,0.9999997615814209,0.5786482691764832,0.6775637865066528,0.19443653523921967,1.7042567729949951,0.0330684557557106,0.02554786205291748,0.00013710511848330498,3
2,69,11.217103004455566,1.1145925521850586,1.1145925521850586,10.122374534606934,11.217109680175781,0.09936545574577761,0.9999198913574219,0.14198392629623413,0.9999993443489075,0.5903358459472656,0.6515277028083801,0.19805222749710083,0.4799707531929016,0.10145719349384308,0.03357100486755371,0.00018620258197188377,0
2,70,11.217109680175781,1.1192164421081543,1.1192164421081543,10.12697696685791,11.21713638305664,0.09977761420004366,0.9999373555183411,0.12558983266353607,0.9999988079071045,0.5863020420074463,0.6584693789482117,0.20228949189186096,0.7024190425872803,0.004042097367346287,0.02055525779724121,8.952291682362556e-05,1
2,71,11.21713638305664,1.181565284729004,1.181565284729004,10.154146194458008,11.217093467712402,0.10533573314787766,0.9998733997344971,0.17859387397766113,0.9999995231628418,0.5878168940544128,0.6317487359046936,0.1992805153131485,0.08940407633781433,0.034633569419384,0.04461264610290527,0.0002953079529106617,1
2,72,11.217093467712402,1.068649172782898,1.068649172782898,10.166793823242188,11.21721076965332,0.09526970385500734,0.999927282333374,0.13536739349365234,0.9999992847442627,0.594400942325592,0.6854666471481323,0.19675782322883606,2.020695686340332,0.4699283540248871,0.016913533210754395,0.0001008280087262392,0
2,73,11.21721076965332,1.2400202751159668,1.2400202751159668,10.18307876586914,11.21713638305664,0.11054622228109305,0.9999298453330994,0.13278168439865112,0.9999992847442627,0.5902602076530457,0.6607357859611511,0.20661373436450958,0.4835846424102783,0.3678617477416992,0.024209439754486084,0.00013062916696071625,3
2,74,11.21713638305664,1.1313472986221313,1.1313472986221313,10.210516929626465,11.217198371887207,0.10085883419684714,0.999934732913971,0.12804661691188812,0.9999994039535522,0.597231924533844,0.6483410000801086,0.2199445366859436,0.8112382888793945,0.013562887907028198,0.009968817234039307,1.4245219063013792e-05,3
2,75,11.217198371887207,1.1433526277542114,1.1433526277542114,10.212584495544434,11.217143058776855,0.10192853775499837,0.999931275844574,0.1314970701932907,0.9999995231628418,0.6054263710975647,0.625683069229126,0.2286250740289688,1.2712922096252441,0.1348196268081665,0.012747764587402344,3.935815766453743e-05,0
2,76,11.217143058776855,1.1523274183273315,1.1523274183273315,10.233124732971191,11.217154502868652,0.10272913631298415,0.999938428401947,0.1245713010430336,0.999999463558197,0.6121091246604919,0.6241652965545654,0.23592522740364075,0.611875057220459,0.16535761952400208,0.009053707122802734,1.5028519555926323e-05,0
2,77,11.217154502868652,1.1053237915039062,1.1053237915039062,10.207290649414062,11.217248916625977,0.09853869724458489,0.9999457597732544,0.11682005226612091,0.9999995827674866,0.6070858836174011,0.6344498991966248,0.24245306849479675,1.4047104120254517,0.05321110412478447,0.017118990421295166,3.5392120480537415e-05,2
2,78,11.217248916625977,1.1045987606048584,1.1045987606048584,10.195991516113281,11.217230796813965,0.0984732325024583,0.9999604821205139,0.09979839622974396,0.9999997019767761,0.6064711213111877,0.6381575465202332,0.2451218217611313,1.807671070098877,0.016351668164134026,0.01566094160079956,4.956778138875961e-05,3
2,79,11.217230796813965,1.118643879890442,1.118643879890442,10.179420471191406,11.217263221740723,0.09972549376519656,0.9999750256538391,0.07913672924041748,0.9999995827674866,0.6128466129302979,0.6518251895904541,0.24456936120986938,2.129073143005371,0.04950685426592827,0.009038329124450684,2.427329309284687e-05,1
2,80,11.217263221740723,1.1490472555160522,1.1490472555160522,10.183780670166016,11.217294692993164,0.10243561489125333,0.9999879002571106,0.0550294890999794,0.9999997615814209,0.6091240644454956,0.6522152423858643,0.247185617685318,2.0746073722839355,0.005258843302726746,0.004996120929718018,3.2247044146060944e-06,2
2,81,11.217294692993164,1.1388931274414062,1.1388931274414062,10.185680389404297,11.217308044433594,0.10153010673356126,0.9999884366989136,0.05418594554066658,0.9999998807907104,0.6171501278877258,0.6411924958229065,0.24702414870262146,1.9631216526031494,0.06594240665435791,0.00954580307006836,2.4030916392803192e-05,3
2,82,11.217308044433594,1.1414107084274292,1.1414107084274292,10.196051597595215,11.21731948852539,0.1017544230671133,0.9999734163284302,0.08182334899902344,0.9999998211860657,0.6225411891937256,0.605456531047821,0.24605515599250793,1.559006929397583,0.07967469841241837,0.011279881000518799,2.3591797798871994e-05,0
2,83,11.21731948852539,1.1429945230484009,1.1429945230484009,10.159370422363281,11.217267990112305,0.10189551293583214,0.9999158382415771,0.14546002447605133,0.9999997615814209,0.6244150996208191,0.5946576595306396,0.23494979739189148,0.44442272186279297,0.09710708260536194,0.01889026165008545,0.0001185503788292408,1
2,84,11.217267990112305,1.129784107208252,1.129784107208252,10.141938209533691,11.217246055603027,0.1007182950611614,0.9999351501464844,0.12772780656814575,0.9999991655349731,0.6072295904159546,0.6164032220840454,0.22783228754997253,1.4708566665649414,0.08234040439128876,0.017401397228240967,7.145805284380913e-05,3
2,85,11.217246055603027,1.1664392948150635,1.1664392948150635,10.179996490478516,11.21725845336914,0.10398624484415457,0.9999553561210632,0.10597123950719833,0.9999993443489075,0.6056555509567261,0.6223711371421814,0.21936599910259247,1.6400504112243652,0.00861466582864523,0.013110756874084473,2.080760896205902e-05,3
2,86,11.21725845336914,1.3045519590377808,1.3045519590377808,10.200735092163086,11.217114448547363,0.11629864502640164,0.9998008608818054,0.22380833327770233,0.9999994039535522,0.5974497199058533,0.5672054290771484,0.19867821037769318,0.3474370837211609,0.5045759677886963,0.033166468143463135,0.00015631364658474922,2
2,87,11.217114448547363,1.2074545621871948,1.2074545621871948,10.18787956237793,11.217021942138672,0.1076439549338433,0.9998553991317749,0.1908138245344162,0.999997615814209,0.5811596512794495,0.5790353417396545,0.18623270094394684,0.6530950665473938,0.01070572342723608,0.019350171089172363,6.623775698244572e-05,0
2,88,11.217021942138672,1.2082666158676147,1.2082666158676147,10.179373741149902,11.216986656188965,0.10771723743612852,0.999961793422699,0.09795113652944565,0.9999986886978149,0.5759907960891724,0.5634363293647766,0.18104225397109985,0.6578456163406372,0.002437971066683531,0.006464064121246338,3.3571268431842327e-06,2
2,89,11.216986656188965,1.078904628753662,1.078904628753662,10.178853988647461,11.217178344726562,0.09618489009776768,0.9998664855957031,0.1832367330789566,0.9999996423721313,0.5772707462310791,0.6149691343307495,0.18373340368270874,2.049659252166748,0.486202210187912,0.0229952335357666,8.06890893727541e-05,3
2,90,11.217178344726562,1.2038019895553589,1.2038019895553589,10.174870491027832,11.217061042785645,0.10731771864189822,0.9999327659606934,0.1300576776266098,0.9999985098838806,0.5730511546134949,0.5479275584220886,0.17546266317367554,0.7307901382446289,0.46854251623153687,0.016960740089416504,5.3383177146315575e-05,1
2,91,11.217061042785645,1.1983680725097656,1.1983680725097656,10.173179626464844,11.217010498046875,0.10683440768832288,0.9999852180480957,0.0610053651034832,0.9999992251396179,0.5694878101348877,0.5504263639450073,0.17536398768424988,0.7671253681182861,0.005412838887423277,0.007035374641418457,3.4754048101603985e-06,3
2,92,11.217010498046875,1.328050971031189,1.328050971031189,10.192007064819336,11.216984748840332,0.11839616012327273,0.999824583530426,0.21012838184833527,0.9999997615814209,0.5725950598716736,0.5472894310951233,0.17735251784324646,0.3280457556247711,0.017360210418701172,0.02358543872833252,0.0001810169778764248,1
2,93,11.216984748840332,1.326238989830017,1.326238989830017,10.188743591308594,11.21695327758789,0.11823489284561346,0.9999600648880005,0.10021228343248367,0.9999983310699463,0.5639898180961609,0.5371242761611938,0.17469963431358337,0.3523215651512146,0.0033990952651947737,0.01084291934967041,2.5259098038077354e-05,0
2,94,11.21695327758789,0.9818684458732605,0.9818684458732605,10.125060081481934,11.217110633850098,0.08753432608434675,0.9998515248298645,0.19328345358371735,0.9999996423721313,0.5265948176383972,0.560820460319519,0.16597922146320343,1.7025068998336792,0.3396962285041809,0.01982712745666504,0.00012083770707249641,1
2,95,11.217110633850098,1.32888925075531,1.32888925075531,10.157308578491211,11.21700382232666,0.11846983542670023,0.9999383687973022,0.12454945594072342,0.9999982714653015,0.5566756129264832,0.5439507961273193,0.16474059224128723,0.3110111653804779,0.352154016494751,0.017716646194458008,7.01327808201313e-05,3
2,96,11.21700382232666,1.0971777439117432,1.0971777439117432,10.14995002746582,11.217141151428223,0.09781379781006116,0.9998641014099121,0.1849815547466278,0.9999994039535522,0.5248997807502747,0.6181983947753906,0.16596516966819763,1.908696174621582,0.586842954158783,0.017443299293518066,6.158929318189621e-05,2
2,97,11.217141151428223,1.326926827430725,1.326926827430725,10.174456596374512,11.21701717376709,0.11829456449888519,0.999921977519989,0.14018872380256653,0.9999984502792358,0.5663836598396301,0.5425624847412109,0.1617422103881836,0.33984529972076416,0.5778355002403259,0.009302854537963867,1.9531813450157642e-05,0
2,98,11.21701717376709,1.000791072845459,1.000791072845459,10.139250755310059,11.217211723327637,0.08922078457595481,0.999866783618927,0.18309234082698822,0.9999991655349731,0.538162350654602,0.5767564177513123,0.15468072891235352,2.01488995552063,0.27162039279937744,0.03803908824920654,0.00026870332658290863,0
2,99,11.217211723327637,1.1698964834213257,1.1698964834213257,10.08727741241455,11.217273712158203,0.10429476703095256,0.9997991323471069,0.2248801738023758,0.9999985694885254,0.5452271699905396,0.5358285307884216,0.14180412888526917,1.2472729682922363,0.10579241812229156,0.06286799907684326,0.0006394926458597183,2
2,100,11.217273712158203,1.189267635345459,1.189267635345459,10.053492546081543,11.217315673828125,0.10602109441765988,0.9999411106109619,0.12162210047245026,0.9999978542327881,0.5452414155006409,0.5459561944007874,0.14097857475280762,1.1573162078857422,0.01580105721950531,0.029182851314544678,0.00011674733832478523,3
2,101,11.217315673828125,1.0532152652740479,1.0532152652740479,10.11837387084961,11.217297554016113,0.09389191638168616,0.999672532081604,0.2870780825614929,0.9999994039535522,0.5588541030883789,0.5664904117584229,0.14937037229537964,1.9393720626831055,0.31253188848495483,0.09329938888549805,0.0013656895607709885,1
2,102,11.217297554016113,1.1180927753448486,1.1180927753448486,10.147521018981934,11.217142105102539,0.09967577038593751,0.9998038411140442,0.22220130264759064,0.9999959468841553,0.5689004063606262,0.5110405683517456,0.1548110395669937,0.4276304244995117,0.4959091544151306,0.015974581241607666,4.838220775127411e-05,0
2,103,11.217142105102539,1.0773638486862183,1.0773638486862183,10.160308837890625,11.21716022491455,0.09604619773838283,0.9998981356620789,0.1600448340177536,0.9999985098838806,0.562515914440155,0.5664686560630798,0.15239624679088593,1.990614891052246,0.46788060665130615,0.03465878963470459,0.00016736285760998726,0
2,104,11.21716022491455,1.0996968746185303,1.0996968746185303,10.17428970336914,11.217130661010742,0.09803701227125045,0.9999675750732422,0.0903715267777443,0.999998927116394,0.5538079738616943,0.574455201625824,0.1537735015153885,1.8092925548553467,0.02131059393286705,0.018030405044555664,4.484085366129875e-05,3
2,105,11.217130661010742,1.1058975458145142,1.1058975458145142,10.187102317810059,11.217083930969238,0.09859005651583139,0.9999887347221375,0.05334997922182083,0.9999997615814209,0.5748783946037292,0.5667064785957336,0.15110467374324799,1.8347084522247314,0.01793845184147358,0.00796586275100708,6.8303197622299194e-06,1
2,106,11.217083930969238,1.1941758394241333,1.1941758394241333,10.185084342956543,11.217046737670898,0.10646045324909571,0.9998140335083008,0.216322660446167,0.9999999403953552,0.5801652073860168,0.5111034512519836,0.15160100162029266,0.13328836858272552,0.5585255026817322,0.034227192401885986,0.0001565106213092804,3
2,107,11.217046737670898,1.1033246517181396,1.1033246517181396,10.195205688476562,11.217069625854492,0.0983614205700665,0.9999511241912842,0.1108524277806282,0.9999986290931702,0.5719122290611267,0.599191427230835,0.14846420288085938,1.9257869720458984,0.6351240277290344,0.004247784614562988,3.182445652782917e-06,2
2,108,11.217069625854492,1.1996978521347046,1.1996978521347046,10.194113731384277,11.21702766418457,0.10695287558610604,0.9998903870582581,0.1660873144865036,0.9999997019767761,0.5697191953659058,0.5399606227874756,0.15369930863380432,0.05058524012565613,0.6638166904449463,0.015552222728729248,4.004873335361481e-05,1
2,109,11.21702766418457,1.0816279649734497,1.0816279649734497,10.204193115234375,11.21709156036377,0.09642732436392537,0.9999278783798218,0.1347222924232483,0.9999992251396179,0.5657721757888794,0.6490142941474915,0.1683298796415329,2.0438504219055176,0.6698029041290283,0.007974505424499512,1.4761462807655334e-05,3
2,110,11.21709156036377,1.3786181211471558,1.3786181211471558,10.13637924194336,11.216891288757324,0.12290334920850439,0.9993777871131897,0.39570069313049316,0.9999994039535522,0.5645190477371216,0.6059196591377258,0.17731145024299622,0.4045940041542053,0.5587790012359619,0.10641920566558838,0.002670135349035263,0
2,111,11.216891288757324,1.074052333831787,1.074052333831787,10.188727378845215,11.217077255249023,0.09575311966411838,0.9997475147247314,0.2521071434020996,0.9999939203262329,0.5819798707962036,0.7061583995819092,0.18343479931354523,2.1502902507781982,0.5411802530288696,0.07014662027359009,0.0011723153293132782,3
2,112,11.217077255249023,1.0835117101669312,1.0835117101669312,10.211132049560547,11.217170715332031,0.09659483353026767,0.9999299049377441,0.13275237381458282,0.9999975562095642,0.5883728265762329,0.708862841129303,0.1937568634748459,2.2353031635284424,0.020401617512106895,0.0315820574760437,0.0002915291115641594,3
2,113,11.217170715332031,1.0816586017608643,1.0816586017608643,10.219514846801758,11.217228889465332,0.09642882587874092,0.999971330165863,0.08495380729436874,0.9999992847442627,0.5866571068763733,0.7086576819419861,0.19842930138111115,2.184965133666992,0.006701827980577946,0.019947528839111328,0.00011206185445189476,3
2,114,11.217228889465332,1.1610684394836426,1.1610684394836426,10.21824836730957,11.21725082397461,0.10350759986488826,0.9999491572380066,0.11315938830375671,0.9999998807907104,0.5880168080329895,0.6886535286903381,0.19743283092975616,1.7326102256774902,0.12972013652324677,0.021361589431762695,0.00010479055345058441,1
2,115,11.21725082397461,1.0944606065750122,1.0944606065750122,10.208954811096191,11.21716594696045,0.09756941551452372,0.9998533129692078,0.1921503096818924,0.9999996423721313,0.5873174071311951,0.6214615106582642,0.19826117157936096,0.5907301902770996,0.09931397438049316,0.036451101303100586,0.0002930406481027603,2
2,116,11.21716594696045,1.1042355298995972,1.1042355298995972,10.202792167663574,11.217198371887207,0.0984415791939688,0.9999526143074036,0.10912667214870453,0.9999985694885254,0.5897873044013977,0.7044483423233032,0.20712707936763763,2.1907734870910645,0.303428053855896,0.012646317481994629,4.617031663656235e-05,1
2,117,11.217198371887207,1.1540429592132568,1.1540429592132568,10.176885604858398,11.217242240905762,0.10288156819135383,0.999871015548706,0.18015363812446594,0.9999996423721313,0.5967386960983276,0.634765625,0.22055676579475403,0.6870703101158142,0.30328893661499023,0.043448448181152344,0.000443490338511765,0
2,118,11.217242240905762,1.1039183139801025,1.1039183139801025,10.17232894897461,11.217177391052246,0.09841263033033724,0.9998738765716553,0.17812404036521912,0.999998927116394,0.6057218909263611,0.654488742351532,0.22867470979690552,1.1720212697982788,0.44028785824775696,0.03822827339172363,0.00023110024631023407,2
2,119,11.217177391052246,1.1180784702301025,1.1180784702301025,10.221761703491211,11.217187881469727,0.09967556286682022,0.9999116659164429,0.14909060299396515,0.9999988675117493,0.6101415157318115,0.6096897721290588,0.23641298711299896,0.2862044870853424,0.5213531255722046,0.013055860996246338,3.5546254366636276e-05,3
2,120,11.217187881469727,1.090731143951416,1.090731143951416,10.199029922485352,11.217241287231445,0.09723748549788074,0.999955415725708,0.10588043183088303,0.9999993443489075,0.6079451441764832,0.6531460285186768,0.2429734617471695,1.991121530532837,0.2870260179042816,0.01208484172821045,2.52407044172287e-05,2
2,121,11.217241287231445,1.0865217447280884,1.0865217447280884,10.190534591674805,11.217227935791016,0.09686176100757261,0.9999586939811707,0.10183403640985489,0.9999996423721313,0.607645571231842,0.6295440793037415,0.2444247305393219,1.4974474906921387,0.057683371007442474,0.011112570762634277,2.2011023247614503e-05,1
2,122,11.217227935791016,1.1224133968353271,1.1224133968353271,10.17830753326416,11.21725845336914,0.10006156630320599,0.9999752640724182,0.0787382498383522,0.9999995827674866,0.6097188591957092,0.6615368127822876,0.24665577709674835,2.1076724529266357,0.1684991419315338,0.009071767330169678,1.8946913769468665e-05,3
2,123,11.21725845336914,1.1407681703567505,1.1407681703567505,10.179115295410156,11.217286109924316,0.10169759171539076,0.9999880790710449,0.05505314841866493,0.9999997019767761,0.6128652691841125,0.654464840888977,0.24849888682365417,2.0749402046203613,0.006819821894168854,0.008842527866363525,1.4670426025986671e-05,1
2,124,11.217286109924316,1.132218837738037,1.132218837738037,10.181517601013184,11.217303276062012,0.10093518402248156,0.9999892115592957,0.052131716161966324,0.9999997615814209,0.620590090751648,0.6484283208847046,0.2501865029335022,1.9440277814865112,0.0655374675989151,0.009061694145202637,1.5719560906291008e-05,1
2,125,11.217303276062012,1.133183240890503,1.133183240890503,10.1939697265625,11.217309951782227,0.10102100415781239,0.9999878406524658,0.055493246763944626,0.9999997615814209,0.6274877190589905,0.622609555721283,0.2499561458826065,1.8605952262878418,0.038072071969509125,0.005065619945526123,4.596018698066473e-06,2
2,126,11.217309951782227,1.148638367652893,1.148638367652893,10.175142288208008,11.217310905456543,0.10239873664812082,0.9999450445175171,0.11751971393823624,0.9999998807907104,0.6302701830863953,0.6138389706611633,0.2447490692138672,0.6890801191329956,0.13698160648345947,0.013685882091522217,3.721844404935837e-05,3
2,127,11.217310905456543,1.163827657699585,1.163827657699585,10.16030502319336,11.217294692993164,0.10375282164404066,0.9999785423278809,0.07342539727687836,0.999999463558197,0.6240667700767517,0.6240034699440002,0.2387702316045761,0.8604068160057068,0.004291611723601818,0.005603015422821045,5.385547410696745e-06,3
2,128,11.217294692993164,1.220363736152649,1.220363736152649,10.159093856811523,11.217233657836914,0.108793053009024,0.9999765753746033,0.07670050114393234,0.9999997019767761,0.6190348267555237,0.6118821501731873,0.2344999611377716,0.7291615009307861,0.0018719444051384926,0.010634183883666992,2.297008177265525e-05,0
