episode,step,h_norm,attn_out_norm,update_norm,ffn_norm,h_new_norm,ratio_update_h,cos_h_prev,l2_h_prev,cos_q_prev,V_pw_cos,K_pw_cos,z_pw_cos,attn_entropy,attn_jsd_prev,logits_max_diff,kl_pi_prev,action
0,0,0.0,1.9948420524597168,1.9948420524597168,23.86281967163086,10.960739135742188,1994842052.4597166,nan,nan,nan,0.5054197907447815,0.5309557318687439,0.11542998999357224,2.7722232341766357,nan,nan,nan,0
0,1,10.960739135742188,1.9495404958724976,1.9495404958724976,18.836334228515625,10.967399597167969,0.17786578730946942,0.9956732392311096,1.0199452638626099,0.8664802312850952,0.4840226471424103,0.5174410939216614,0.11481984704732895,1.9676718711853027,0.1822175681591034,0.015257120132446289,1.1576281394809484e-05,1
0,2,10.967399597167969,2.1739954948425293,2.1739954948425293,17.629079818725586,10.969306945800781,0.19822342348170702,0.9994667768478394,0.35821208357810974,0.9998537302017212,0.5087815523147583,0.5265558958053589,0.12146779894828796,2.127786636352539,0.01745676063001156,0.014429926872253418,8.376489859074354e-06,0
0,3,10.969306945800781,1.953768014907837,1.953768014907837,17.41950225830078,10.9700288772583,0.17811225673247927,0.9999033808708191,0.15245898067951202,0.9999768733978271,0.49813854694366455,0.48446381092071533,0.1062702015042305,1.809673547744751,0.04029169678688049,0.004651427268981934,2.9106158763170242e-06,3
0,4,10.9700288772583,2.0119998455047607,2.0119998455047607,17.166183471679688,10.970298767089844,0.18340880119976607,0.9999752640724182,0.07715790718793869,0.9999968409538269,0.49758002161979675,0.5002604126930237,0.09973477572202682,2.096283435821533,0.02402961626648903,0.005408823490142822,1.5343539416790009e-06,0
0,5,10.970298767089844,1.9998384714126587,1.9998384714126587,17.259004592895508,10.970407485961914,0.1822957162672761,0.9999955892562866,0.03243076428771019,0.999998927116394,0.4887106120586395,0.4875516891479492,0.0934169739484787,2.0711045265197754,0.006060163956135511,0.0015854239463806152,6.390182534232736e-07,1
0,6,10.970407485961914,1.8642419576644897,1.8642419576644897,17.081880569458008,10.970483779907227,0.1699337021026825,0.9999932050704956,0.040629271417856216,0.9999998211860657,0.478115975856781,0.4922061264514923,0.09319249540567398,1.9956780672073364,0.009835684671998024,0.0017963647842407227,4.5174965634942055e-07,0
0,7,10.970483779907227,1.782044768333435,1.782044768333435,17.036376953125,10.97057056427002,0.16243994376959967,0.9999937415122986,0.03923952952027321,0.9999997615814209,0.45457714796066284,0.4962182343006134,0.0946669727563858,2.0761513710021973,0.0027277786284685135,0.0010532140731811523,1.3399403542280197e-07,2
0,8,10.97057056427002,1.7931321859359741,1.7931321859359741,16.934701919555664,10.970568656921387,0.1634493097174011,0.999995768070221,0.03205449506640434,0.9999997615814209,0.440260112285614,0.5200831294059753,0.09825540333986282,2.2948551177978516,0.01678776741027832,0.0022304654121398926,2.9604416340589523e-07,3
0,9,10.970568656921387,1.8265118598937988,1.8265118598937988,16.99164581298828,10.97057819366455,0.16649199481026386,0.9999969601631165,0.027659276500344276,0.9999998807907104,0.4260188341140747,0.519160807132721,0.10534375160932541,2.330918312072754,0.006362520158290863,0.0009106993675231934,1.6477133613079786e-07,3
0,10,10.97057819366455,1.8054749965667725,1.8054749965667725,17.098800659179688,10.970630645751953,0.16457427901196897,0.9999971985816956,0.026695886626839638,0.9999998807907104,0.42735373973846436,0.5242398381233215,0.10915028303861618,2.393390655517578,0.005912322085350752,0.0026291608810424805,1.132808392867446e-06,0
0,11,10.970630645751953,1.7975777387619019,1.7975777387619019,17.123327255249023,10.970662117004395,0.16385363766284117,0.9999978542327881,0.022448893636465073,0.9999998807907104,0.43675345182418823,0.5173326134681702,0.1148846223950386,2.3016200065612793,0.008762506768107414,0.0012257099151611328,5.1324605010449886e-08,3
0,12,10.970662117004395,1.5682278871536255,1.5682278871536255,16.942235946655273,10.970789909362793,0.14294742381345343,0.9999879002571106,0.05395188555121422,0.9999999403953552,0.44867974519729614,0.5084533095359802,0.11650337278842926,1.9996585845947266,0.029942812398076057,0.0008716583251953125,7.670314516872168e-08,2
0,13,10.970789909362793,1.669764757156372,1.669764757156372,16.84080696105957,10.970775604248047,0.1522009600905169,0.9999901652336121,0.048658337444067,0.9999996423721313,0.46098461747169495,0.5012093782424927,0.12094542384147644,1.9941521883010864,0.0031111519783735275,0.0028554797172546387,2.054235665127635e-06,0
0,14,10.970775604248047,1.644191861152649,1.644191861152649,16.781097412109375,10.970845222473145,0.1498701569026709,0.999993622303009,0.038972675800323486,0.9999996423721313,0.4789135158061981,0.5071696043014526,0.11955058574676514,2.092874050140381,0.0029965778812766075,0.0022259950637817383,5.213369149714708e-07,2
0,15,10.970845222473145,1.6148802042007446,1.6148802042007446,16.45046043395996,10.970888137817383,0.14719742840713454,0.9999865889549255,0.05698046460747719,0.9999998807907104,0.47711727023124695,0.5027468800544739,0.12188675999641418,1.9435310363769531,0.0034577827900648117,0.006719708442687988,7.731199730187654e-06,1
0,16,10.970888137817383,1.6603056192398071,1.6603056192398071,16.557777404785156,10.970869064331055,0.15133739387211714,0.9999915361404419,0.04543900489807129,0.9999995827674866,0.49795717000961304,0.5007370710372925,0.12141139060258865,1.9275779724121094,0.0011338482145220041,0.0015788674354553223,6.229092832654715e-07,1
0,17,10.970869064331055,1.572179913520813,1.572179913520813,16.713647842407227,10.970819473266602,0.14330495645348185,0.9999838471412659,0.06258154660463333,0.9999997615814209,0.5024764537811279,0.4928063154220581,0.12328735738992691,1.2880783081054688,0.029885221272706985,0.0016300082206726074,5.015172064304352e-07,1
0,18,10.970819473266602,1.8791236877441406,1.8791236877441406,16.96398162841797,10.970643043518066,0.17128380357758496,0.9999769926071167,0.07452447712421417,0.9999991655349731,0.49954891204833984,0.5142039060592651,0.11939818412065506,2.292314052581787,0.09725963324308395,0.0036887526512145996,2.372966264374554e-06,3
0,19,10.970643043518066,1.886841058731079,1.886841058731079,17.01627540588379,10.970572471618652,0.17199001473718598,0.9999936819076538,0.0393272303044796,0.9999993443489075,0.48823460936546326,0.5178197026252747,0.11494653671979904,2.3140361309051514,0.001280068652704358,0.0008015036582946777,-2.0976585801690817e-08,0
0,20,10.970572471618652,1.8454995155334473,1.8454995155334473,16.914777755737305,10.970585823059082,0.16822271766654245,0.9999958276748657,0.03201485052704811,0.9999997615814209,0.4828348755836487,0.5215884447097778,0.10867999494075775,2.3714826107025146,0.005370150785893202,0.001018226146697998,2.0438892534002662e-07,0
0,21,10.970585823059082,1.8146411180496216,1.8146411180496216,16.90435218811035,10.970626831054688,0.1654096825199094,0.9999962449073792,0.030238578096032143,0.9999998807907104,0.46744099259376526,0.5246058106422424,0.10342993587255478,2.3850691318511963,0.004297858104109764,0.0005120635032653809,-7.623748388141394e-08,1
0,22,10.970626831054688,1.7466143369674683,1.7466143369674683,16.832910537719727,10.97072982788086,0.15920825344485381,0.9999937415122986,0.03904503956437111,0.9999998807907104,0.46534213423728943,0.5242544412612915,0.10062607377767563,2.265010356903076,0.00785976741462946,0.0015410780906677246,4.723115125671029e-07,1
0,23,10.97072982788086,1.5435112714767456,1.5435112714767456,16.765722274780273,10.97089958190918,0.14069358152947015,0.9999812841415405,0.06717588752508163,0.9999997615814209,0.45165953040122986,0.516287088394165,0.09892845898866653,1.7993650436401367,0.02311805449426174,0.0017886161804199219,6.133050192147493e-07,1
0,24,10.97089958190918,1.6989645957946777,1.6989645957946777,16.916683197021484,10.970809936523438,0.15486101054067075,0.9999902844429016,0.048627909272909164,0.9999995827674866,0.4484165906906128,0.5164832472801208,0.09770895540714264,2.3059892654418945,0.034723225980997086,0.0031563639640808105,1.8761784303933382e-06,2
0,25,10.970809936523438,1.605672001838684,1.605672001838684,16.723966598510742,10.970650672912598,0.14635856524076368,0.9999854564666748,0.05910399183630943,0.9999996423721313,0.4445556700229645,0.48586219549179077,0.09639037400484085,1.9411914348602295,0.02520979754626751,0.0031752586364746094,2.5993940653279424e-06,3
0,26,10.970650672912598,1.7474703788757324,1.7474703788757324,16.957595825195312,10.970564842224121,0.15928593763270346,0.999987781047821,0.05413712188601494,0.9999997615814209,0.433707058429718,0.4852958619594574,0.09756482392549515,2.152811050415039,0.05379942059516907,0.005115628242492676,2.2782041924074292e-06,3
0,27,10.970564842224121,1.704813003540039,1.704813003540039,16.778013229370117,10.97057819366455,0.15539883570793545,0.9999902844429016,0.04825017973780632,0.9999998211860657,0.43294423818588257,0.49163398146629333,0.10061024129390717,1.8290566205978394,0.024521782994270325,0.00416189432144165,3.2805255614221096e-06,2
0,28,10.97057819366455,1.6953957080841064,1.6953957080841064,16.64670181274414,10.970661163330078,0.15454023280771,0.9999935626983643,0.03939451277256012,0.9999996423721313,0.4388229548931122,0.49021175503730774,0.10536237061023712,1.7262766361236572,0.003927184268832207,0.0017412304878234863,2.586602931842208e-07,0
0,29,10.970661163330078,1.6620595455169678,1.6620595455169678,16.698240280151367,10.970749855041504,0.15150039918035893,0.9999949336051941,0.03517119586467743,0.9999997615814209,0.4578690230846405,0.4821756184101105,0.10987509042024612,1.6565544605255127,0.004982213489711285,0.0028870105743408203,8.033384801819921e-07,1
0,30,10.970749855041504,1.5865265130996704,1.5865265130996704,16.363035202026367,10.97074031829834,0.14461422729191087,0.9999918937683105,0.044344462454319,0.9999998807907104,0.4663908779621124,0.47370943427085876,0.11449386179447174,1.6257541179656982,0.005850872024893761,0.0041615962982177734,2.6156194508075714e-06,2
0,31,10.97074031829834,1.435772180557251,1.435772180557251,16.532350540161133,10.9707670211792,0.13087286171221232,0.9999849200248718,0.060109369456768036,0.9999996423721313,0.48488757014274597,0.4711654782295227,0.12135537713766098,1.3621783256530762,0.026515092700719833,0.003128647804260254,2.332177245989442e-06,1
0,32,10.9707670211792,1.5431461334228516,1.5431461334228516,16.453365325927734,10.970799446105957,0.14065982172839778,0.9999918341636658,0.044119637459516525,0.9999994039535522,0.4737299084663391,0.4974447786808014,0.1271604299545288,1.9001222848892212,0.03335414454340935,0.0013576149940490723,4.2913598008453846e-07,0
0,33,10.970799446105957,1.4712127447128296,1.4712127447128296,16.35772132873535,10.970844268798828,0.13410260135919547,0.9999898076057434,0.04970595985651016,0.9999997615814209,0.483900249004364,0.4975244402885437,0.1302446871995926,1.6593208312988281,0.022304050624370575,0.0043569207191467285,1.7643615137785673e-06,0
0,34,10.970844268798828,1.6370329856872559,1.6370329856872559,16.324554443359375,10.970715522766113,0.14921668247018977,0.999991238117218,0.045979391783475876,0.9999997019767761,0.4770282208919525,0.5144503116607666,0.13300074636936188,2.101011037826538,0.020716333761811256,0.0019698739051818848,6.486952770501375e-07,0
0,35,10.970715522766113,1.6638692617416382,1.6638692617416382,16.147306442260742,10.970501899719238,0.15166460731652595,0.999987006187439,0.055792998522520065,0.9999997019767761,0.48780766129493713,0.5235236287117004,0.13634786009788513,1.8292806148529053,0.013800431042909622,0.0030690431594848633,2.226675860583782e-06,1
0,36,10.970501899719238,1.6947765350341797,1.6947765350341797,16.37652015686035,10.970463752746582,0.154484867741334,0.9999833106994629,0.06318381428718567,0.9999996423721313,0.48229992389678955,0.54842609167099,0.13783809542655945,2.2329769134521484,0.018486790359020233,0.005653023719787598,5.3837429732084274e-06,0
0,37,10.970463752746582,1.6188832521438599,1.6188832521438599,16.141555786132812,10.970457077026367,0.1475674400490639,0.9999871253967285,0.055458951741456985,0.9999994039535522,0.48015299439430237,0.5469287633895874,0.1314251720905304,2.07277774810791,0.010744407773017883,0.005819380283355713,7.117283530533314e-06,3
0,38,10.970457077026367,1.680027961730957,1.680027961730957,16.287689208984375,10.97049617767334,0.15314110888316262,0.9999921321868896,0.04339960217475891,0.9999995827674866,0.4736243486404419,0.5519283413887024,0.12405889481306076,2.3428597450256348,0.014174604788422585,0.0016306638717651367,6.050686351954937e-07,2
0,39,10.97049617767334,1.667916178703308,1.667916178703308,16.24930763244629,10.970544815063477,0.15203653068106218,0.9999767541885376,0.07501938194036484,0.9999999403953552,0.46046531200408936,0.5319715738296509,0.11484220623970032,1.969142198562622,0.01979052647948265,0.005241572856903076,2.0507141016423702e-06,3
0,40,10.970544815063477,1.7328988313674927,1.7328988313674927,16.48938751220703,10.970640182495117,0.1579592317956787,0.9999876618385315,0.05466831848025322,0.9999994039535522,0.4668504595756531,0.5318595767021179,0.11673451960086823,2.194044828414917,0.01648188941180706,0.004507482051849365,6.292073521763086e-06,3
0,41,10.970640182495117,1.8542453050613403,1.8542453050613403,16.579845428466797,10.970510482788086,0.16901887895475745,0.9999890923500061,0.051588304340839386,0.9999997615814209,0.4852616488933563,0.5250695943832397,0.12024077773094177,1.9965646266937256,0.005187856033444405,0.0029888153076171875,1.9313301891088486e-06,3
0,42,10.970510482788086,1.9424329996109009,1.9424329996109009,16.245952606201172,10.970277786254883,0.17705949077378247,0.9999753832817078,0.07705085724592209,0.9999997019767761,0.48291805386543274,0.5312262177467346,0.12276485562324524,2.1522531509399414,0.015158338472247124,0.011291861534118652,1.6768230125308037e-05,3
0,43,10.970277786254883,2.204568386077881,2.204568386077881,16.990020751953125,10.970254898071289,0.20095830105962095,0.9999658465385437,0.09077819436788559,0.9999994039535522,0.503582775592804,0.5308740735054016,0.11449922621250153,2.186753749847412,0.01189563050866127,0.011570453643798828,2.1729851141572e-05,3
0,44,10.970254898071289,2.141491413116455,2.141491413116455,17.040611267089844,10.970307350158691,0.19520890198211863,0.9999963045120239,0.029827376827597618,0.9999991655349731,0.47496092319488525,0.5410425662994385,0.11733943969011307,2.054234027862549,0.05189507082104683,0.00382918119430542,1.959677319973707e-06,0
0,45,10.970307350158691,2.107205867767334,2.107205867767334,17.113981246948242,10.970377922058105,0.19208266464265034,0.9999974966049194,0.02440737560391426,0.9999999403953552,0.49945011734962463,0.5287404656410217,0.1143590658903122,2.176649570465088,0.050619449466466904,0.002406179904937744,1.3000390026718378e-06,3
0,46,10.970377922058105,2.060696601867676,2.060696601867676,17.669261932373047,10.970499992370605,0.1878418971988412,0.9999726414680481,0.08102576434612274,1.0,0.5035959482192993,0.49351081252098083,0.10544190555810928,1.7915582656860352,0.0724194347858429,0.0069544315338134766,1.6429985407739878e-05,0
0,47,10.970499992370605,2.0642406940460205,2.0642406940460205,17.304601669311523,10.970460891723633,0.18816286363261375,0.9999794960021973,0.07041236013174057,0.9999986886978149,0.49754276871681213,0.4968577027320862,0.09684287011623383,1.854008674621582,0.0027780369855463505,0.006376326084136963,8.989707566797733e-06,1
0,48,10.970460891723633,1.9440826177597046,1.9440826177597046,17.308366775512695,10.9705171585083,0.17721066024002374,0.9999927878379822,0.041690096259117126,0.9999992847442627,0.48958688974380493,0.48618826270103455,0.0941900983452797,1.8328204154968262,0.004492755513638258,0.004336655139923096,9.003560990095139e-07,0
0,49,10.9705171585083,1.871155023574829,1.871155023574829,17.042192459106445,10.970505714416504,0.17056215277177111,0.999991238117218,0.04597751423716545,0.9999997019767761,0.47758394479751587,0.4927510619163513,0.09148154407739639,1.8825572729110718,0.0037580609787255526,0.0025069713592529297,1.3631506590172648e-06,1
0,50,10.970505714416504,1.7658690214157104,1.7658690214157104,17.009387969970703,10.970587730407715,0.16096514302847095,0.9999914169311523,0.04531167447566986,0.9999998211860657,0.4529734253883362,0.49888959527015686,0.09433583915233612,2.0252339839935303,0.004715064540505409,0.0019453167915344238,3.140157787129283e-07,0
0,51,10.970587730407715,1.8318586349487305,1.8318586349487305,16.910120010375977,10.970550537109375,0.1669790789668705,0.9999951124191284,0.03437579423189163,0.9999997019767761,0.438524454832077,0.5249877572059631,0.09778283536434174,2.3154494762420654,0.02770523726940155,0.003120899200439453,4.6848435886204243e-07,1
0,52,10.970550537109375,1.8187270164489746,1.8187270164489746,16.892784118652344,10.97057056427002,0.16578265696847974,0.9999969601631165,0.027273157611489296,0.9999998807907104,0.4236462414264679,0.522386908531189,0.10529331862926483,2.341888427734375,0.005599684081971645,0.001123189926147461,3.169116098433733e-07,0
0,53,10.97057056427002,1.785864233970642,1.785864233970642,16.952592849731445,10.970625877380371,0.1627868143692555,0.9999972581863403,0.02573767676949501,0.9999998807907104,0.4236800968647003,0.526679515838623,0.10878405719995499,2.4127626419067383,0.006767239887267351,0.002063453197479248,6.080081220716238e-07,3
0,54,10.970625877380371,1.7846680879592896,1.7846680879592896,16.978538513183594,10.970653533935547,0.16267696190779618,0.9999979138374329,0.022329824045300484,0.9999999403953552,0.4330955445766449,0.5209892392158508,0.11438334733247757,2.345684766769409,0.007909859530627728,0.0012511014938354492,1.3445969671010971e-08,2
0,55,10.970653533935547,1.5377130508422852,1.5377130508422852,16.8033390045166,10.97078800201416,0.14016603897713786,0.9999862313270569,0.05773579329252243,1.0,0.4459652006626129,0.5111865401268005,0.11582042276859283,1.9862825870513916,0.03587949275970459,0.0007851719856262207,2.2817403078079224e-07,0
0,56,10.97078800201416,1.6339153051376343,1.6339153051376343,16.683063507080078,10.970780372619629,0.14893326758639933,0.9999891519546509,0.051057539880275726,0.9999995827674866,0.4580840766429901,0.5057055354118347,0.12032846361398697,1.990565299987793,0.003242864739149809,0.0029069185256958008,2.3991160560399294e-06,3
0,57,10.970780372619629,1.6213120222091675,1.6213120222091675,16.665706634521484,10.970849990844727,0.14778456656151495,0.999993085861206,0.04078060761094093,0.9999996423721313,0.47685185074806213,0.5129039287567139,0.11816702038049698,2.1211068630218506,0.0037166355177760124,0.0027933716773986816,9.332434274256229e-07,1
0,58,10.970849990844727,1.6151082515716553,1.6151082515716553,16.420312881469727,10.970887184143066,0.14721815109307645,0.9999879598617554,0.05415697023272514,0.9999998807907104,0.4753630459308624,0.5100041031837463,0.11978217959403992,1.9882959127426147,0.003349490463733673,0.00580829381942749,5.334033630788326e-06,1
0,59,10.970887184143066,1.6527210474014282,1.6527210474014282,16.515878677368164,10.970869064331055,0.15064607079272613,0.9999911189079285,0.04649648070335388,0.9999996423721313,0.49468713998794556,0.5072551369667053,0.1186693012714386,1.9539592266082764,0.0013519764179363847,0.0015766024589538574,5.092297215014696e-07,3
0,60,10.970869064331055,1.5727033615112305,1.5727033615112305,16.6956729888916,10.970812797546387,0.14335266898995896,0.999983012676239,0.0641736388206482,0.9999996423721313,0.4936176538467407,0.49692192673683167,0.11868806183338165,1.3040406703948975,0.028790105134248734,0.0016914010047912598,6.772461347281933e-07,0
0,61,10.970812797546387,1.8549503087997437,1.8549503087997437,16.837675094604492,10.970627784729004,0.16908048136730597,0.9999803900718689,0.06875570863485336,0.9999990463256836,0.4875672161579132,0.5145131945610046,0.11340878158807755,2.2781336307525635,0.09883037209510803,0.0026286840438842773,4.434623406268656e-07,0
0,62,10.970627784729004,1.8768973350524902,1.8768973350524902,16.880210876464844,10.97053337097168,0.17108385881664048,0.9999940395355225,0.038088202476501465,0.9999994039535522,0.4740534722805023,0.5125706791877747,0.10802292823791504,2.2411646842956543,0.003564909566193819,0.001868903636932373,6.280424713622779e-07,2
0,63,10.97053337097168,1.873964786529541,1.873964786529541,16.89824867248535,10.970514297485352,0.1708180197954733,0.9999970197677612,0.026610177010297775,0.9999998211860657,0.46935340762138367,0.5117979645729065,0.10170207172632217,2.2425312995910645,0.005734792910516262,0.0011543035507202148,1.1415977496653795e-08,0
0,64,10.970514297485352,1.8902963399887085,1.8902963399887085,17.03716278076172,10.970511436462402,0.1723069938865127,0.9999964237213135,0.02915900945663452,0.9999999403953552,0.4568861126899719,0.5092833638191223,0.09641154855489731,2.2144582271575928,0.0032854683231562376,0.0015001296997070312,5.866459105163813e-07,0
0,65,10.970511436462402,1.845786690711975,1.845786690711975,17.077173233032227,10.970579147338867,0.16824983059378454,0.9999948143959045,0.035430099815130234,0.9999998211860657,0.45702606439590454,0.5054779052734375,0.09403195232152939,2.1706361770629883,0.005243215709924698,0.0024930834770202637,1.196676748804748e-06,0
0,66,10.970579147338867,1.6211543083190918,1.6211543083190918,16.952499389648438,10.970765113830566,0.1477729011883876,0.9999850988388062,0.060190245509147644,0.9999998211860657,0.44635269045829773,0.4996625781059265,0.0931655690073967,1.8556132316589355,0.026087898761034012,0.0010939240455627441,3.312161425128579e-07,2
0,67,10.970765113830566,1.7484055757522583,1.7484055757522583,17.027585983276367,10.97070598602295,0.15936952050391523,0.9999926090240479,0.04235541447997093,0.9999997019767761,0.4450686275959015,0.5070427656173706,0.09317220002412796,2.3054118156433105,0.02657570131123066,0.002621173858642578,1.0110961738973856e-06,1
0,68,10.97070598602295,1.6217107772827148,1.6217107772827148,16.768095016479492,10.970601081848145,0.1478219158683889,0.9999858140945435,0.058314066380262375,0.9999997615814209,0.44416797161102295,0.48944467306137085,0.09353537857532501,1.9855327606201172,0.028187979012727737,0.003381669521331787,2.5354092940688133e-06,1
0,69,10.970601081848145,1.7616254091262817,1.7616254091262817,16.998212814331055,10.970541000366211,0.16057692700549023,0.9999884366989136,0.05253930017352104,0.9999996423721313,0.4364716708660126,0.49235013127326965,0.09542559832334518,2.2104110717773438,0.05502045899629593,0.005597054958343506,2.8730719350278378e-06,2
0,70,10.970541000366211,1.7109060287475586,1.7109060287475586,16.797876358032227,10.970569610595703,0.15595457222122833,0.9999900460243225,0.04895451292395592,0.9999997615814209,0.43653780221939087,0.49723905324935913,0.09862511605024338,1.873374342918396,0.024859245866537094,0.004418075084686279,3.2951938919723034e-06,2
0,71,10.970569610595703,1.6993141174316406,1.6993141174316406,16.659448623657227,10.970660209655762,0.15489752836447002,0.9999932646751404,0.04006841778755188,0.9999996423721313,0.441651850938797,0.49474766850471497,0.10335233807563782,1.7750093936920166,0.00378531776368618,0.0018148422241210938,3.219611244276166e-07,1
0,72,10.970660209655762,1.662729263305664,1.662729263305664,16.72965431213379,10.970757484436035,0.15156145861141726,0.9999945163726807,0.03630832955241203,0.9999997019767761,0.4598728120326996,0.48750147223472595,0.10777267068624496,1.7171741724014282,0.005637207999825478,0.00305861234664917,1.0534131433814764e-06,3
0,73,10.970757484436035,1.5707340240478516,1.5707340240478516,16.358741760253906,10.970746994018555,0.14317461909774382,0.9999904632568359,0.04778771102428436,0.9999998211860657,0.466048926115036,0.47969913482666016,0.11149128526449203,1.6989432573318481,0.007838655263185501,0.004772007465362549,3.2890820875763893e-06,0
0,74,10.970746994018555,1.3917945623397827,1.3917945623397827,16.44627571105957,10.970765113830566,0.1268641563877659,0.999984085559845,0.06197997182607651,0.9999997615814209,0.48229312896728516,0.4767901599407196,0.11748465150594711,1.3442983627319336,0.03191450983285904,0.0022808313369750977,1.0119692888110876e-06,3
0,75,10.970765113830566,1.492285132408142,1.492285132408142,16.306787490844727,10.970804214477539,0.1360237975131612,0.9999903440475464,0.0483061708509922,0.9999994039535522,0.47119027376174927,0.5025660395622253,0.12218412011861801,1.9408457279205322,0.035499438643455505,0.002176523208618164,1.1015799827873707e-06,3
0,76,10.970804214477539,1.4334038496017456,1.4334038496017456,16.2268123626709,10.970852851867676,0.13065622369872987,0.9999887347221375,0.051729172468185425,0.9999996423721313,0.4823952615261078,0.5018803477287292,0.12507295608520508,1.6260384321212769,0.021245792508125305,0.0043509602546691895,1.6821431927382946e-06,1
0,77,10.970852851867676,1.6123346090316772,1.6123346090316772,16.262287139892578,10.970730781555176,0.1469652934737151,0.9999904036521912,0.04802381247282028,0.9999997019767761,0.47654297947883606,0.5185338258743286,0.128585547208786,2.115964412689209,0.024138135835528374,0.001228630542755127,4.7066714614629745e-07,2
0,78,10.970730781555176,1.650824785232544,1.650824785232544,16.13165855407715,10.970515251159668,0.15047537106717046,0.9999870657920837,0.05573318898677826,0.9999997019767761,0.48890870809555054,0.5282984972000122,0.13403752446174622,1.8253082036972046,0.013656239956617355,0.002223670482635498,1.2022210285067558e-06,3
0,79,10.970515251159668,1.6829699277877808,1.6829699277877808,16.39160919189453,10.970489501953125,0.1534084670826995,0.9999824166297913,0.06490982323884964,0.9999997019767761,0.4836638271808624,0.5544293522834778,0.1369660198688507,2.255767345428467,0.020367592573165894,0.00608593225479126,6.602960638701916e-06,3
0,80,10.970489501953125,1.6183339357376099,1.6183339357376099,16.182693481445312,10.970478057861328,0.14751702150113635,0.9999881386756897,0.05349072441458702,0.9999995231628418,0.4828867018222809,0.5529531836509705,0.13194316625595093,2.0843148231506348,0.010160261765122414,0.005559027194976807,6.3533661887049675e-06,1
0,81,10.970478057861328,1.6817400455474854,1.6817400455474854,16.359304428100586,10.97052001953125,0.15329687883039594,0.9999918341636658,0.044212158769369125,0.9999997019767761,0.4749892055988312,0.55866938829422,0.1251901537179947,2.354980945587158,0.01425523404031992,0.002073347568511963,8.978749974630773e-07,1
0,82,10.97052001953125,1.6753344535827637,1.6753344535827637,16.302915573120117,10.970559120178223,0.15271240110770498,0.9999764561653137,0.07529129087924957,0.9999998211860657,0.45920097827911377,0.5366601943969727,0.11609712988138199,1.9729398488998413,0.021205715835094452,0.005385279655456543,2.4479086278006434e-06,2
0,83,10.970559120178223,1.7346858978271484,1.7346858978271484,16.510517120361328,10.97065258026123,0.15812192239468717,0.9999882578849792,0.05329165980219841,0.9999992847442627,0.46194571256637573,0.5325279235839844,0.11755964159965515,2.1716489791870117,0.01704169064760208,0.004153251647949219,5.3113908506929874e-06,1
0,84,10.97065258026123,1.8536725044250488,1.8536725044250488,16.576936721801758,10.970519065856934,0.16896647586491245,0.9999889731407166,0.051898043602705,0.9999997019767761,0.4780789613723755,0.5232097506523132,0.1206204816699028,1.9583858251571655,0.005779432598501444,0.0034015774726867676,2.485176082700491e-06,1
0,85,10.970519065856934,1.9468212127685547,1.9468212127685547,16.215030670166016,10.970272064208984,0.17745935275091596,0.9999730587005615,0.08055394142866135,0.9999995827674866,0.47436994314193726,0.5338649749755859,0.12279307097196579,2.089506149291992,0.013629570603370667,0.012029290199279785,1.9338447600603104e-05,2
0,86,10.970272064208984,2.2348392009735107,2.2348392009735107,17.025785446166992,10.970239639282227,0.20371775539321182,0.9999613165855408,0.09649982303380966,0.9999992251396179,0.5009263753890991,0.5343681573867798,0.11572626233100891,2.118429660797119,0.009860824793577194,0.012323558330535889,2.480088733136654e-05,0
0,87,10.970239639282227,1.9514251947402954,1.9514251947402954,17.573392868041992,10.970428466796875,0.17788355212885537,0.9999362826347351,0.12380888313055038,0.999998927116394,0.48431289196014404,0.5230943560600281,0.1165902316570282,1.9302350282669067,0.03011987917125225,0.01728808879852295,3.956316504627466e-05,0
0,88,10.970428466796875,2.0046379566192627,2.0046379566192627,17.617443084716797,10.970430374145508,0.18273105400454548,0.999964714050293,0.09208206087350845,0.9999973773956299,0.4899529814720154,0.5202174782752991,0.10924653708934784,1.9165347814559937,0.004319288767874241,0.0058571696281433105,5.679525202140212e-06,3
0,89,10.970430374145508,2.1649458408355713,2.1649458408355713,17.33500099182129,10.970361709594727,0.19734374741922556,0.9999492764472961,0.11044234037399292,0.9999991059303284,0.5041481852531433,0.529182493686676,0.10560525208711624,2.1073992252349854,0.053750019520521164,0.014797449111938477,2.3445929400622845e-05,3
0,90,10.970361709594727,2.0614123344421387,2.0614123344421387,17.226133346557617,10.970385551452637,0.18790741718563558,0.999980092048645,0.06915663927793503,0.999998152256012,0.5000196099281311,0.5064426064491272,0.0995134487748146,1.7601885795593262,0.09146448969841003,0.006596207618713379,3.8025318644940853e-06,0
0,91,10.970385551452637,1.9199143648147583,1.9199143648147583,17.147836685180664,10.97048568725586,0.17500883226119013,0.999992847442627,0.041484151035547256,0.9999994039535522,0.4857449233531952,0.5041185617446899,0.09720819443464279,1.9710372686386108,0.01190592348575592,0.0032157301902770996,7.615308277308941e-07,2
0,92,10.97048568725586,1.761003017425537,1.761003017425537,16.895906448364258,10.970558166503906,0.1605218827705368,0.9999895691871643,0.050290800631046295,0.9999999403953552,0.47437146306037903,0.49856600165367126,0.0927012488245964,1.784677505493164,0.012705639004707336,0.002698957920074463,1.0250878403894603e-06,2
0,93,10.970558166503906,1.5263392925262451,1.5263392925262451,16.55629539489746,10.970758438110352,0.13913050451585712,0.9999770522117615,0.07434427738189697,0.9999997615814209,0.45031675696372986,0.4997626841068268,0.09504761546850204,1.6655049324035645,0.003165476955473423,0.005816340446472168,2.8352951630949974e-06,1
0,94,10.970758438110352,1.7399828433990479,1.7399828433990479,16.71761703491211,10.970643997192383,0.1586018736275037,0.9999903440475464,0.048249632120132446,0.9999994039535522,0.43574827909469604,0.5270331501960754,0.0986100360751152,2.2417550086975098,0.05017073079943657,0.004548847675323486,1.4437828212976456e-06,3
0,95,10.970643997192383,1.7456839084625244,1.7456839084625244,16.772581100463867,10.97064208984375,0.15912319358000146,0.9999948740005493,0.03504673019051552,0.9999998211860657,0.4213160276412964,0.5253331661224365,0.1069796085357666,2.2871079444885254,0.005818244069814682,0.0011028647422790527,3.2212119549512863e-07,3
0,96,10.97064208984375,1.6112711429595947,1.6112711429595947,16.67810821533203,10.970760345458984,0.14687117944092398,0.9999945759773254,0.03603493049740791,0.9999999403953552,0.4208747148513794,0.5260919332504272,0.11145922541618347,2.2373054027557373,0.010216496884822845,0.0009590983390808105,1.4936085790395737e-07,1
0,97,10.970760345458984,1.5332905054092407,1.5332905054092407,16.400856018066406,10.970845222473145,0.13976155317656722,0.9999912977218628,0.04574127867817879,0.9999998211860657,0.4249432384967804,0.5187204480171204,0.11884714663028717,1.9972152709960938,0.013624588027596474,0.004586338996887207,2.960150595754385e-06,1
0,98,10.970845222473145,1.3019382953643799,1.3019382953643799,15.845406532287598,10.971034049987793,0.11867256067904725,0.9999756813049316,0.07656602561473846,0.9999997615814209,0.437311053276062,0.510919988155365,0.12134674191474915,1.563753604888916,0.019170841202139854,0.004654824733734131,5.552545189857483e-06,3
0,99,10.971034049987793,1.4441208839416504,1.4441208839416504,16.065832138061523,10.971035957336426,0.13163033469422666,0.9999926090240479,0.04227202385663986,0.9999988079071045,0.44518107175827026,0.5025327801704407,0.12507909536361694,1.6834594011306763,0.005838626064360142,0.0036903023719787598,1.6147387214004993e-06,2
0,100,10.971035957336426,1.542879581451416,1.542879581451416,16.30377960205078,10.971019744873047,0.14063207772276776,0.9999916553497314,0.04501788690686226,0.9999998807907104,0.4632910192012787,0.49967461824417114,0.12577387690544128,1.742082118988037,0.003081834875047207,0.004325509071350098,3.555789589881897e-06,3
0,101,10.971019744873047,1.759926438331604,1.759926438331604,16.795705795288086,10.970900535583496,0.16041593938011542,0.999987006187439,0.05596976354718208,0.9999998211860657,0.46730250120162964,0.49675408005714417,0.129924476146698,1.8253554105758667,0.011875823140144348,0.004903852939605713,5.537556717172265e-06,3
0,102,10.970900535583496,1.8494377136230469,1.8494377136230469,16.933496475219727,10.970795631408691,0.16857665490854648,0.999994695186615,0.03566531091928482,0.9999995231628418,0.481294721364975,0.49439722299575806,0.13042381405830383,1.7159384489059448,0.003114873543381691,0.0007509589195251465,1.8539867596700788e-07,0
0,103,10.970795631408691,1.9435447454452515,1.9435447454452515,16.988496780395508,10.970656394958496,0.1771562255595215,0.999995768070221,0.0315067283809185,0.9999998807907104,0.47872260212898254,0.4901390075683594,0.1318129003047943,1.5461087226867676,0.005984008312225342,0.0015636086463928223,4.2188912630081177e-07,1
0,104,10.970656394958496,2.04097318649292,2.04097318649292,16.99795150756836,10.970502853393555,0.18603929546374615,0.9999954104423523,0.03274821117520332,0.9999998807907104,0.4836415946483612,0.4905529022216797,0.12873336672782898,1.3721609115600586,0.0062154196202754974,0.001988708972930908,1.096399500966072e-06,0
0,105,10.970502853393555,2.0978033542633057,2.0978033542633057,16.925281524658203,10.970366477966309,0.19122216932967506,0.9999958276748657,0.03142847120761871,0.9999998807907104,0.47464683651924133,0.4859788119792938,0.1258588582277298,1.1438112258911133,0.005470683798193932,0.0026821494102478027,1.9198632799088955e-06,3
0,106,10.970366477966309,2.1129162311553955,2.1129162311553955,16.843427658081055,10.970277786254883,0.19260215557968205,0.9999974966049194,0.02468154765665531,0.9999998807907104,0.4766886532306671,0.4822806417942047,0.1222621276974678,0.9700233936309814,0.0020910119637846947,0.0020374655723571777,1.0925577953457832e-06,0
0,107,10.970277786254883,2.1261374950408936,2.1261374950408936,16.839109420776367,10.970216751098633,0.1938089022417299,0.9999986886978149,0.017797311767935753,0.9999999403953552,0.46890729665756226,0.4770697355270386,0.12032602727413177,0.8521683812141418,0.000957549549639225,0.000504612922668457,9.554787538945675e-08,2
0,108,10.970216751098633,2.130872964859009,2.130872964859009,16.922855377197266,10.970202445983887,0.19424164656050288,0.999998927116394,0.016264045611023903,0.9999999403953552,0.4715149700641632,0.4708932936191559,0.11740220338106155,0.860511302947998,0.0007758415304124355,0.0013746023178100586,4.478206392377615e-07,2
0,109,10.970202445983887,2.1093966960906982,2.1093966960906982,17.03284454345703,10.970231056213379,0.19228420865313506,0.9999983310699463,0.02044144831597805,0.9999999403953552,0.4662272036075592,0.46737441420555115,0.11549033969640732,0.961151123046875,0.002722599543631077,0.0021116137504577637,1.142412656918168e-06,0
0,110,10.970231056213379,2.0503387451171875,2.0503387451171875,17.12139320373535,10.970307350158691,0.1869002334236074,0.9999972581863403,0.02548675797879696,1.0,0.4673364460468292,0.4667995572090149,0.11328032612800598,1.0982736349105835,0.004799224436283112,0.0022135376930236816,1.234235242009163e-06,1
0,111,10.970307350158691,1.9368762969970703,1.9368762969970703,17.073617935180664,10.970419883728027,0.17655624725674185,0.9999969601631165,0.027403654530644417,0.9999999403953552,0.4630676507949829,0.46703025698661804,0.11181904375553131,1.231406331062317,0.0063819848001003265,0.0010681748390197754,2.579181455075741e-07,0
0,112,10.970419883728027,1.8568322658538818,1.8568322658538818,17.05653953552246,10.970534324645996,0.1692580854273449,0.9999973773956299,0.025427455082535744,0.9999998807907104,0.46274062991142273,0.46754053235054016,0.11091557890176773,1.3288390636444092,0.003105567768216133,0.0012620091438293457,2.5912595447152853e-07,3
0,113,10.970534324645996,1.7854230403900146,1.7854230403900146,16.98105812072754,10.970635414123535,0.16274713587823605,0.9999979138374329,0.02251545712351799,0.9999999403953552,0.4614779055118561,0.46736380457878113,0.11118050664663315,1.4079668521881104,0.0023997146636247635,0.0003923177719116211,-4.5323758968152106e-08,3
0,114,10.970635414123535,1.752762794494629,1.752762794494629,16.966093063354492,10.970721244812012,0.1597685756868861,0.9999985098838806,0.019192777574062347,0.9999998807907104,0.463604599237442,0.46888548135757446,0.11192755401134491,1.4970653057098389,0.0014591459184885025,0.000919044017791748,4.936009645462036e-08,2
0,115,10.970721244812012,1.7206013202667236,1.7206013202667236,16.89664077758789,10.970780372619629,0.156835752351322,0.9999986886978149,0.01787995547056198,1.0,0.4649553894996643,0.4717937707901001,0.11274821311235428,1.56144380569458,0.0014262283220887184,0.0005784034729003906,4.840694600716233e-08,1
0,116,10.970780372619629,1.6777077913284302,1.6777077913284302,16.79536247253418,10.970827102661133,0.1529251096408398,0.9999988079071045,0.017681565135717392,1.0,0.4678192734718323,0.47453612089157104,0.11402613669633865,1.5997843742370605,0.0015192339196801186,0.0005992650985717773,1.327935024164617e-07,3
0,117,10.970827102661133,1.6513806581497192,1.6513806581497192,16.72634506225586,10.970853805541992,0.1505247182091816,0.9999991059303284,0.015446102246642113,1.0,0.47022178769111633,0.47569021582603455,0.11546936631202698,1.6129472255706787,0.0008159717544913292,0.00041222572326660156,-1.7294951248914003e-08,1
0,118,10.970853805541992,1.6097944974899292,1.6097944974899292,16.596969604492188,10.97087574005127,0.14673374798566105,0.9999990463256836,0.0167335644364357,1.0,0.47227534651756287,0.47536030411720276,0.11657930910587311,1.590456485748291,0.0007796334102749825,0.0011527538299560547,3.034801920875907e-07,3
0,119,10.97087574005127,1.5724756717681885,1.5724756717681885,16.527851104736328,10.970905303955078,0.1433318277434833,0.9999991059303284,0.015564590692520142,0.9999998807907104,0.47539380192756653,0.47536501288414,0.11699910461902618,1.5538668632507324,0.0006924308836460114,0.0003750920295715332,-6.704067345708609e-08,0
0,120,10.970905303955078,1.5153489112854004,1.5153489112854004,16.381019592285156,10.970939636230469,0.1381243269631639,0.9999980926513672,0.02110457792878151,1.0,0.47771504521369934,0.47768130898475647,0.11712821573019028,1.4917387962341309,0.0016393885016441345,0.0016245841979980469,4.929897841066122e-07,3
0,121,10.970939636230469,1.451995849609375,1.451995849609375,16.306438446044922,10.97099781036377,0.13234926977579012,0.9999982118606567,0.020544057711958885,1.0,0.4805649518966675,0.48095327615737915,0.11664673686027527,1.410071611404419,0.0017113639041781425,0.0006632208824157715,-3.848981577903032e-09,0
0,122,10.97099781036377,1.380172848701477,1.380172848701477,16.1010684967041,10.971038818359375,0.12580194368443814,0.9999967813491821,0.02815183810889721,0.9999998807907104,0.4818815290927887,0.482778936624527,0.116315558552742,1.2731865644454956,0.0028251297771930695,0.0020452141761779785,9.628420230001211e-07,3
0,123,10.971038818359375,1.3658194541931152,1.3658194541931152,16.139598846435547,10.971070289611816,0.12449317487670342,0.999998927116394,0.016568319872021675,0.9999998211860657,0.4827896058559418,0.4832960069179535,0.11540944874286652,1.2519209384918213,0.000555587001144886,0.0010257959365844727,3.499226295389235e-07,0
0,124,10.971070289611816,1.359074592590332,1.359074592590332,16.107154846191406,10.971068382263184,0.12387803165177054,0.9999991059303284,0.015186609700322151,1.0,0.481948584318161,0.4832550585269928,0.11515534669160843,1.2079607248306274,0.0008396129123866558,0.0005453228950500488,6.849222700111568e-08,3
0,125,10.971068382263184,1.3914217948913574,1.3914217948913574,16.25449562072754,10.971053123474121,0.12682646269353814,0.9999983906745911,0.019019562751054764,1.0,0.4811409115791321,0.4842611849308014,0.11544395983219147,1.2461683750152588,0.0005258084274828434,0.0020232200622558594,1.1680531315505505e-06,0
0,126,10.971053123474121,1.4135377407073975,1.4135377407073975,16.333354949951172,10.971028327941895,0.12884248438127907,0.9999992251396179,0.014279166236519814,0.9999998807907104,0.4800511598587036,0.4868985414505005,0.11691092699766159,1.2522847652435303,0.00010589422890916467,0.0009499788284301758,2.740125637501478e-07,0
0,127,10.971028327941895,1.4763288497924805,1.4763288497924805,16.566604614257812,10.971004486083984,0.1345661323316838,0.9999969601631165,0.026951689273118973,0.9999998807907104,0.4787183701992035,0.48992520570755005,0.11902591586112976,1.3668830394744873,0.0012916885316371918,0.002584099769592285,2.2173335310071707e-06,0
0,128,10.971004486083984,1.5068745613098145,1.5068745613098145,16.74730682373047,10.971002578735352,0.13735064671800912,0.9999978542327881,0.02294762432575226,0.9999999403953552,0.4794274568557739,0.4948391616344452,0.12403346598148346,1.4007205963134766,0.0013191287871450186,0.0020089149475097656,1.3918615877628326e-06,2
1,0,0.0,1.9948420524597168,1.9948420524597168,23.86281967163086,10.960739135742188,1994842052.4597166,nan,nan,nan,0.5054197907447815,0.5309557318687439,0.11542998999357224,2.7722232341766357,nan,nan,nan,2
1,1,10.960739135742188,2.0889158248901367,2.0889158248901367,18.24838638305664,10.967268943786621,0.190581656859101,0.995762825012207,1.0093146562576294,0.8664802312850952,0.49879691004753113,0.5394012331962585,0.12146084755659103,2.122039794921875,0.14465093612670898,0.01753300428390503,1.7853453755378723e-06,2
1,2,10.967268943786621,2.1474428176879883,2.1474428176879883,17.417186737060547,10.96921443939209,0.19580470112430287,0.9995086193084717,0.34383425116539,0.9998480081558228,0.49557366967201233,0.5352868437767029,0.11641283333301544,2.0515389442443848,0.038839951157569885,0.008489549160003662,1.4174147509038448e-06,3
1,3,10.96921443939209,2.122079610824585,2.122079610824585,17.2620906829834,10.969930648803711,0.19345775602707516,0.9999251365661621,0.1341283619403839,0.9999809265136719,0.49275773763656616,0.5202643275260925,0.1090313121676445,2.129849433898926,0.014423210173845291,0.0034252405166625977,1.6010599210858345e-06,1
1,4,10.969930648803711,2.041236162185669,2.041236162185669,17.122426986694336,10.970234870910645,0.1860755758203694,0.9999846816062927,0.06047091260552406,0.9999972581863403,0.49388572573661804,0.5122253894805908,0.10200794786214828,2.175004005432129,0.018727093935012817,0.0010922551155090332,1.176958903670311e-07,0
1,5,10.970234870910645,1.997983455657959,1.997983455657959,17.149429321289062,10.970370292663574,0.18212768269491986,0.9999957084655762,0.03182005137205124,0.9999995231628418,0.4839898347854614,0.49579212069511414,0.09684237092733383,2.1326589584350586,0.01035684160888195,0.0015746355056762695,1.7736601876094937e-07,2
1,6,10.970370292663574,1.8763773441314697,1.8763773441314697,17.14985466003418,10.970470428466797,0.1710404748494493,0.999993085861206,0.04072967544198036,0.9999998807907104,0.47772544622421265,0.4956047832965851,0.09427439421415329,2.0939700603485107,0.01168801635503769,0.0024123787879943848,9.480863809585571e-07,1
1,7,10.970470428466797,1.7543652057647705,1.7543652057647705,16.98116111755371,10.970576286315918,0.1599170443240469,0.9999932050704956,0.04026440903544426,0.9999998807907104,0.45265883207321167,0.4981256425380707,0.0953717976808548,2.084359645843506,0.0020883860997855663,0.00325167179107666,8.495408110320568e-07,3
1,8,10.970576286315918,1.831318974494934,1.831318974494934,16.952510833740234,10.970549583435059,0.16693006153006007,0.999997079372406,0.026981957256793976,0.9999998807907104,0.43959006667137146,0.5233287215232849,0.09843398630619049,2.3189773559570312,0.02212662808597088,0.0019158124923706055,9.147333912551403e-08,2
1,9,10.970549583435059,1.764776349067688,1.764776349067688,16.847339630126953,10.970595359802246,0.1608648988499542,0.9999969005584717,0.02792312577366829,0.9999998807907104,0.4241199195384979,0.5176343321800232,0.10489797592163086,2.303572416305542,0.004357652738690376,0.002106308937072754,7.971539162099361e-07,0
1,10,10.970595359802246,1.7315720319747925,1.7315720319747925,16.910457611083984,10.970660209655762,0.1578375626102762,0.9999967217445374,0.028240393847227097,0.9999998807907104,0.42367440462112427,0.5225796103477478,0.10877739638090134,2.3580312728881836,0.004630105569958687,0.0019211173057556152,6.913905963301659e-07,1
1,11,10.970660209655762,1.7319155931472778,1.7319155931472778,16.90894889831543,10.970681190490723,0.1578679459621712,0.9999973773956299,0.025370968505740166,0.9999998807907104,0.43385276198387146,0.5153875946998596,0.11384464800357819,2.2511582374572754,0.007152358070015907,0.001374363899230957,1.4694523997604847e-07,3
1,12,10.970681190490723,1.546213984489441,1.546213984489441,16.83807945251465,10.970792770385742,0.1409405630918966,0.9999884366989136,0.052804503589868546,0.9999998211860657,0.44760391116142273,0.507426381111145,0.11580848693847656,1.9681233167648315,0.020760687068104744,0.0018530488014221191,6.945047061890364e-07,2
1,13,10.970792770385742,1.585184097290039,1.585184097290039,16.57140350341797,10.970792770385742,0.14449129889400897,0.9999860525131226,0.05786186456680298,0.9999995827674866,0.4579843282699585,0.49883925914764404,0.11968543380498886,1.8722686767578125,0.0028180298395454884,0.004231154918670654,5.8514997363090515e-06,0
1,14,10.970792770385742,1.5849915742874146,1.5849915742874146,16.559337615966797,10.970860481262207,0.14447375020754175,0.9999924898147583,0.0424550361931324,0.999999463558197,0.4757315218448639,0.5047104954719543,0.11843685805797577,2.0195367336273193,0.0032817786559462547,0.003008604049682617,1.0569929145276546e-06,1
1,15,10.970860481262207,1.585901141166687,1.585901141166687,16.3133602142334,10.97089958190918,0.14455576605639486,0.9999873638153076,0.055147480219602585,0.9999997615814209,0.4774562120437622,0.5001383423805237,0.12060896307229996,1.8903164863586426,0.0022683925926685333,0.0056531429290771484,5.408714059740305e-06,1
1,16,10.97089958190918,1.6054352521896362,1.6054352521896362,16.356203079223633,10.9708890914917,0.14633578953151397,0.999990701675415,0.047239672392606735,0.9999995827674866,0.4963371157646179,0.49790701270103455,0.12087833136320114,1.8318672180175781,0.0011231424286961555,0.0010866522789001465,1.669541234150529e-07,2
1,17,10.9708890914917,1.362854242324829,1.362854242324829,15.775768280029297,10.970902442932129,0.1242245939193542,0.9999690651893616,0.08628097176551819,0.9999997019767761,0.4943089187145233,0.48736077547073364,0.12099375575780869,0.9586784839630127,0.048449959605932236,0.00782996416091919,1.4938123058527708e-05,3
1,18,10.970902442932129,1.8090978860855103,1.8090978860855103,16.51540756225586,10.970643997192383,0.1648996420755705,0.9999565482139587,0.10223373025655746,0.9999991655349731,0.4977487623691559,0.509154200553894,0.11895772814750671,2.2014031410217285,0.11725102365016937,0.007961809635162354,1.694372622296214e-05,0
1,19,10.970643997192383,1.8323307037353516,1.8323307037353516,16.70376968383789,10.970551490783691,0.16702125273632826,0.9999898672103882,0.04945550858974457,0.9999988079071045,0.48791590332984924,0.5128244161605835,0.11397659033536911,2.2440578937530518,0.0010846264194697142,0.001986265182495117,5.756446626037359e-07,0
1,20,10.970551490783691,1.8082387447357178,1.8082387447357178,16.666582107543945,10.970556259155273,0.16482660386351686,0.9999947547912598,0.035749927163124084,0.9999997615814209,0.48240262269973755,0.5174214243888855,0.10833937674760818,2.304283380508423,0.004318350926041603,0.0011674761772155762,1.1603697203099728e-07,2
1,21,10.970556259155273,1.658940315246582,1.658940315246582,15.935948371887207,10.970548629760742,0.15121752042993666,0.9999731779098511,0.08065322786569595,0.9999998807907104,0.46344199776649475,0.512913167476654,0.10228405147790909,2.070657730102539,0.01195317693054676,0.011181890964508057,2.7485541068017483e-05,3
1,22,10.970548629760742,1.7117537260055542,1.7117537260055542,16.462610244750977,10.970662117004395,0.15603173403396928,0.9999792575836182,0.07093925774097443,0.9999991655349731,0.4648283123970032,0.5209760665893555,0.09994805604219437,2.19008207321167,0.00567201804369688,0.009214282035827637,1.949601573869586e-05,1
1,23,10.970662117004395,1.4988559484481812,1.4988559484481812,16.4916934967041,10.970868110656738,0.13662401890264878,0.9999789595603943,0.07127556204795837,0.9999992847442627,0.4520021378993988,0.5130282044410706,0.09790793806314468,1.7092183828353882,0.021679222583770752,0.0010677576065063477,1.9436629372648895e-07,0
1,24,10.970868110656738,1.6558586359024048,1.6558586359024048,16.66326332092285,10.970783233642578,0.15093232542773516,0.9999887347221375,0.05196680873632431,0.9999996423721313,0.4481174647808075,0.51217120885849,0.09691642224788666,2.2144598960876465,0.029587987810373306,0.0034691691398620605,2.582557499408722e-06,2
1,25,10.970783233642578,1.4868558645248413,1.4868558645248413,15.874106407165527,10.970593452453613,0.13552868859584308,0.9999579191207886,0.10060756653547287,0.9999997019767761,0.4402942359447479,0.47889289259910583,0.09542267769575119,1.6452521085739136,0.03588150814175606,0.011418700218200684,3.2707059290260077e-05,1
1,26,10.970593452453613,1.6155664920806885,1.6155664920806885,15.974137306213379,10.970438003540039,0.14726336356210165,0.9999866485595703,0.056598737835884094,0.999998927116394,0.43136805295944214,0.4735075533390045,0.09631312638521194,2.0134410858154297,0.04218076542019844,0.002623260021209717,1.9391882233321667e-07,0
1,27,10.970438003540039,1.5344396829605103,1.5344396829605103,15.309269905090332,10.970370292663574,0.13987041196216263,0.9999670386314392,0.08897173404693604,0.9999997019767761,0.42557138204574585,0.4746430814266205,0.09766718745231628,1.6909966468811035,0.018420834094285965,0.009456813335418701,3.41667328029871e-05,1
1,28,10.970370292663574,1.6059237718582153,1.6059237718582153,15.810715675354004,10.97048282623291,0.14638738064586349,0.9999803304672241,0.06871620565652847,0.9999988079071045,0.4348638355731964,0.48131847381591797,0.10345197468996048,1.7104426622390747,0.01383175328373909,0.009100139141082764,1.54070439748466e-05,1
1,29,10.97048282623291,1.5828369855880737,1.5828369855880737,16.09798812866211,10.970619201660156,0.14428143324769188,0.9999881982803345,0.05321992561221123,0.9999995231628418,0.4529762864112854,0.47492626309394836,0.10808286815881729,1.6287322044372559,0.002902132924646139,0.005717873573303223,8.725852239876986e-06,1
1,30,10.970619201660156,1.4927414655685425,1.4927414655685425,15.691009521484375,10.970616340637207,0.13606720260080213,0.9999894499778748,0.050382643938064575,0.9999997019767761,0.46194133162498474,0.46639716625213623,0.11278326064348221,1.5280065536499023,0.0077394284307956696,0.005111992359161377,4.054512828588486e-06,1
1,31,10.970616340637207,1.3361997604370117,1.3361997604370117,15.766557693481445,10.9706449508667,0.1217980575519243,0.9999862313270569,0.05764088034629822,0.9999996423721313,0.47819167375564575,0.46499454975128174,0.11995062977075577,1.235288381576538,0.020718209445476532,0.0024294257164001465,1.3436219887807965e-06,2
1,32,10.9706449508667,1.406477689743042,1.406477689743042,15.488487243652344,10.970664978027344,0.1282037378879833,0.9999868869781494,0.05614747479557991,0.9999995231628418,0.4705224335193634,0.48688432574272156,0.12581250071525574,1.6946861743927002,0.01943531446158886,0.0044100284576416016,4.622794222086668e-06,2
1,33,10.970664978027344,1.3891522884368896,1.3891522884368896,15.527177810668945,10.970710754394531,0.12662425579663228,0.9999886751174927,0.05225737765431404,0.9999996423721313,0.47926512360572815,0.4908072054386139,0.12950779497623444,1.4903779029846191,0.012461360543966293,0.004055142402648926,5.973270162940025e-07,0
1,34,10.970710754394531,1.5042885541915894,1.5042885541915894,14.999077796936035,10.97054672241211,0.13711860497178976,0.9999777674674988,0.07304900139570236,0.9999996423721313,0.47277337312698364,0.5007091164588928,0.1318884640932083,1.73761785030365,0.006050082854926586,0.00935351848602295,2.0526000298559666e-05,0
1,35,10.97054672241211,1.546258568763733,1.546258568763733,14.4276123046875,10.9702787399292,0.14094635462468136,0.9999686479568481,0.08682097494602203,0.999998927116394,0.4751635789871216,0.5064229369163513,0.13413463532924652,1.4986776113510132,0.005891386419534683,0.010348379611968994,2.9205926693975925e-05,1
1,36,10.9702787399292,1.6062425374984741,1.6062425374984741,15.265785217285156,10.970218658447266,0.1464176595305764,0.9999469518661499,0.11307071149349213,0.9999985694885254,0.4795479476451874,0.537886917591095,0.13710591197013855,2.0172271728515625,0.02136371284723282,0.013718783855438232,5.538610275834799e-05,2
1,37,10.970218658447266,1.5666557550430298,1.5666557550430298,15.360859870910645,10.970256805419922,0.14280989320451482,0.9999898672103882,0.04952492564916611,0.9999980926513672,0.47696131467819214,0.5428211092948914,0.1318323314189911,1.9581935405731201,0.0053339991718530655,0.0015066862106323242,6.323098205029964e-07,2
1,38,10.970256805419922,1.596038579940796,1.596038579940796,15.531257629394531,10.97033977508545,0.14548780472962705,0.9999884366989136,0.05296200513839722,0.999999463558197,0.4713260531425476,0.5469058752059937,0.12431429326534271,2.159013271331787,0.007992958649992943,0.0021529197692871094,1.0983640095219016e-06,1
1,39,10.97033977508545,1.6371521949768066,1.6371521949768066,15.880406379699707,10.970440864562988,0.14923441101568385,0.9999701976776123,0.0847567766904831,0.9999997615814209,0.46087878942489624,0.5309945940971375,0.11519118398427963,1.8682414293289185,0.013293970376253128,0.008691787719726562,5.593756213784218e-06,1
1,40,10.970440864562988,1.7030417919158936,1.7030417919158936,16.30056381225586,10.970599174499512,0.1552391387858536,0.9999773502349854,0.0737331435084343,0.9999991059303284,0.4666634202003479,0.5299384593963623,0.11669411510229111,2.128535747528076,0.016168691217899323,0.00729978084564209,1.8318998627364635e-05,2
1,41,10.970599174499512,1.8374545574188232,1.8374545574188232,16.483882904052734,10.970494270324707,0.16748898835807202,0.9999874830245972,0.05496138706803322,0.9999992251396179,0.4852600693702698,0.5237177014350891,0.12025227397680283,1.950074315071106,0.004122915677726269,0.0030266642570495605,1.0086805559694767e-06,2
1,42,10.970494270324707,1.9380546808242798,1.9380546808242798,16.19588851928711,10.97026538848877,0.1766606529358241,0.9999740719795227,0.07892367988824844,0.9999996423721313,0.48301512002944946,0.5309271216392517,0.12274643033742905,2.1470084190368652,0.018194781616330147,0.01086735725402832,1.4457502402365208e-05,2
1,43,10.97026538848877,2.2044169902801514,2.2044169902801514,16.97916603088379,10.970248222351074,0.2009447276082557,0.9999622106552124,0.09534524381160736,0.9999994039535522,0.503582775592804,0.5308740735054016,0.11449922621250153,2.1874399185180664,0.013038476929068565,0.012179911136627197,2.469378523528576e-05,2
1,44,10.970248222351074,2.0767791271209717,2.0767791271209717,16.940109252929688,10.970314025878906,0.18931013091296212,0.9999966025352478,0.029071735218167305,0.999998927116394,0.4972032904624939,0.5397831201553345,0.12062010169029236,2.1764349937438965,0.005257066339254379,0.0028907060623168945,1.7367128748446703e-06,0
1,45,10.970314025878906,2.13485050201416,2.13485050201416,17.069252014160156,10.97032642364502,0.19460249697301832,0.999997615814209,0.024387400597333908,0.9999999403953552,0.4949159622192383,0.5446010828018188,0.1167096346616745,2.1338939666748047,0.016539718955755234,0.003042280673980713,1.3418903108686209e-06,2
1,46,10.97032642364502,2.162022829055786,2.162022829055786,17.193157196044922,10.97032642364502,0.19707917026022537,0.9999982118606567,0.020555131137371063,0.9999999403953552,0.49460145831108093,0.5309854745864868,0.10987124592065811,2.081214427947998,0.006067045032978058,0.00237882137298584,1.016742317005992e-06,1
1,47,10.97032642364502,2.1149168014526367,2.1149168014526367,17.22614097595215,10.970352172851562,0.19278522076555776,0.9999984502792358,0.018607042729854584,1.0,0.4973698854446411,0.5280433893203735,0.10191605240106583,2.157622814178467,0.014016048982739449,0.0014839768409729004,5.605252226814628e-07,0
1,48,10.970352172851562,2.041938304901123,2.041938304901123,17.24811363220215,10.970401763916016,0.18613242972767344,0.9999977946281433,0.022620633244514465,1.0,0.4871087968349457,0.505534291267395,0.09706630557775497,2.165334939956665,0.01807445101439953,0.0015259981155395508,2.555316314101219e-07,2
1,49,10.970401763916016,1.588099479675293,1.588099479675293,16.222110748291016,10.970718383789062,0.14476219867342416,0.9999141693115234,0.1436956524848938,1.0,0.475372314453125,0.48052120208740234,0.09494096785783768,1.0086009502410889,0.21690237522125244,0.016325950622558594,5.096165114082396e-05,3
1,50,10.970718383789062,1.746321439743042,1.746321439743042,16.729082107543945,10.97064208984375,0.15918022673187043,0.9999741315841675,0.07887140661478043,0.9999977350234985,0.4499865174293518,0.5016433000564575,0.094762422144413,2.0779852867126465,0.10617023706436157,0.008597493171691895,1.6155332559719682e-05,0
1,51,10.97064208984375,1.7821531295776367,1.7821531295776367,16.753978729248047,10.970584869384766,0.16244747709229287,0.9999939799308777,0.03813985362648964,0.999998927116394,0.4356510043144226,0.5243614315986633,0.0977570042014122,2.2978591918945312,0.01591019704937935,0.0022092461585998535,8.38917912915349e-07,1
1,52,10.970584869384766,1.7488598823547363,1.7488598823547363,16.68824577331543,10.970602035522461,0.15941355025065432,0.9999962449073792,0.03051963448524475,0.9999997019767761,0.42099350690841675,0.5206255316734314,0.10458192974328995,2.313856363296509,0.0038745112251490355,0.001484215259552002,4.82192263007164e-07,2
1,53,10.970602035522461,1.4011800289154053,1.4011800289154053,15.967643737792969,10.970824241638184,0.12772134331173704,0.9999695420265198,0.08555108308792114,0.9999999403953552,0.4153342843055725,0.5163098573684692,0.10828044265508652,2.008324146270752,0.03409874811768532,0.008909523487091064,1.3512442819774151e-05,0
1,54,10.970824241638184,1.2756370306015015,1.2756370306015015,14.818737983703613,10.970894813537598,0.11627540488343663,0.9999242424964905,0.1348806768655777,0.9999989867210388,0.41627636551856995,0.5079851746559143,0.1127699762582779,1.4779446125030518,0.02361913025379181,0.0202481746673584,7.575703784823418e-05,1
1,55,10.970894813537598,1.2300845384597778,1.2300845384597778,15.238494873046875,10.97089958190918,0.11212253506814303,0.9999746084213257,0.07802583277225494,0.9999972581863403,0.43432193994522095,0.5042946338653564,0.114658422768116,1.4331187009811401,0.002094494877383113,0.008815586566925049,1.1939671821892262e-05,3
1,56,10.97089958190918,1.55735182762146,1.55735182762146,16.090585708618164,10.970785140991211,0.14195297441146082,0.9999520778656006,0.10729743540287018,0.9999992847442627,0.45505791902542114,0.5031133890151978,0.11890877038240433,1.880354881286621,0.01580490544438362,0.012712299823760986,2.577155828475952e-05,1
1,57,10.970785140991211,1.5469290018081665,1.5469290018081665,16.323501586914062,10.970860481262207,0.14100440232196557,0.9999831914901733,0.06359624117612839,0.9999987483024597,0.47280946373939514,0.5099389553070068,0.11723800748586655,2.0259759426116943,0.003125538118183613,0.007620573043823242,1.001986674964428e-05,3
1,58,10.970860481262207,1.597939372062683,1.597939372062683,16.286279678344727,10.97088623046875,0.14565305745997773,0.9999890923500061,0.05111811310052872,0.9999994039535522,0.47541967034339905,0.5084845423698425,0.11909221112728119,1.9747695922851562,0.001134136226028204,0.0027524232864379883,9.76724550127983e-07,2
1,59,10.97088623046875,1.5685288906097412,1.5685288906097412,16.22322654724121,10.97089958190918,0.14297194024795964,0.9999901056289673,0.048896972090005875,0.9999995827674866,0.49123504757881165,0.5036758184432983,0.11792197078466415,1.8204498291015625,0.0028899600729346275,0.0008399486541748047,8.571078069508076e-09,1
1,60,10.97089958190918,1.4996716976165771,1.4996716976165771,16.366729736328125,10.97083854675293,0.13669541740127758,0.9999824166297913,0.06537706404924393,0.9999996423721313,0.4926733076572418,0.4940858781337738,0.11769367754459381,1.1913604736328125,0.024809394031763077,0.0013369321823120117,2.797751221805811e-07,1
1,61,10.97083854675293,1.789511799812317,1.789511799812317,16.536048889160156,10.97062873840332,0.16311531631663323,0.9999781250953674,0.07283075153827667,0.9999990463256836,0.48588669300079346,0.5091834664344788,0.11280955374240875,2.191265821456909,0.08908998966217041,0.0028623342514038086,5.735273589380085e-07,0
1,62,10.97062873840332,1.8377251625061035,1.8377251625061035,16.656932830810547,10.970519065856934,0.1675132033292714,0.9999921321868896,0.04329897090792656,0.9999992847442627,0.4742657244205475,0.5081994533538818,0.10697697103023529,2.1985883712768555,0.0036591002717614174,0.0011729598045349121,3.537861630320549e-07,3
1,63,10.970519065856934,1.8723465204238892,1.8723465204238892,16.83795928955078,10.970498085021973,0.17067073209426448,0.9999950528144836,0.0341971330344677,0.9999997615814209,0.4697681665420532,0.50994473695755,0.10120339691638947,2.233586549758911,0.007103150710463524,0.00285261869430542,1.2825476005673409e-06,0
1,64,10.970498085021973,1.8956485986709595,1.8956485986709595,17.040563583374023,10.970501899719238,0.1727951259805687,0.9999953508377075,0.033456943929195404,0.9999998807907104,0.45820915699005127,0.5082998871803284,0.09566812217235565,2.2134993076324463,0.0035094842314720154,0.0023095011711120605,1.3820827007293701e-06,1
1,65,10.970501899719238,1.8541306257247925,1.8541306257247925,17.108129501342773,10.970576286315918,0.16901055600493942,0.9999943971633911,0.03668065369129181,0.9999998807907104,0.4577896296977997,0.5049087405204773,0.09319330751895905,2.1720170974731445,0.00486195832490921,0.0028082728385925293,1.813139533624053e-06,2
1,66,10.970576286315918,1.5932961702346802,1.5932961702346802,16.85025978088379,10.970768928527832,0.14523358925292454,0.9999828338623047,0.06426624208688736,0.9999997615814209,0.44707638025283813,0.4976118803024292,0.09204605221748352,1.806278944015503,0.0315534844994545,0.0027468204498291016,1.6536505427211523e-06,0
1,67,10.970768928527832,1.733215093612671,1.733215093612671,16.95208740234375,10.97070026397705,0.15798483268622185,0.9999919533729553,0.044191423803567886,0.9999997615814209,0.44536781311035156,0.5056294798851013,0.09229481965303421,2.2721288204193115,0.026913942769169807,0.0028325319290161133,1.3152166502550244e-06,1
1,68,10.97070026397705,1.5946775674819946,1.5946775674819946,16.60704803466797,10.970586776733398,0.1453578649594697,0.9999830722808838,0.06391222029924393,0.9999997615814209,0.44495195150375366,0.4870361387729645,0.09267716109752655,1.914644479751587,0.028287777677178383,0.0041002631187438965,4.782050382345915e-06,0
1,69,10.970586776733398,1.7361687421798706,1.7361687421798706,16.82680320739746,10.970515251159668,0.15825668922850744,0.9999881386756897,0.053289733827114105,0.9999997019767761,0.43681997060775757,0.48927924036979675,0.09457830339670181,2.1857481002807617,0.053495895117521286,0.005349993705749512,2.408458385616541e-06,1
1,70,10.970515251159668,1.6953628063201904,1.6953628063201904,16.69459342956543,10.970548629760742,0.15453812036230272,0.9999905824661255,0.047580067068338394,0.9999998211860657,0.437220960855484,0.49539706110954285,0.09788046032190323,1.8656280040740967,0.023504190146923065,0.0039931535720825195,2.1962623577564955e-06,1
1,71,10.970548629760742,1.6845030784606934,1.6845030784606934,16.578041076660156,10.9706449508667,0.15354775183175418,0.9999933242797852,0.04000811651349068,0.9999997615814209,0.44198763370513916,0.49323636293411255,0.10261265188455582,1.7653108835220337,0.003833525814116001,0.001567244529724121,1.4656325220130384e-07,1
1,72,10.9706449508667,1.644039511680603,1.644039511680603,16.639245986938477,10.970745086669922,0.14985805474916233,0.9999945163726807,0.036260396242141724,0.9999996423721313,0.45961761474609375,0.4853378236293793,0.10708484798669815,1.7084295749664307,0.005465907044708729,0.003014683723449707,9.527866495773196e-07,2
1,73,10.970745086669922,1.4755892753601074,1.4755892753601074,15.752387046813965,10.970682144165039,0.13450219321502896,0.9999655485153198,0.09106698632240295,0.9999997615814209,0.46211567521095276,0.4729554057121277,0.1100887730717659,1.5597498416900635,0.01991446688771248,0.012506961822509766,3.145798109471798e-05,2
1,74,10.970682144165039,1.307237148284912,1.307237148284912,15.710877418518066,10.970664978027344,0.11915732596265133,0.9999859929084778,0.05820747837424278,0.999998927116394,0.4767910838127136,0.47160714864730835,0.11596299707889557,1.2091649770736694,0.022961925715208054,0.0007349848747253418,3.010063664987683e-08,2
1,75,10.970664978027344,1.3708349466323853,1.3708349466323853,15.322160720825195,10.970667839050293,0.12495459020742768,0.9999814629554749,0.0667763277888298,0.9999996423721313,0.4685596525669098,0.4927200376987457,0.12070557475090027,1.6970292329788208,0.02020019106566906,0.006228327751159668,9.961717296391726e-06,3
1,76,10.970667839050293,1.4152451753616333,1.4152451753616333,15.878286361694336,10.970755577087402,0.12900264561142233,0.9999797344207764,0.06955059617757797,0.999999463558197,0.4818776249885559,0.49850115180015564,0.12486137449741364,1.5927228927612305,0.005574348382651806,0.009544789791107178,1.093931496143341e-05,3
1,77,10.970755577087402,1.6032525300979614,1.6032525300979614,16.145244598388672,10.970684051513672,0.1461387521426856,0.9999859929084778,0.057890553027391434,0.9999994039535522,0.4768677353858948,0.5166194438934326,0.1286296546459198,2.0981385707855225,0.025518594309687614,0.00395888090133667,5.196547135710716e-06,2
1,78,10.970684051513672,1.6346349716186523,1.6346349716186523,15.999273300170898,10.970488548278809,0.14900027782616845,0.9999877214431763,0.05423342064023018,0.9999996423721313,0.4889107942581177,0.5254092216491699,0.13405701518058777,1.7841928005218506,0.01513022929430008,0.0022081732749938965,9.617942851036787e-07,3
1,79,10.970488548278809,1.6720528602600098,1.6720528602600098,16.282676696777344,10.970464706420898,0.15241371000950937,0.9999803900718689,0.06864050775766373,0.9999996423721313,0.4844261705875397,0.5530652403831482,0.1373554766178131,2.225200653076172,0.02044537290930748,0.006488978862762451,7.786729838699102e-06,3
1,80,10.970464706420898,1.6137473583221436,1.6137473583221436,16.132030487060547,10.970462799072266,0.1470992707699642,0.9999887347221375,0.05172090232372284,0.9999994039535522,0.4838012754917145,0.5529710054397583,0.13240152597427368,2.0667781829833984,0.009647687897086143,0.0050972700119018555,4.686764441430569e-06,0
1,81,10.970462799072266,1.676700234413147,1.676700234413147,16.309114456176758,10.970507621765137,0.1528376938259104,0.9999912977218628,0.04556330293416977,0.9999996423721313,0.47518616914749146,0.5583912134170532,0.12511490285396576,2.340665817260742,0.014186516404151917,0.0020829439163208008,9.142750059254467e-07,0
1,82,10.970507621765137,1.6679036617279053,1.6679036617279053,16.260967254638672,10.970553398132324,0.1520352311153622,0.9999762177467346,0.07546018064022064,0.9999997615814209,0.4589981138706207,0.5365620851516724,0.11603157967329025,1.9594467878341675,0.02070430852472782,0.00529170036315918,2.221466274932027e-06,1
1,83,10.970553398132324,1.7331881523132324,1.7331881523132324,16.493515014648438,10.970649719238281,0.1579854807149745,0.9999873638153076,0.054950613528490067,0.9999993443489075,0.461936354637146,0.5323265194892883,0.1174502819776535,2.164424419403076,0.01735052652657032,0.004432260990142822,6.123911589384079e-06,0
1,84,10.970649719238281,1.8517946004867554,1.8517946004867554,16.565780639648438,10.97052001953125,0.1687953446585231,0.9999886751174927,0.05213972553610802,0.9999996423721313,0.47783100605010986,0.5227410197257996,0.1206221729516983,1.9517866373062134,0.0056412857957184315,0.0032837986946105957,2.293672878295183e-06,2
1,85,10.97052001953125,1.945663332939148,1.945663332939148,16.19847869873047,10.970267295837402,0.17735379266208043,0.9999722838401794,0.08169569075107574,0.9999996423721313,0.47435587644577026,0.5334985256195068,0.12287601083517075,2.0849404335021973,0.013493426144123077,0.012235283851623535,1.989083830267191e-05,3
1,86,10.970267295837402,2.234816074371338,2.234816074371338,17.0223331451416,10.970235824584961,0.2037157358252633,0.9999603629112244,0.09769310057163239,0.9999993443489075,0.5009263753890991,0.5343681573867798,0.11572626233100891,2.1185388565063477,0.010421453043818474,0.012543082237243652,2.5916844606399536e-05,2
1,87,10.970235824584961,2.094794273376465,2.094794273376465,16.973968505859375,10.970303535461426,0.1909525289038823,0.9999960064888,0.031105590984225273,0.9999990463256836,0.4971919357776642,0.5478610992431641,0.12315214425325394,2.1093595027923584,0.005567134357988834,0.003014206886291504,2.043845597654581e-06,3
1,88,10.970303535461426,2.2070276737213135,2.2070276737213135,17.334308624267578,10.970364570617676,0.2011820061848893,0.9999887347221375,0.0518348291516304,0.9999998807907104,0.5111128687858582,0.5382267236709595,0.1241234615445137,2.0749168395996094,0.01723909005522728,0.003598332405090332,2.733897417783737e-06,3
1,89,10.970364570617676,2.199824333190918,2.199824333190918,17.323694229125977,10.970343589782715,0.20052426872692883,0.9999961256980896,0.030305013060569763,0.9999997615814209,0.486245334148407,0.5433065891265869,0.10788901895284653,2.001519203186035,0.08196749538183212,0.002541840076446533,1.2789969332516193e-06,0
1,90,10.970343589782715,2.02486515045166,2.02486515045166,17.15936279296875,10.970433235168457,0.18457627456058245,0.9999921321868896,0.0437287837266922,0.9999997615814209,0.498533695936203,0.5161203145980835,0.10267598181962967,2.0318541526794434,0.11265607178211212,0.0024137496948242188,1.2625823728740215e-06,3
1,91,10.970433235168457,1.9266740083694458,1.9266740083694458,17.274250030517578,10.970511436462402,0.17562424081785688,0.9999894499778748,0.05068008601665497,0.9999996423721313,0.4915374219417572,0.4964987337589264,0.09630011022090912,1.7535922527313232,0.022009070962667465,0.0036749839782714844,6.303453119471669e-07,0
1,92,10.970511436462402,1.8456543684005737,1.8456543684005737,16.99799156188965,10.970512390136719,0.1682377689581746,0.999990701675415,0.04715372249484062,0.9999995827674866,0.47851231694221497,0.49944227933883667,0.09248135983943939,1.8001835346221924,0.003166890935972333,0.0024123191833496094,1.4176766853779554e-06,3
1,93,10.970512390136719,1.791308045387268,1.791308045387268,17.00059700012207,10.970576286315918,0.1632838997563854,0.9999932646751404,0.04021709784865379,0.9999998807907104,0.4514293968677521,0.5090907216072083,0.09520663321018219,2.0704946517944336,0.01381991058588028,0.0018339157104492188,3.0754017643630505e-07,0
1,94,10.970576286315918,1.8043218851089478,1.8043218851089478,16.913875579833984,10.970572471618652,0.16446919815502836,0.9999959468841553,0.03141741827130318,0.9999997615814209,0.4360101819038391,0.5294204950332642,0.09868896752595901,2.2858259677886963,0.016213005408644676,0.0020912885665893555,2.119049895554781e-07,0
1,95,10.970572471618652,1.746469497680664,1.746469497680664,16.8209285736084,10.970627784729004,0.15919583979768206,0.999995768070221,0.03178131580352783,0.9999998211860657,0.4218447506427765,0.5253012776374817,0.10762370377779007,2.284015655517578,0.005940590985119343,0.001554727554321289,4.48912032879889e-07,0
1,96,10.970627784729004,1.614830493927002,1.614830493927002,16.695404052734375,10.970757484436035,0.14719581464379172,0.9999939799308777,0.037992727011442184,0.9999998807907104,0.42102381587028503,0.5261067748069763,0.11202952265739441,2.2458441257476807,0.009819111786782742,0.0008934140205383301,1.6152625903487206e-07,1
1,97,10.970757484436035,1.5098000764846802,1.5098000764846802,16.334962844848633,10.970857620239258,0.1376204039353344,0.9999887943267822,0.051648594439029694,0.9999998211860657,0.4239709973335266,0.5184960961341858,0.11878412216901779,1.9693996906280518,0.016069361940026283,0.005791902542114258,4.703353624790907e-06,3
1,98,10.970857620239258,1.28437340259552,1.28437340259552,15.764204978942871,10.971049308776855,0.11707137646432328,0.9999740123748779,0.07903369516134262,0.9999996423721313,0.4365327060222626,0.5106525421142578,0.12134534865617752,1.5399750471115112,0.018285643309354782,0.004957854747772217,6.187416147440672e-06,0
1,99,10.971049308776855,1.432416558265686,1.432416558265686,16.00664520263672,10.971044540405273,0.13056331422371337,0.9999920725822449,0.04343824461102486,0.9999986290931702,0.44508665800094604,0.502301812171936,0.1251431107521057,1.665510892868042,0.0062317512929439545,0.004050850868225098,1.7906422726809978e-06,2
1,100,10.971044540405273,1.518835425376892,1.518835425376892,16.22345733642578,10.97103500366211,0.13844036634644688,0.9999921321868896,0.043815381824970245,0.9999997019767761,0.46242406964302063,0.4995812177658081,0.12591417133808136,1.7263637781143188,0.002563260495662689,0.004156827926635742,3.3541873563081026e-06,2
1,101,10.97103500366211,1.7161394357681274,1.7161394357681274,16.66860008239746,10.970927238464355,0.1564245702611726,0.9999887943267822,0.052311383187770844,0.9999998211860657,0.46623802185058594,0.49668794870376587,0.1294519305229187,1.8127391338348389,0.010213552042841911,0.004460632801055908,4.536035703495145e-06,2
1,102,10.970927238464355,1.7296266555786133,1.7296266555786133,16.618288040161133,10.970868110656738,0.15765546685192636,0.9999970197677612,0.026394464075565338,0.9999996423721313,0.47633692622184753,0.4930424392223358,0.1295803040266037,1.6875054836273193,0.0019721025601029396,0.0016199350357055664,3.471213858574629e-07,0
1,103,10.970868110656738,1.662034273147583,1.662034273147583,16.280786514282227,10.970839500427246,0.15149523778643714,0.9999948740005493,0.03534946218132973,0.9999998807907104,0.4704633057117462,0.487979918718338,0.12926411628723145,1.5377401113510132,0.002040968742221594,0.004890382289886475,5.91290881857276e-06,2
1,104,10.970839500427246,1.810336947441101,1.810336947441101,16.391199111938477,10.970684051513672,0.16501352949066475,0.9999962449073792,0.030527541413903236,0.9999997615814209,0.47467175126075745,0.485480934381485,0.12700507044792175,1.455451488494873,0.007788084447383881,0.0013715028762817383,3.258755896240473e-07,0
1,105,10.970684051513672,1.78517484664917,1.78517484664917,16.311227798461914,10.97062873840332,0.16272229136002342,0.9999986290931702,0.01831039972603321,0.9999998807907104,0.4692588746547699,0.48127835988998413,0.12514561414718628,1.3739649057388306,0.0005412305472418666,0.0016448497772216797,7.71047780290246e-07,2
1,106,10.97062873840332,1.915780782699585,1.915780782699585,16.46531867980957,10.970501899719238,0.17462816656927635,0.9999969005584717,0.02738339826464653,1.0,0.4703533947467804,0.4796043932437897,0.12288796156644821,1.2504937648773193,0.005492169409990311,0.0006523728370666504,-3.4875483834184706e-08,0
1,107,10.970501899719238,1.9157648086547852,1.9157648086547852,16.499980926513672,10.970460891723633,0.1746287294935717,0.9999997019767761,0.009090936742722988,1.0,0.4703533947467804,0.4796043932437897,0.12288796156644821,1.2507691383361816,2.8136128094047308e-08,0.00014770030975341797,9.539689926896244e-08,0
1,108,10.970460891723633,1.9157556295394897,1.9157556295394897,16.50837516784668,10.97044849395752,0.17462854555042256,0.9999998807907104,0.0031336210668087006,0.9999999403953552,0.4703533947467804,0.4796043932437897,0.12288796156644821,1.250866413116455,8.4039584180573e-09,5.984306335449219e-05,-4.220100890961476e-08,0
1,109,10.97044849395752,1.9157519340515137,1.9157519340515137,16.510425567626953,10.970442771911621,0.1746284060407104,0.9999999403953552,0.0011094671208411455,0.9999998807907104,0.4703533947467804,0.4796043932437897,0.12288796156644821,1.2508962154388428,1.9737456113944063e-08,1.9311904907226562e-05,2.1639721126121003e-08,0
1,110,10.970442771911621,1.915750503540039,1.915750503540039,16.51093101501465,10.970442771911621,0.1746283667278286,1.0000001192092896,0.00039967449265532196,1.0,0.4703533947467804,0.4796043932437897,0.12288796156644821,1.250905156135559,1.8370172938375617e-08,6.496906280517578e-06,-6.659574580680783e-08,1
1,111,10.970442771911621,2.0317764282226562,2.0317764282226562,16.60858154296875,10.970330238342285,0.18520459661161107,0.9999975562095642,0.024614473804831505,1.0,0.467698872089386,0.4749680757522583,0.12089124321937561,1.0173468589782715,0.007998118177056313,0.0003032088279724121,5.056426743976772e-08,2
1,112,10.970330238342285,2.045987367630005,2.045987367630005,16.680660247802734,10.970283508300781,0.18650189403406436,0.9999990463256836,0.014937498606741428,1.0,0.4688955545425415,0.4712563157081604,0.11974804848432541,0.9785032272338867,0.00027395260985940695,0.000796198844909668,1.380685716867447e-07,0
1,113,10.970283508300781,1.976144552230835,1.976144552230835,16.646160125732422,10.970325469970703,0.18013614240102038,0.9999992251396179,0.014273641631007195,1.0,0.466971218585968,0.47052955627441406,0.12001457065343857,1.0993167161941528,0.004558270797133446,0.000584721565246582,1.1894735507667065e-07,3
1,114,10.970325469970703,1.9342713356018066,1.9342713356018066,16.640321731567383,10.97037124633789,0.17631850038510957,0.9999991059303284,0.015682652592658997,1.0,0.4657445251941681,0.46754220128059387,0.11782055348157883,1.1338911056518555,0.0017666900530457497,0.0006923079490661621,1.1060910765081644e-07,0
1,115,10.97037124633789,1.9342950582504272,1.9342950582504272,16.641239166259766,10.970389366149902,0.17631992708506836,0.9999998807907104,0.00538961635902524,1.0,0.4657445251941681,0.46754220128059387,0.11782055348157883,1.1336125135421753,4.0160102798836306e-08,0.0002537965774536133,-1.8044374883174896e-09,0
1,116,10.970389366149902,1.9343053102493286,1.9343053102493286,16.641857147216797,10.970396995544434,0.1763205703726248,0.9999998807907104,0.0018917586421594024,1.0,0.4657445251941681,0.46754220128059387,0.11782055348157883,1.1335132122039795,-7.792095857439563e-09,0.00010079145431518555,-2.6742782210931182e-08,1
1,117,10.970396995544434,1.8393934965133667,1.8393934965133667,16.63235092163086,10.970466613769531,0.1676688179343397,0.9999979138374329,0.02193504385650158,1.0,0.4615055024623871,0.4651370048522949,0.11305098235607147,1.204940676689148,0.0045861974358558655,0.0010297298431396484,3.4683034755289555e-07,2
1,118,10.970466613769531,1.7318836450576782,1.7318836450576782,16.535564422607422,10.970571517944336,0.15786781966811808,0.9999971985816956,0.02569093182682991,0.9999999403953552,0.4600936770439148,0.4649660289287567,0.11175723373889923,1.2699155807495117,0.004033185541629791,0.0008556842803955078,5.991023499518633e-08,0
1,119,10.970571517944336,1.6058436632156372,1.6058436632156372,16.14929962158203,10.970674514770508,0.14637739342831793,0.999992847442627,0.041776884347200394,0.9999998211860657,0.45704367756843567,0.4643288552761078,0.11150232702493668,1.270632028579712,0.0035003740340471268,0.0038657188415527344,4.963367246091366e-06,0
1,120,10.970674514770508,1.6063587665557861,1.6063587665557861,16.068273544311523,10.97070026397705,0.1464229719324044,0.9999990463256836,0.014751721173524857,0.9999996423721313,0.45704367756843567,0.4643288552761078,0.11150232702493668,1.2737555503845215,8.140632417052984e-07,0.0012077689170837402,3.7750578485429287e-07,1
1,121,10.97070026397705,1.600582480430603,1.600582480430603,16.247421264648438,10.97075366973877,0.14589610890074275,0.9999976754188538,0.024105850607156754,0.9999998807907104,0.4591423571109772,0.4663219451904297,0.11161424219608307,1.382533311843872,0.0019156245980411768,0.0029841065406799316,2.15621548704803e-06,3
1,122,10.97075366973877,1.5773491859436035,1.5773491859436035,16.23881721496582,10.970808029174805,0.14377765041744509,0.9999988675117493,0.016631387174129486,0.9999999403953552,0.4598671495914459,0.46866294741630554,0.11209540069103241,1.4358965158462524,0.0011402470991015434,0.0007141232490539551,5.494075594469905e-08,2
1,123,10.970808029174805,1.550452470779419,1.550452470779419,16.18177604675293,10.970849990844727,0.141325275828023,0.9999990463256836,0.015541047789156437,0.9999999403953552,0.4627104103565216,0.47167637944221497,0.1134539395570755,1.4682044982910156,0.0011539487168192863,0.0004903674125671387,6.509799277409911e-08,3
1,124,10.970849990844727,1.5206660032272339,1.5206660032272339,16.107656478881836,10.970878601074219,0.13860967969630825,0.9999991059303284,0.016021136194467545,1.0,0.464741051197052,0.4725561738014221,0.1145663931965828,1.466533899307251,0.0008740886114537716,0.0003788471221923828,8.86357156559825e-08,1
1,125,10.970878601074219,1.5622351169586182,1.5622351169586182,16.303293228149414,10.970880508422852,0.14239835967245607,0.9999978542327881,0.02376055158674717,1.0,0.470537394285202,0.47415339946746826,0.11643265932798386,1.5384093523025513,0.0006655293982475996,0.003720223903656006,2.9306102078408003e-06,1
1,126,10.970880508422852,1.5536940097808838,1.5536940097808838,16.404457092285156,10.970906257629395,0.14161980969422108,0.9999983310699463,0.0196080282330513,0.9999999403953552,0.47472673654556274,0.47479113936424255,0.11701139062643051,1.5362780094146729,0.0003867526538670063,0.0022704601287841797,1.5851983334869146e-06,1
1,127,10.970906257629395,1.508792519569397,1.508792519569397,16.337644577026367,10.970938682556152,0.13752669871918297,0.999998927116394,0.015322769992053509,1.0000001192092896,0.4777088463306427,0.47746410965919495,0.11723293364048004,1.4871493577957153,0.0013508377596735954,0.0007128119468688965,3.0064256861805916e-08,0
1,128,10.970938682556152,1.4384244680404663,1.4384244680404663,16.240266799926758,10.970999717712402,0.13111225116293543,0.9999984502792358,0.019645139575004578,1.0,0.4797241985797882,0.4803520739078522,0.11655901372432709,1.3902184963226318,0.0019671423360705376,0.0006021857261657715,9.78543539531529e-08,3
1,129,10.970999717712402,1.378652811050415,1.378652811050415,16.089719772338867,10.971038818359375,0.1256633712992094,0.999997615814209,0.024271536618471146,0.9999998211860657,0.481422483921051,0.48271113634109497,0.11626170575618744,1.2793413400650024,0.0022306591272354126,0.0014662742614746094,3.679160727187991e-07,1
1,130,10.971038818359375,1.3637826442718506,1.3637826442718506,16.130577087402344,10.971070289611816,0.12430752154387077,0.9999988675117493,0.016401682049036026,0.9999998807907104,0.48265403509140015,0.48305174708366394,0.1153833419084549,1.2514042854309082,0.0005786886904388666,0.0011159181594848633,4.540634108707309e-07,0
1,131,10.971070289611816,1.3555727005004883,1.3555727005004883,16.119600296020508,10.971071243286133,0.12355883835545564,0.9999991655349731,0.014986597932875156,1.0,0.48175525665283203,0.4833040237426758,0.1151871457695961,1.210736632347107,0.000836752587929368,0.00025790929794311523,-2.510205376893282e-08,0
1,132,10.971071243286133,1.3851104974746704,1.3851104974746704,16.24067497253418,10.971057891845703,0.12625116242156426,0.9999988079071045,0.01670455001294613,1.0,0.48080867528915405,0.4840817153453827,0.11543940007686615,1.2347980737686157,0.0004788918886333704,0.0017015933990478516,7.657508831471205e-07,3
1,133,10.971057891845703,1.411379337310791,1.411379337310791,16.334148406982422,10.971031188964844,0.12864569225906702,0.9999991059303284,0.014901098795235157,0.9999999403953552,0.4799577593803406,0.4867165684700012,0.1168617531657219,1.2500251531600952,0.00012344244169071317,0.0010663270950317383,3.786844899877906e-07,0
1,134,10.971031188964844,1.4724212884902954,1.4724212884902954,16.563491821289062,10.971009254455566,0.13420992640794996,0.999997079372406,0.02684330940246582,0.9999999403953552,0.4785260558128357,0.4896896481513977,0.11890827864408493,1.3611869812011719,0.001237550750374794,0.0025464296340942383,2.110522473230958e-06,3
1,135,10.971009254455566,1.5069031715393066,1.5069031715393066,16.74651527404785,10.971004486083984,0.13735319482365038,0.9999978542327881,0.023186735808849335,0.9999998211860657,0.4794274568557739,0.4948391616344452,0.12403346598148346,1.4008219242095947,0.0014065526193007827,0.0019521713256835938,1.4128308976069093e-06,0
2,0,0.0,1.9948420524597168,1.9948420524597168,23.86281967163086,10.960739135742188,1994842052.4597166,nan,nan,nan,0.5054197907447815,0.5309557318687439,0.11542998999357224,2.7722232341766357,nan,nan,nan,3
2,1,10.960739135742188,2.153135299682617,2.153135299682617,18.335189819335938,10.967281341552734,0.19644070285929868,0.9957523345947266,1.010561227798462,0.8664802312850952,0.4766801595687866,0.5396642088890076,0.11796087771654129,1.9940295219421387,0.17391008138656616,0.01814037561416626,1.329754013568163e-06,2
2,2,10.967281341552734,2.1727712154388428,2.1727712154388428,17.577350616455078,10.969279289245605,0.1981139306791253,0.9994855523109436,0.3518378734588623,0.9998463988304138,0.5087815523147583,0.5265558958053589,0.12146779894828796,2.1347410678863525,0.07927465438842773,0.007569253444671631,1.0953881428577006e-06,2
2,3,10.969279289245605,2.1219863891601562,2.1219863891601562,17.291948318481445,10.96996784210205,0.19344811388297622,0.99992835521698,0.1312893182039261,0.9999798536300659,0.49275773763656616,0.5202643275260925,0.1090313121676445,2.13037371635437,0.03774495795369148,0.0032935738563537598,1.9877625163644552e-06,1
2,4,10.96996784210205,2.041222333908081,2.041222333908081,17.1286678314209,10.970251083374023,0.18607368437982083,0.9999855160713196,0.0590226873755455,0.9999974370002747,0.49388572573661804,0.5122253894805908,0.10200794786214828,2.175114631652832,0.018713563680648804,0.0009807944297790527,2.577726263552904e-07,2
2,5,10.970251083374023,2.03678560256958,2.03678560256958,17.31982421875,10.970378875732422,0.18566444715713323,0.9999943375587463,0.03676886484026909,0.9999995827674866,0.48861822485923767,0.5002460479736328,0.09709415584802628,2.1552882194519043,0.006925920024514198,0.0030374526977539062,2.551852958276868e-06,3
2,6,10.970378875732422,1.8504045009613037,1.8504045009613037,17.00112533569336,10.970467567443848,0.16867279807943406,0.9999908804893494,0.04711924120783806,1.0,0.4762197434902191,0.49501216411590576,0.09408513456583023,2.050067901611328,0.03004707768559456,0.0049301981925964355,2.1482701413333416e-06,2
2,7,10.970467567443848,1.7544224262237549,1.7544224262237549,16.945497512817383,10.970566749572754,0.15992230189260206,0.9999934434890747,0.04022255912423134,0.9999996423721313,0.45265883207321167,0.4981256425380707,0.0953717976808548,2.0846786499023438,0.0017289048992097378,0.0016914010047912598,3.7699646782130003e-07,2
2,8,10.970566749572754,1.435878872871399,1.435878872871399,15.986324310302734,10.970768928527832,0.13088465761600865,0.999955952167511,0.10306056588888168,0.9999997019767761,0.4373611509799957,0.5069717168807983,0.09827644377946854,1.8136770725250244,0.02115672454237938,0.012141585350036621,2.897973172366619e-05,1
2,9,10.970768928527832,1.4390239715576172,1.4390239715576172,15.765073776245117,10.970816612243652,0.13116892543563216,0.9999861717224121,0.058083679527044296,0.9999988675117493,0.42128390073776245,0.507223904132843,0.10438327491283417,1.9206241369247437,0.0031001707538962364,0.0054929256439208984,5.05492789670825e-06,2
2,10,10.970816612243652,1.420651912689209,1.420651912689209,15.87879467010498,10.970857620239258,0.1294937252987834,0.9999917149543762,0.044657763093709946,0.9999995827674866,0.41880691051483154,0.5141856670379639,0.10873597115278244,2.0249104499816895,0.0034688524901866913,0.0032619237899780273,1.2923555914312601e-06,3
2,11,10.970857620239258,1.7328778505325317,1.7328778505325317,16.682327270507812,10.970715522766113,0.1579528155880616,0.9999687075614929,0.0868985503911972,0.9999997019767761,0.43385276198387146,0.5153875946998596,0.11384464800357819,2.257067918777466,0.016307584941387177,0.010166406631469727,2.0037288777530193e-05,0
2,12,10.970715522766113,1.475692868232727,1.475692868232727,16.609926223754883,10.97082233428955,0.13451199834417468,0.999987781047821,0.054352402687072754,0.9999991655349731,0.44501006603240967,0.5061904788017273,0.11576017737388611,1.875734806060791,0.029694266617298126,0.002614259719848633,1.6143021639436483e-06,1
2,13,10.97082233428955,1.5862151384353638,1.5862151384353638,16.524179458618164,10.970796585083008,0.14458488981975515,0.999988317489624,0.0530366413295269,0.9999997019767761,0.4579843282699585,0.49883925914764404,0.11968543380498886,1.8760769367218018,0.001959024230018258,0.0030284523963928223,1.9684084691107273e-06,1
2,14,10.970796585083008,1.5855284929275513,1.5855284929275513,16.549575805664062,10.970861434936523,0.14452264068804213,0.9999920129776001,0.04363418370485306,0.9999997019767761,0.4757315218448639,0.5047104954719543,0.11843685805797577,2.021056652069092,0.003229527734220028,0.003664255142211914,1.730950316414237e-06,1
2,15,10.970861434936523,1.586136817932129,1.586136817932129,16.311721801757812,10.970898628234863,0.144577235556098,0.9999876618385315,0.05448025465011597,0.9999998807907104,0.4774562120437622,0.5001383423805237,0.12060896307229996,1.8911044597625732,0.0022853929549455643,0.005479335784912109,5.053530912846327e-06,3
2,16,10.970898628234863,1.6627161502838135,1.6627161502838135,16.524869918823242,10.970867156982422,0.15155696963643644,0.9999892711639404,0.050954196602106094,0.9999995827674866,0.49837392568588257,0.499260812997818,0.12102954834699631,1.920990228652954,0.000778973801061511,0.0028592348098754883,2.002343535423279e-06,1
2,17,10.970867156982422,1.562981128692627,1.562981128692627,16.67262840270996,10.970817565917969,0.14246650755385964,0.9999834299087524,0.0632593184709549,0.9999995827674866,0.502765417098999,0.4914403259754181,0.1225295215845108,1.2821285724639893,0.029946349561214447,0.0015832185745239258,5.353358574211597e-07,1
2,18,10.970817565917969,1.863513708114624,1.863513708114624,16.897262573242188,10.970641136169434,0.16986096951459942,0.9999774694442749,0.07380637526512146,0.9999990463256836,0.4992709457874298,0.5120598673820496,0.1190771758556366,2.2684710025787354,0.09167313575744629,0.0034949183464050293,1.7936981748789549e-06,1
2,19,10.970641136169434,1.8731404542922974,1.8731404542922974,16.941509246826172,10.97056770324707,0.1707412019992783,0.999993085861206,0.04055684432387352,0.9999993443489075,0.4889121353626251,0.5155022740364075,0.11430724710226059,2.2955503463745117,0.001043874304741621,0.0007886290550231934,2.3696338757872581e-07,0
2,20,10.97056770324707,1.838900089263916,1.838900089263916,16.858816146850586,10.97057819366455,0.16762123337697812,0.9999955296516418,0.03253232687711716,0.9999997615814209,0.4833163022994995,0.5195605754852295,0.10839041322469711,2.3518850803375244,0.004640965722501278,0.0010074377059936523,-4.4463376980274916e-08,1
2,21,10.97057819366455,1.814030408859253,1.814030408859253,16.878389358520508,10.970617294311523,0.16535412963984392,0.9999960660934448,0.030977020040154457,0.9999998807907104,0.46856755018234253,0.522878110408783,0.1027417853474617,2.374044179916382,0.004290507175028324,0.000637352466583252,7.362905307672918e-08,1
2,22,10.970617294311523,1.7419557571411133,1.7419557571411133,16.795801162719727,10.970722198486328,0.1587837503040372,0.9999934434890747,0.03983752056956291,0.9999998807907104,0.4659516215324402,0.522942304611206,0.10010091215372086,2.2431461811065674,0.007897519506514072,0.0015657544136047363,4.1992461774498224e-07,1
2,23,10.970722198486328,1.5306460857391357,1.5306460857391357,16.699283599853516,10.970895767211914,0.1395209957964595,0.9999805092811584,0.06848680227994919,0.9999997615814209,0.4526234269142151,0.514557957649231,0.09814036637544632,1.7675602436065674,0.02328631468117237,0.0021434426307678223,8.216884452849627e-07,1
2,24,10.970895767211914,1.6872583627700806,1.6872583627700806,16.845943450927734,10.97080135345459,0.15379403820540277,0.9999899864196777,0.049202460795640945,0.9999995827674866,0.4490493834018707,0.5144761204719543,0.09713318943977356,2.2725958824157715,0.03274181857705116,0.002995133399963379,1.7464335542172194e-06,0
2,25,10.97080135345459,1.5936847925186157,1.5936847925186157,16.639402389526367,10.970640182495117,0.14526603309764433,0.9999846816062927,0.060610055923461914,0.9999997019767761,0.44516241550445557,0.48432475328445435,0.09599906951189041,1.909103512763977,0.024118846282362938,0.003275275230407715,2.8494687285274267e-06,0
2,26,10.970640182495117,1.737128496170044,1.737128496170044,16.881153106689453,10.970551490783691,0.15834340268873523,0.9999874830245972,0.054933350533246994,0.9999997615814209,0.4346456527709961,0.4834931194782257,0.09710796922445297,2.140228748321533,0.052924830466508865,0.005199909210205078,2.54408223554492e-06,0
2,27,10.970551490783691,1.6983786821365356,1.6983786821365356,16.732128143310547,10.970566749572754,0.15481251635921273,0.9999907612800598,0.04737168177962303,0.9999997615814209,0.4341806471347809,0.489907830953598,0.10012631118297577,1.8256174325942993,0.023625027388334274,0.003958642482757568,2.6006600819528103e-06,1
2,28,10.970566749572754,1.6877115964889526,1.6877115964889526,16.599977493286133,10.970651626586914,0.15383996424384183,0.9999935626983643,0.03953796252608299,0.9999997615814209,0.43948644399642944,0.4884732663631439,0.10487918555736542,1.7207344770431519,0.0038102539256215096,0.001744389533996582,3.2918615033850074e-07,2
2,29,10.970651626586914,1.6398828029632568,1.6398828029632568,16.59686279296875,10.970739364624023,0.1494790700480425,0.999995231628418,0.034400369971990585,0.9999997615814209,0.45774757862091064,0.47910964488983154,0.10900742560625076,1.6480791568756104,0.0057047707960009575,0.0024239420890808105,3.552850103005767e-07,1
2,30,10.970739364624023,1.5572062730789185,1.5572062730789185,16.205045700073242,10.970721244812012,0.14194177997704033,0.9999901652336121,0.04851186275482178,1.0,0.4659857749938965,0.4703662097454071,0.11376582831144333,1.5980051755905151,0.0062928032130002975,0.0049762725830078125,4.059169441461563e-06,1
2,31,10.970721244812012,1.401526927947998,1.401526927947998,16.336332321166992,10.970742225646973,0.12775157591491731,0.9999855756759644,0.05910298228263855,0.9999997615814209,0.4838038682937622,0.46760064363479614,0.12095469981431961,1.3189040422439575,0.025855105370283127,0.002634286880493164,1.7936399672180414e-06,2
2,32,10.970742225646973,1.4049769639968872,1.4049769639968872,15.604778289794922,10.970724105834961,0.12806580768185283,0.9999698996543884,0.08517655730247498,0.999999463558197,0.4705224335193634,0.48688432574272156,0.12581250071525574,1.6865421533584595,0.013414308428764343,0.010954737663269043,2.866308204829693e-05,1
2,33,10.970724105834961,1.3882429599761963,1.3882429599761963,15.547290802001953,10.970734596252441,0.12654068652021214,0.9999867081642151,0.05628129094839096,0.9999990463256836,0.47926512360572815,0.4908072054386139,0.12950779497623444,1.4850132465362549,0.012437190860509872,0.005381166934967041,2.8266513254493475e-06,1
2,34,10.970734596252441,1.5562171936035156,1.5562171936035156,15.505578994750977,10.970593452453613,0.1418516854956197,0.9999894499778748,0.0503711998462677,0.9999995231628418,0.4750896394252777,0.5060406923294067,0.13228650391101837,1.9093830585479736,0.01570371724665165,0.00212782621383667,8.201459422707558e-07,3
2,35,10.970593452453613,1.6569746732711792,1.6569746732711792,15.92702579498291,10.970419883728027,0.15103783404721746,0.999981701374054,0.06634678691625595,0.9999997019767761,0.4889022409915924,0.5215128064155579,0.13669736683368683,1.8103909492492676,0.004351651296019554,0.005716562271118164,9.45985084399581e-06,0
2,36,10.970419883728027,1.6893311738967896,1.6893311738967896,16.277841567993164,10.970418930053711,0.15398965507259252,0.9999755024909973,0.07681578397750854,0.9999995827674866,0.4836345613002777,0.5475350022315979,0.13840153813362122,2.2116920948028564,0.017969051375985146,0.007877588272094727,1.2204400263726711e-05,0
2,37,10.970418930053711,1.6143003702163696,1.6143003702163696,16.067840576171875,10.970429420471191,0.14715029394127851,0.9999874234199524,0.05498475953936577,0.9999990463256836,0.48186174035072327,0.5465063452720642,0.13185499608516693,2.0431060791015625,0.010913515463471413,0.005316615104675293,5.921174306422472e-06,1
2,38,10.970429420471191,1.6777442693710327,1.6777442693710327,16.245098114013672,10.970479965209961,0.15293332695257172,0.9999911785125732,0.045870088040828705,0.9999995231628418,0.4751017391681671,0.5522691011428833,0.12437749654054642,2.3285858631134033,0.014748240821063519,0.0020805001258850098,9.096693247556686e-07,3
2,39,10.970479965209961,1.6694234609603882,1.6694234609603882,16.231155395507812,10.97053337097168,0.15217414974135432,0.9999767541885376,0.0747884213924408,0.9999998807907104,0.46142807602882385,0.5322537422180176,0.11482076346874237,1.9639720916748047,0.01896515302360058,0.004873991012573242,1.7116981325671077e-06,1
2,40,10.97053337097168,1.7319270372390747,1.7319270372390747,16.483671188354492,10.970634460449219,0.15787081436002,0.9999870657920837,0.055911093950271606,0.9999994039535522,0.46748802065849304,0.5321152210235596,0.11672203987836838,2.1890506744384766,0.016449639573693275,0.004721939563751221,7.097725756466389e-06,0
2,41,10.970634460449219,1.8506135940551758,1.8506135940551758,16.566423416137695,10.970508575439453,0.16868792782467734,0.999988853931427,0.05199020728468895,0.9999995827674866,0.4857475161552429,0.5247699022293091,0.12007509917020798,1.9854421615600586,0.005341236479580402,0.0030733346939086914,2.0720181055366993e-06,0
2,42,10.970508575439453,1.9425456523895264,1.9425456523895264,16.247568130493164,10.970277786254883,0.17706979025005798,0.9999756813049316,0.07646241784095764,0.9999996423721313,0.48309677839279175,0.5313054323196411,0.12258177250623703,2.1527132987976074,0.016246294602751732,0.011088371276855469,1.5956349670886993e-05,2
2,43,10.970277786254883,2.2045576572418213,2.2045576572418213,16.990266799926758,10.970253944396973,0.2009573230683368,0.9999656677246094,0.09085060656070709,0.9999992847442627,0.503582775592804,0.5308740735054016,0.11449922621250153,2.1868014335632324,0.011553704738616943,0.011498034000396729,2.175220288336277e-05,2
2,44,10.970253944396973,2.0768346786499023,2.0768346786499023,16.942415237426758,10.970317840576172,0.1893150960020064,0.999996542930603,0.028406627476215363,0.9999991059303284,0.4972032904624939,0.5397831201553345,0.12062010169029236,2.1761488914489746,0.005259615369141102,0.0027142763137817383,1.6406120266765356e-06,3
2,45,10.970317840576172,2.180954694747925,2.180954694747925,17.263500213623047,10.970368385314941,0.1988050598389389,0.999990701675415,0.0473005510866642,0.9999999403953552,0.5067671537399292,0.5307515859603882,0.12071240693330765,2.1446526050567627,0.015709275379776955,0.003260016441345215,2.1170126274228096e-06,1
2,46,10.970368385314941,2.1221628189086914,2.1221628189086914,17.362478256225586,10.970434188842773,0.1934449914871995,0.9999961853027344,0.030819101259112358,0.9999998211860657,0.5028539896011353,0.5068885684013367,0.11206886172294617,2.0753493309020996,0.005602844059467316,0.0023117661476135254,6.740738172084093e-07,0
2,47,10.970434188842773,1.8896174430847168,1.8896174430847168,17.116561889648438,10.970473289489746,0.17224636787908618,0.9999702572822571,0.08470453321933746,0.9999999403953552,0.4957897961139679,0.4897172152996063,0.09854278713464737,1.5315220355987549,0.05383281409740448,0.004737734794616699,5.048350431025028e-07,0
2,48,10.970473289489746,1.8510172367095947,1.8510172367095947,17.079566955566406,10.970500946044922,0.16872719962619667,0.9999868273735046,0.05621539428830147,0.9999988079071045,0.48238036036491394,0.48651477694511414,0.09229585528373718,1.8209248781204224,0.013350209221243858,0.003423750400543213,8.293136488646269e-07,3
2,49,10.970500946044922,1.8545253276824951,1.8545253276824951,16.980819702148438,10.970497131347656,0.16904654917796505,0.9999893307685852,0.050545088946819305,0.9999995231628418,0.477287232875824,0.494314968585968,0.09081629663705826,1.9659448862075806,0.005695180967450142,0.004195213317871094,1.6762642189860344e-06,0
2,50,10.970497131347656,1.70364511013031,1.70364511013031,16.841978073120117,10.97060775756836,0.15529333718726637,0.9999912977218628,0.045815203338861465,0.9999997019767761,0.4489915668964386,0.49789002537727356,0.09388257563114166,1.9807789325714111,0.00158195779658854,0.0017561912536621094,5.106012395117432e-07,2
2,51,10.97060775756836,1.7189500331878662,1.7189500331878662,16.69186782836914,10.970617294311523,0.15668685556659373,0.9999935626983643,0.039263587445020676,0.9999997615814209,0.4368869662284851,0.5200620889663696,0.09759866446256638,2.2436490058898926,0.01652802713215351,0.0029410123825073242,3.5218545235693455e-07,0
2,52,10.970617294311523,1.5729984045028687,1.5729984045028687,16.218746185302734,10.97068977355957,0.14338285278791912,0.9999847412109375,0.06068533658981323,0.9999997615814209,0.4201011657714844,0.5148190855979919,0.10506262630224228,2.128382682800293,0.007598428055644035,0.0074675679206848145,1.1093332432210445e-05,2
2,53,10.97068977355957,1.3620449304580688,1.3620449304580688,15.628436088562012,10.970832824707031,0.12415308048731172,0.9999753832817078,0.07707081735134125,0.9999996423721313,0.4151683449745178,0.5161901712417603,0.10959199070930481,1.9494599103927612,0.01133805513381958,0.007315576076507568,1.0987510904669762e-05,1
2,54,10.970832824707031,1.398340106010437,1.398340106010437,15.399571418762207,10.970804214477539,0.12745979529113632,0.9999881982803345,0.05318630114197731,0.9999989867210388,0.4206668734550476,0.5119197368621826,0.11414052546024323,1.8047914505004883,0.004227957688271999,0.005853414535522461,6.338697858154774e-06,2
2,55,10.970804214477539,1.1531902551651,1.1531902551651,14.300589561462402,10.97092342376709,0.10511446860416133,0.9999154806137085,0.14260965585708618,0.9999995231628418,0.42419758439064026,0.5029916167259216,0.11521841585636139,1.0610078573226929,0.03661342337727547,0.015513002872467041,5.6469463743269444e-05,2
2,56,10.97092342376709,1.1989965438842773,1.1989965438842773,13.509270668029785,10.970847129821777,0.10928857103193393,0.9999395608901978,0.12062516063451767,0.9999961853027344,0.4297385513782501,0.49459120631217957,0.11691080778837204,0.8275197744369507,0.003356367349624634,0.012810170650482178,5.392986349761486e-05,1
2,57,10.970847129821777,1.3305743932724,1.3305743932724,14.826227188110352,10.970759391784668,0.12128273938441209,0.9999087452888489,0.14821362495422363,0.9999967813491821,0.44547176361083984,0.5018999576568604,0.1185670867562294,1.473550796508789,0.022654009982943535,0.021334946155548096,9.11287497729063e-05,1
2,58,10.970759391784668,1.2731621265411377,1.2731621265411377,15.096598625183105,10.970898628234863,0.1160505012528605,0.9999755620956421,0.07656783610582352,0.9999973773956299,0.46000850200653076,0.5028231739997864,0.11801500618457794,1.5206358432769775,0.0007127278950065374,0.010394275188446045,1.8993858247995377e-05,1
2,59,10.970898628234863,1.3972479104995728,1.3972479104995728,15.294355392456055,10.970956802368164,0.12735947690771615,0.9999778866767883,0.07289476692676544,0.9999992847442627,0.4701021909713745,0.503200888633728,0.11810455471277237,1.5916008949279785,0.001046440564095974,0.002850949764251709,2.0144652808085084e-06,1
2,60,10.970956802368164,1.5237699747085571,1.5237699747085571,15.77305793762207,10.97091007232666,0.13889125644717149,0.9999698996543884,0.08509668707847595,0.9999990463256836,0.49090149998664856,0.5044048428535461,0.11956707388162613,1.7528997659683228,0.002252727746963501,0.006562232971191406,1.1935248039662838e-05,3
2,61,10.97091007232666,1.569596290588379,1.569596290588379,16.30668067932129,10.970752716064453,0.14306892320151032,0.9999682903289795,0.08725696057081223,0.9999986886978149,0.496907502412796,0.4974571168422699,0.11882590502500534,1.2378486394882202,0.016720879822969437,0.0060386061668396,7.338239811360836e-06,2
2,62,10.970752716064453,1.733398199081421,1.733398199081421,16.26285743713379,10.970598220825195,0.15800175648323647,0.9999799728393555,0.06925216317176819,0.9999980926513672,0.48417600989341736,0.5075795650482178,0.1120477020740509,2.116079807281494,0.064962238073349,0.002087891101837158,2.980232238769531e-07,2
2,63,10.970598220825195,1.7975564002990723,1.7975564002990723,16.378135681152344,10.970486640930176,0.16385217689285336,0.9999917149543762,0.045056916773319244,0.9999994039535522,0.47087839245796204,0.5057719349861145,0.10533174872398376,2.1500329971313477,0.0048544276505708694,0.0012295842170715332,4.3725594878196716e-07,3
2,64,10.970486640930176,1.8904746770858765,1.8904746770858765,16.860273361206055,10.970481872558594,0.1723236843507596,0.9999870657920837,0.055853016674518585,0.9999997615814209,0.4708871841430664,0.5109691619873047,0.10079941898584366,2.2390525341033936,0.01410883292555809,0.005912125110626221,1.0037736501544714e-05,2
2,65,10.970481872558594,1.8253151178359985,1.8253151178359985,16.747426986694336,10.970492362976074,0.1663842244160501,0.9999960660934448,0.030968615785241127,0.9999996423721313,0.45547136664390564,0.5034081339836121,0.09513289481401443,2.1460812091827393,0.005118219181895256,0.0025725364685058594,6.227928679436445e-07,1
2,66,10.970492362976074,1.7802578210830688,1.7802578210830688,16.781049728393555,10.970575332641602,0.16227692998458282,0.9999934434890747,0.039715636521577835,0.9999999403953552,0.4549653232097626,0.5009967088699341,0.0926937609910965,2.090714454650879,0.004205326549708843,0.002599477767944336,1.4713587006554008e-06,0
2,67,10.970575332641602,1.5128118991851807,1.5128118991851807,16.472633361816406,10.970778465270996,0.13789722537923735,0.9999797344207764,0.0695624053478241,0.9999998211860657,0.44410648941993713,0.49443188309669495,0.0915994644165039,1.6814262866973877,0.027628742158412933,0.0035027265548706055,3.0024093575775623e-06,1
2,68,10.970778465270996,1.68669593334198,1.68669593334198,16.709169387817383,10.970697402954102,0.15374441646792616,0.9999884366989136,0.05237244442105293,0.9999995827674866,0.44386908411979675,0.5031941533088684,0.09206806868314743,2.2133288383483887,0.029850274324417114,0.004601418972015381,4.124973202124238e-06,2
2,69,10.970697402954102,1.5646368265151978,1.5646368265151978,16.414857864379883,10.970576286315918,0.14261963201116867,0.9999837279319763,0.06275653094053268,0.9999997615814209,0.44368425011634827,0.4855368435382843,0.09263946115970612,1.8699703216552734,0.025105420500040054,0.0037173032760620117,3.4763652365654707e-06,0
2,70,10.970576286315918,1.6843740940093994,1.6843740940093994,16.502323150634766,10.970481872558594,0.15353560743298356,0.9999895691871643,0.049880560487508774,0.9999997615814209,0.43511053919792175,0.4859638214111328,0.09412706643342972,2.1493654251098633,0.04107540845870972,0.0032511353492736816,4.09323547501117e-07,3
2,71,10.970481872558594,1.6505690813064575,1.6505690813064575,16.373188018798828,10.970501899719238,0.15045547684055405,0.9999900460243225,0.049013782292604446,0.9999997615814209,0.43532389402389526,0.4924139380455017,0.09743490070104599,1.845487117767334,0.022619087249040604,0.0043242573738098145,2.7781352400779724e-06,3
2,72,10.970501899719238,1.6431360244750977,1.6431360244750977,16.271589279174805,10.970597267150879,0.14977765279063024,0.9999927878379822,0.04158177226781845,0.9999996423721313,0.4405825436115265,0.4891890287399292,0.10210088640451431,1.7446857690811157,0.00409853458404541,0.0015909671783447266,1.9176877685822546e-07,2
2,73,10.970597267150879,1.5907410383224487,1.5907410383224487,16.310773849487305,10.970697402954102,0.14500040422462546,0.9999938607215881,0.038578204810619354,0.9999997615814209,0.45712244510650635,0.48117199540138245,0.10654851794242859,1.667082667350769,0.0056063709780573845,0.0030892491340637207,7.185735739767551e-07,0
2,74,10.970697402954102,1.5022950172424316,1.5022950172424316,15.857585906982422,10.970674514770508,0.136937057149886,0.9999882578849792,0.05325065180659294,0.9999998807907104,0.4616989493370056,0.4730615019798279,0.11003964394330978,1.5968048572540283,0.005772648379206657,0.005925953388214111,6.4569758251309395e-06,2
2,75,10.970674514770508,1.3159788846969604,1.3159788846969604,15.832000732421875,10.970685005187988,0.11995423644418358,0.999984860420227,0.06033739820122719,0.9999995827674866,0.47710463404655457,0.47094160318374634,0.11595619469881058,1.2400243282318115,0.02957979589700699,0.0016026496887207031,1.2680538929998875e-07,0
2,76,10.970685005187988,1.400607705116272,1.400607705116272,15.5988187789917,10.970712661743164,0.12766820890891778,0.9999872446060181,0.0554279126226902,0.9999995827674866,0.46834614872932434,0.492654412984848,0.12066033482551575,1.7720104455947876,0.02541596069931984,0.003756105899810791,3.4945551306009293e-06,2
2,77,10.970712661743164,1.3792611360549927,1.3792611360549927,15.631686210632324,10.970759391784668,0.12572210927232857,0.999988853931427,0.05196555331349373,0.9999997615814209,0.47847288846969604,0.49508145451545715,0.12409622222185135,1.519903540611267,0.013935757800936699,0.003935456275939941,5.623442120850086e-07,0
2,78,10.970759391784668,1.5484408140182495,1.5484408140182495,15.607196807861328,10.970635414123535,0.14114253705880947,0.9999896883964539,0.04985705390572548,0.9999997615814209,0.4737907946109772,0.5097463130950928,0.12739215791225433,1.9693031311035156,0.018294986337423325,0.0016576051712036133,4.870817065238953e-07,1
2,79,10.970635414123535,1.611234188079834,1.611234188079834,15.664895057678223,10.970426559448242,0.14686790028639,0.9999874830245972,0.054855916649103165,0.9999997019767761,0.4860072433948517,0.522847592830658,0.13344043493270874,1.7463185787200928,0.008666491135954857,0.0006692409515380859,1.6232661437243223e-07,0
2,80,10.970426559448242,1.6430374383926392,1.6430374383926392,16.018856048583984,10.97041130065918,0.14976969486911873,0.9999763369560242,0.07527745515108109,0.9999997615814209,0.48319217562675476,0.550283670425415,0.136989027261734,2.173532485961914,0.017984537407755852,0.007756233215332031,1.2114527635276318e-05,2
2,81,10.97041130065918,1.5827473402023315,1.5827473402023315,15.876328468322754,10.970422744750977,0.14427420238174926,0.9999886155128479,0.05218223109841347,0.9999991059303284,0.48179569840431213,0.5513792634010315,0.1320638507604599,2.0152947902679443,0.008801514282822609,0.004724860191345215,4.125875420868397e-06,2
2,82,10.970422744750977,1.6435394287109375,1.6435394287109375,16.049623489379883,10.970473289489746,0.14981550546876807,0.9999899864196777,0.04901428148150444,0.9999997019767761,0.4746958017349243,0.5564567446708679,0.12549810111522675,2.2636566162109375,0.011165617033839226,0.0019268393516540527,8.69302311912179e-07,3
2,83,10.970473289489746,1.6397801637649536,1.6397801637649536,16.037029266357422,10.9705228805542,0.14947214404468254,0.9999746680259705,0.07806537300348282,0.9999998807907104,0.4587748646736145,0.5360637903213501,0.11613655090332031,1.8775359392166138,0.018466629087924957,0.005036354064941406,1.980457454919815e-06,0
2,84,10.9705228805542,1.7056416273117065,1.7056416273117065,16.349853515625,10.970637321472168,0.15547496193960286,0.9999832510948181,0.0634254589676857,0.9999992847442627,0.4611446261405945,0.5309346318244934,0.11747460067272186,2.1122145652770996,0.016796253621578217,0.005571544170379639,1.0461430065333843e-05,3
2,85,10.970637321472168,1.8482052087783813,1.8482052087783813,16.52543067932129,10.970508575439453,0.16846835371733607,0.9999880790710449,0.05371277406811714,0.9999995231628418,0.47790437936782837,0.5223644971847534,0.12049932777881622,1.9501690864562988,0.00383312557823956,0.0022785067558288574,9.968061931431293e-07,0
2,86,10.970508575439453,1.9459172487258911,1.9459172487258911,16.1923828125,10.970263481140137,0.17737712297881708,0.9999724626541138,0.08126375079154968,0.9999996423721313,0.47477614879608154,0.5333415865898132,0.12286700308322906,2.086029291152954,0.013462971895933151,0.011829912662506104,1.7805839888751507e-05,3
2,87,10.970263481140137,2.2347400188446045,2.2347400188446045,17.020965576171875,10.970234870910645,0.20370887378288827,0.9999596476554871,0.09855040907859802,0.9999993443489075,0.5009263753890991,0.5343681573867798,0.11572626233100891,2.1188976764678955,0.010559819638729095,0.0126190185546875,2.6452122256159782e-05,2
2,88,10.970234870910645,2.0947670936584473,2.0947670936584473,16.973716735839844,10.97030258178711,0.1909500679163271,0.9999959468841553,0.03127114474773407,0.999998927116394,0.4971919357776642,0.5478610992431641,0.12315214425325394,2.1095125675201416,0.005565580911934376,0.0030304789543151855,2.044718712568283e-06,1
2,89,10.97030258178711,2.166313648223877,2.166313648223877,17.141281127929688,10.970314979553223,0.1974707290043567,0.9999971389770508,0.02621428482234478,0.9999997615814209,0.49786630272865295,0.5555845499038696,0.12007433921098709,2.0748534202575684,0.017461765557527542,0.003548562526702881,1.8317950889468193e-06,3
2,90,10.970314979553223,2.134012222290039,2.134012222290039,17.39176368713379,10.970409393310547,0.19452606659585164,0.9999895095825195,0.0503244549036026,0.9999999403953552,0.5063852667808533,0.5191854238510132,0.11568958312273026,2.0082879066467285,0.07228237390518188,0.0018856525421142578,8.080096449702978e-07,3
2,91,10.970409393310547,2.1681158542633057,2.1681158542633057,17.343181610107422,10.97037124633789,0.1976330851960149,0.9999955296516418,0.03284504637122154,0.9999998211860657,0.4908529222011566,0.5455149412155151,0.10064805299043655,2.079939842224121,0.08573640882968903,0.0024269819259643555,8.63670720718801e-07,2
2,92,10.97037124633789,1.9402071237564087,1.9402071237564087,17.131778717041016,10.970470428466797,0.17685883915770717,0.999983012676239,0.06386218219995499,0.9999999403953552,0.49070480465888977,0.4977233111858368,0.09891096502542496,1.7341070175170898,0.1727777123451233,0.00754857063293457,4.501838702708483e-06,3
2,93,10.970470428466797,1.995970606803894,1.995970606803894,17.297157287597656,10.970464706420898,0.18194029324618904,0.9999899864196777,0.04915393516421318,0.9999995231628418,0.4750913083553314,0.5158035159111023,0.09242861717939377,2.1918039321899414,0.05942803621292114,0.00605088472366333,6.420072168111801e-06,0
2,94,10.970464706420898,1.7320624589920044,1.7320624589920044,16.950504302978516,10.970602989196777,0.15788414669236814,0.9999859929084778,0.0580444373190403,0.9999996423721313,0.4502936005592346,0.5070279240608215,0.09501123428344727,1.992887020111084,0.026247482746839523,0.005421102046966553,2.696120645850897e-06,3
2,95,10.970602989196777,1.8038910627365112,1.8038910627365112,16.927274703979492,10.970582008361816,0.16442952721130097,0.9999954700469971,0.033056024461984634,0.9999996423721313,0.43817436695098877,0.5294191241264343,0.09870263189077377,2.2813634872436523,0.022880524396896362,0.0019418001174926758,1.4546094462275505e-07,1
2,96,10.970582008361816,1.7807316780090332,1.7807316780090332,16.894636154174805,10.970616340637207,0.16231879736660765,0.9999963045120239,0.029574070125818253,0.9999998807907104,0.42250245809555054,0.5261403322219849,0.10681376606225967,2.2985939979553223,0.005817070137709379,0.00103837251663208,2.4835753720253706e-07,2
2,97,10.970616340637207,1.669614315032959,1.669614315032959,16.835420608520508,10.970727920532227,0.15218965491012537,0.9999954700469971,0.03321235999464989,0.9999999403953552,0.42076975107192993,0.5284637808799744,0.11123612523078918,2.301332473754883,0.00866346713155508,0.001078784465789795,2.404849510639906e-07,1
2,98,10.970727920532227,1.5533199310302734,1.5533199310302734,16.497581481933594,10.970831871032715,0.1415876815359866,0.9999906420707703,0.04782692342996597,0.9999998807907104,0.4247172176837921,0.5195679068565369,0.11858634650707245,2.034463405609131,0.017534855753183365,0.005269110202789307,3.8442667573690414e-06,0
2,99,10.970831871032715,1.2938108444213867,1.2938108444213867,15.829333305358887,10.971035957336426,0.11793188152281808,0.9999698400497437,0.08509877324104309,0.9999996423721313,0.4366917312145233,0.5107327699661255,0.12109636515378952,1.5527485609054565,0.02405565418303013,0.006367027759552002,8.952454663813114e-06,0
2,100,10.971035957336426,1.4279202222824097,1.4279202222824097,16.001760482788086,10.971041679382324,0.13015363615935896,0.9999929666519165,0.04142960533499718,0.9999985694885254,0.4449811279773712,0.5023440718650818,0.12495257705450058,1.658942699432373,0.005245491862297058,0.0029836297035217285,9.438081178814173e-07,3
2,101,10.971041679382324,1.53020179271698,1.53020179271698,16.251646041870117,10.971025466918945,0.13947643600631468,0.9999914169311523,0.04572870954871178,0.9999997615814209,0.4628247022628784,0.49942106008529663,0.12572810053825378,1.7314033508300781,0.0031994469463825226,0.004471838474273682,3.870751243084669e-06,1
2,102,10.971025466918945,1.7585242986679077,1.7585242986679077,16.775300979614258,10.970901489257812,0.16028805182983172,0.9999856352806091,0.05874471738934517,0.9999997615814209,0.46732476353645325,0.49655240774154663,0.12997013330459595,1.821541428565979,0.012986114248633385,0.005270719528198242,6.292772013694048e-06,0
2,103,10.970901489257812,1.843679666519165,1.843679666519165,16.90680694580078,10.970794677734375,0.1680517930385583,0.9999945759773254,0.03574717044830322,0.9999995231628418,0.48094260692596436,0.4941263198852539,0.13049082458019257,1.7102928161621094,0.0031081531196832657,0.0007224082946777344,2.3158645490184426e-07,2
2,104,10.970794677734375,1.93510901927948,1.93510901927948,16.962703704833984,10.970659255981445,0.1763873152422453,0.9999959468841553,0.031000221148133278,0.9999997615814209,0.4789462983608246,0.48996952176094055,0.13200552761554718,1.5479543209075928,0.0055447593331336975,0.001506805419921875,3.673922037705779e-07,0
2,105,10.970659255981445,2.028944492340088,2.028944492340088,16.963886260986328,10.970508575439453,0.18494280471192856,0.9999955892562866,0.03248228132724762,0.9999998807907104,0.4830760955810547,0.4901740252971649,0.1288226991891861,1.3760942220687866,0.006083330139517784,0.0020585060119628906,1.120788510888815e-06,2
2,106,10.970508575439453,2.0797617435455322,2.0797617435455322,16.887895584106445,10.970378875732422,0.18957751404539802,0.9999962449073792,0.030202234163880348,0.9999999403953552,0.47458744049072266,0.4853898286819458,0.1259656846523285,1.1672056913375854,0.004498331807553768,0.002653360366821289,1.831620465964079e-06,0
2,107,10.970378875732422,2.075911521911621,2.075911521911621,16.76920509338379,10.970303535461426,0.18922879012900326,0.9999974966049194,0.02413160726428032,0.9999998807907104,0.47491511702537537,0.48051705956459045,0.12272009998559952,1.0201923847198486,0.0014308718964457512,0.002341628074645996,1.5212572179734707e-06,3
2,108,10.970303535461426,2.117363452911377,2.117363452911377,16.807451248168945,10.970229148864746,0.19300864794369774,0.9999984502792358,0.019350670278072357,0.9999998807907104,0.4693388044834137,0.4769371747970581,0.12063609808683395,0.8685517907142639,0.00217495858669281,0.00019097328186035156,1.4300894690677524e-08,3
2,109,10.970229148864746,2.1283459663391113,2.1283459663391113,16.908475875854492,10.970207214355469,0.19401107647412846,0.9999986886978149,0.017200462520122528,1.0,0.47153910994529724,0.4709281921386719,0.11766953766345978,0.8633309006690979,0.00058734230697155,0.0014998912811279297,5.297333700582385e-07,0
2,110,10.970207214355469,2.1077611446380615,2.1077611446380615,17.02248191833496,10.970230102539062,0.19213503477672444,0.9999982714653015,0.02035415545105934,1.0,0.4661339223384857,0.4672846496105194,0.11556121706962585,0.9593150019645691,0.002616284415125847,0.0021134614944458008,1.1459633242338896e-06,3
2,111,10.970230102539062,2.052250862121582,2.052250862121582,17.12022590637207,10.970305442810059,0.18707455020898678,0.9999971389770508,0.025932520627975464,1.0,0.46734189987182617,0.4666902422904968,0.11328685283660889,1.0969690084457397,0.004768030717968941,0.002321302890777588,1.4039396774023771e-06,1
2,112,10.970305442810059,1.9354240894317627,1.9354240894317627,17.06944465637207,10.970419883728027,0.17642390173376987,0.9999969601631165,0.027386242523789406,1.0,0.46288591623306274,0.4666818082332611,0.11168108135461807,1.227964162826538,0.006416132673621178,0.0010249018669128418,3.0965020414441824e-07,1
2,113,10.970419883728027,1.8657937049865723,1.8657937049865723,17.076702117919922,10.970531463623047,0.17007495836636366,0.9999973773956299,0.025274882093071938,0.9999999403953552,0.462808221578598,0.4675348997116089,0.110775426030159,1.3307716846466064,0.002930949442088604,0.0015326142311096191,2.3923348635435104e-07,3
2,114,10.970531463623047,1.7925186157226562,1.7925186157226562,17.002750396728516,10.970632553100586,0.16339396333408557,0.9999979734420776,0.022328058257699013,0.9999999403953552,0.46150797605514526,0.4674404263496399,0.11106444895267487,1.4096120595932007,0.002387797459959984,0.0003662109375,-3.112472768407315e-08,1
2,115,10.970632553100586,1.758658528327942,1.758658528327942,16.987852096557617,10.970719337463379,0.16030602791731452,0.9999983906745911,0.019446849822998047,1.0,0.46355539560317993,0.4690850079059601,0.11180532723665237,1.5027827024459839,0.0015643374063074589,0.0009558200836181641,2.4327164283022285e-07,0
2,116,10.970719337463379,1.7276499271392822,1.7276499271392822,16.919273376464844,10.97077751159668,0.1574782722988468,0.9999986886978149,0.017679668962955475,0.9999998807907104,0.4650903642177582,0.4718873202800751,0.11268779635429382,1.564260721206665,0.0013321912847459316,0.0005667805671691895,-9.284121915698051e-08,3
2,117,10.97077751159668,1.680063009262085,1.680063009262085,16.804765701293945,10.970827102661133,0.15313983056225244,0.9999985694885254,0.018397830426692963,1.0,0.4678487777709961,0.47446250915527344,0.11400805413722992,1.5991711616516113,0.0015923408791422844,0.0007131695747375488,2.0407605916261673e-07,0
2,118,10.970827102661133,1.6462873220443726,1.6462873220443726,16.715473175048828,10.970856666564941,0.15006045639394333,0.9999988079071045,0.01651342213153839,0.9999998807907104,0.47023627161979675,0.4755825102329254,0.11550695449113846,1.607964277267456,0.0009152926504611969,0.0005429387092590332,-2.8594513423740864e-08,1
2,119,10.970856666564941,1.6091914176940918,1.6091914176940918,16.590932846069336,10.970876693725586,0.14667873864383846,0.9999988079071045,0.016615765169262886,1.0,0.472415030002594,0.47533905506134033,0.11668632179498672,1.588538646697998,0.0006951312534511089,0.0011463165283203125,2.469023456797004e-07,2
2,120,10.970876693725586,1.5685139894485474,1.5685139894485474,16.51706886291504,10.970907211303711,0.14297070628326403,0.9999989867210388,0.015899918973445892,1.0,0.47549334168434143,0.4753778576850891,0.11716141551733017,1.5511339902877808,0.0007549966685473919,0.0003789067268371582,1.1896190699189901e-08,0
2,121,10.970907211303711,1.5108346939086914,1.5108346939086914,16.365732192993164,10.970940589904785,0.13771283129183934,0.999998152256012,0.021453857421875,0.9999998807907104,0.47760072350502014,0.4775563180446625,0.11718473583459854,1.4865729808807373,0.0016921479254961014,0.0016582012176513672,4.92625986225903e-07,0
2,122,10.970940589904785,1.4446783065795898,1.4446783065795898,16.275001525878906,10.970998764038086,0.13168226504744274,0.999998152256012,0.02102300524711609,0.9999998807907104,0.48005345463752747,0.48061197996139526,0.11655119061470032,1.4016934633255005,0.001756506972014904,0.0005066990852355957,1.7469574231654406e-08,1
2,123,10.970998764038086,1.3804227113723755,1.3804227113723755,16.09952735900879,10.971037864685059,0.1258247075824375,0.9999971389770508,0.02629496343433857,0.9999998807907104,0.48176607489585876,0.48273900151252747,0.11633381992578506,1.2757694721221924,0.0025513330474495888,0.0017728805541992188,6.620102794840932e-07,3
2,124,10.971037864685059,1.365870475769043,1.365870475769043,16.139324188232422,10.9710693359375,0.12449783626813254,0.999998927116394,0.016316473484039307,0.9999998807907104,0.4827896058559418,0.4832960069179535,0.11540944874286652,1.2521024942398071,0.0005608891369774938,0.0010416507720947266,3.7838617572560906e-07,1
2,125,10.9710693359375,1.3638701438903809,1.3638701438903809,16.14989471435547,10.971070289611816,0.12431515125173853,0.9999991059303284,0.014707120135426521,1.0,0.4823059141635895,0.48357507586479187,0.11519515514373779,1.221106767654419,0.0008050139294937253,0.0005518198013305664,2.223532646894455e-08,3
2,126,10.971070289611816,1.393286108970642,1.393286108970642,16.280677795410156,10.971055030822754,0.12699637065400116,0.9999985694885254,0.01810799352824688,0.9999999403953552,0.4814363121986389,0.4844174087047577,0.11545734107494354,1.2460823059082031,0.00045542255975306034,0.0018960237503051758,9.881914593279362e-07,2
2,127,10.971055030822754,1.4150696992874146,1.4150696992874146,16.368093490600586,10.971034049987793,0.1289820983772145,0.9999991655349731,0.014888796955347061,0.9999998807907104,0.4803875982761383,0.48727282881736755,0.11701879650354385,1.257511854171753,0.00010962935630232096,0.0010923147201538086,3.084860509261489e-07,2
2,128,10.971034049987793,1.4764620065689087,1.4764620065689087,16.59537696838379,10.971012115478516,0.13457819926924314,0.9999971389770508,0.02619747444987297,0.9999998211860657,0.4790797829627991,0.4899965226650238,0.11912789195775986,1.3691519498825073,0.001258202362805605,0.0025550127029418945,2.0653533283621073e-06,1
2,129,10.971012115478516,1.51316237449646,1.51316237449646,16.788869857788086,10.97100830078125,0.13792368093018567,0.9999975562095642,0.02401771955192089,0.9999997615814209,0.47987183928489685,0.49511903524398804,0.12415372580289841,1.413258671760559,0.0013755328254774213,0.0021691322326660156,1.527223503217101e-06,0
