episode,step,h_norm,attn_out_norm,update_norm,ffn_norm,h_new_norm,ratio_update_h,cos_h_prev,l2_h_prev,cos_q_prev,V_pw_cos,K_pw_cos,z_pw_cos,attn_entropy,attn_jsd_prev,logits_max_diff,kl_pi_prev,action
0,0,0.0,0.7871819734573364,0.7871819734573364,3.6751925945281982,11.28618335723877,787181973.4573364,nan,nan,nan,0.5478906631469727,0.5593651533126831,0.09577441215515137,2.7725541591644287,nan,nan,nan,0
0,1,11.28618335723877,0.7766344547271729,0.7766344547271729,4.014505386352539,11.288727760314941,0.06881285108920833,0.9711297154426575,2.712296962738037,0.3902806043624878,0.5131565928459167,0.6355711817741394,0.09497866779565811,2.658642292022705,0.02573370561003685,0.17727670073509216,0.003423072397708893,3
0,2,11.288727760314941,0.8243311643600464,0.8243311643600464,4.2363104820251465,11.290331840515137,0.0730225036746788,0.9803081750869751,2.2404470443725586,0.9974295496940613,0.5422948002815247,0.5304071307182312,0.09671592712402344,0.34847527742385864,0.4699920415878296,0.08457103371620178,0.00013110367581248283,0
0,3,11.290331840515137,0.7730445861816406,0.7730445861816406,4.361155033111572,11.291182518005371,0.06846960719148973,0.9888392090797424,1.6868795156478882,0.9989222884178162,0.5202483534812927,0.6233930587768555,0.0932692363858223,2.485208511352539,0.3576330244541168,0.1061236634850502,0.00039578601717948914,0
0,4,11.291182518005371,0.7876935601234436,0.7876935601234436,4.445657253265381,11.291706085205078,0.06976183042540991,0.9920546412467957,1.4233794212341309,0.999508798122406,0.5197368860244751,0.5576269626617432,0.08803249895572662,1.0761789083480835,0.20219701528549194,0.13113358616828918,0.0012057977728545666,1
0,5,11.291706085205078,0.7743093967437744,0.7743093967437744,4.499297618865967,11.291950225830078,0.06857328652561288,0.9955661296844482,1.0633375644683838,0.9997072815895081,0.5203549265861511,0.6182333827018738,0.08950751274824142,2.4404397010803223,0.21545851230621338,0.06101405620574951,3.312894841656089e-05,1
0,6,11.291950225830078,0.8066509962081909,0.8066509962081909,4.53672981262207,11.292146682739258,0.07143593268441754,0.9965958595275879,0.9317308068275452,0.9998481273651123,0.5239241719245911,0.5166345238685608,0.0794098824262619,0.10118299722671509,0.4367360472679138,0.06574925780296326,0.0002617891877889633,1
0,7,11.292146682739258,0.7737004160881042,0.7737004160881042,4.567656517028809,11.292245864868164,0.06851668135614578,0.9979684948921204,0.7197930812835693,0.9998983144760132,0.4881450831890106,0.595172643661499,0.06818138808012009,2.340614080429077,0.6243414878845215,0.044454336166381836,0.0001666373573243618,1
0,8,11.292245864868164,0.771344780921936,0.771344780921936,4.58493185043335,11.292318344116211,0.06830747312380994,0.9986050128936768,0.5964704751968384,0.9999344944953918,0.4819764494895935,0.5944835543632507,0.0660659596323967,2.4052274227142334,0.006004507653415203,0.03421631455421448,9.292783215641975e-05,0
0,9,11.292318344116211,0.8461001515388489,0.8461001515388489,4.575414180755615,11.292333602905273,0.07492705445907871,0.9986763596534729,0.5810282826423645,0.9999557733535767,0.5053533315658569,0.4970827102661133,0.07392973452806473,0.1127181276679039,0.6149775981903076,0.0414586067199707,0.00020102225244045258,3
0,10,11.292333602905273,0.7599440813064575,0.7599440813064575,4.589222431182861,11.292397499084473,0.06729734597204429,0.9992907047271729,0.42532357573509216,0.9999604821205139,0.49098968505859375,0.5994771122932434,0.07068698853254318,2.4861044883728027,0.5418638586997986,0.041933298110961914,0.00016346760094165802,1
0,11,11.292397499084473,0.8754221796989441,0.8754221796989441,4.567343711853027,11.292356491088867,0.07752314597231622,0.9992170333862305,0.4468691349029541,0.9999779462814331,0.5005139112472534,0.4931900203227997,0.0681379958987236,0.06908955425024033,0.556115984916687,0.06884300708770752,0.0008465927094221115,0
0,12,11.292356491088867,0.7608200907707214,0.7608200907707214,4.58497953414917,11.292444229125977,0.06737478500356477,0.9996052384376526,0.3173055648803711,0.9999762177467346,0.4943806231021881,0.5919166803359985,0.06178314611315727,2.539933204650879,0.555553674697876,0.04549244046211243,0.0003582872450351715,2
0,13,11.292444229125977,0.8441675901412964,0.8441675901412964,4.567954063415527,11.292452812194824,0.07475508162918189,0.9996415376663208,0.3023434281349182,0.9999876022338867,0.5108382701873779,0.49082738161087036,0.06049579754471779,0.13651274144649506,0.5343729257583618,0.017139405012130737,8.056731894612312e-05,2
0,14,11.292452812194824,0.7574357390403748,0.7574357390403748,4.579583644866943,11.292509078979492,0.06707450999683726,0.9997507333755493,0.25212329626083374,0.9999896287918091,0.4930126965045929,0.5829302668571472,0.051456354558467865,2.5119054317474365,0.5568052530288696,0.03394010663032532,0.00019781943410634995,0
0,15,11.292509078979492,0.8135577440261841,0.8135577440261841,4.565202713012695,11.292523384094238,0.07204401947664456,0.9997612833976746,0.24674907326698303,0.9999920129776001,0.5063504576683044,0.5038878321647644,0.051298096776008606,0.5406801700592041,0.4485716223716736,0.02614051103591919,0.00015963194891810417,0
0,16,11.292523384094238,0.7565639615058899,0.7565639615058899,4.564392566680908,11.292549133300781,0.06699689128574456,0.9997765421867371,0.23874594271183014,0.9999932646751404,0.5017207860946655,0.5264766812324524,0.05077377334237099,1.7746307849884033,0.09310228377580643,0.02895301580429077,0.00016952422447502613,0
0,17,11.292549133300781,0.7921125292778015,0.7921125292778015,4.5587286949157715,11.292526245117188,0.07014470514384817,0.9998126029968262,0.21867424249649048,0.999993085861206,0.492631733417511,0.5031440854072571,0.05085655674338341,1.230452299118042,0.022376954555511475,0.041763484477996826,0.0004547322168946266,3
0,18,11.292526245117188,0.7855010628700256,0.7855010628700256,4.549746036529541,11.292550086975098,0.06955937456507316,0.9998592138290405,0.18954509496688843,0.999994158744812,0.5060380101203918,0.4955192804336548,0.051732491701841354,1.1967788934707642,0.0036898665130138397,0.03185009956359863,0.0001523899845778942,2
0,19,11.292550086975098,0.789284884929657,0.789284884929657,4.548320293426514,11.292532920837402,0.06989430012269977,0.9999065399169922,0.15439128875732422,0.999995768070221,0.49409765005111694,0.49168911576271057,0.04113400727510452,1.2827692031860352,0.003033506218343973,0.030754029750823975,0.0002041999250650406,2
0,20,11.292532920837402,0.7850309014320374,0.7850309014320374,4.543663024902344,11.292539596557617,0.06951769872492194,0.9999476671218872,0.11541939526796341,0.9999971389770508,0.49485453963279724,0.4941076934337616,0.03729986026883125,1.28402841091156,0.002745372708886862,0.017402291297912598,5.4030679166316986e-05,2
0,21,11.292539596557617,0.7860115170478821,0.7860115170478821,4.540489196777344,11.292546272277832,0.0696044951028985,0.9999704360961914,0.08674374222755432,0.9999983310699463,0.4955088794231415,0.48181208968162537,0.036252960562705994,1.2730519771575928,0.0008631669916212559,0.009226679801940918,1.911964500322938e-05,2
0,22,11.292546272277832,0.7878528237342834,0.7878528237342834,4.537872791290283,11.29255199432373,0.06976750900444748,0.9999798536300659,0.07168905436992645,0.9999990463256836,0.5030506253242493,0.47966888546943665,0.03518645092844963,1.2589489221572876,0.0006755247595719993,0.007306575775146484,9.3457056209445e-06,0
0,23,11.29255199432373,0.7941182255744934,0.7941182255744934,4.5360212326049805,11.292559623718262,0.07032229968687873,0.9999850988388062,0.06174907460808754,0.9999994039535522,0.5066334009170532,0.48087260127067566,0.03731098026037216,1.2357170581817627,0.0008763640653342009,0.0053806304931640625,5.76116144657135e-06,3
0,24,11.292559623718262,0.7977004051208496,0.7977004051208496,4.536191463470459,11.29256534576416,0.07063946808351618,0.9999854564666748,0.060860611498355865,0.9999995231628418,0.510760486125946,0.48790714144706726,0.04583244025707245,1.199690341949463,0.0006205132231116295,0.005615711212158203,6.126763764768839e-06,1
0,25,11.29256534576416,0.7927862405776978,0.7927862405776978,4.544606685638428,11.292577743530273,0.07020426415996536,0.9999586343765259,0.10269033908843994,0.9999995827674866,0.5136815309524536,0.5020763278007507,0.05346861854195595,1.2339916229248047,0.0013317116536200047,0.009337425231933594,1.546792918816209e-05,0
0,26,11.292577743530273,0.7710573673248291,0.7710573673248291,4.563516616821289,11.29260540008545,0.06828001407974207,0.9999086856842041,0.15250065922737122,0.9999988675117493,0.5163442492485046,0.5271388292312622,0.059826500713825226,1.651307225227356,0.010012812912464142,0.015837669372558594,4.407440428622067e-05,1
0,27,11.29260540008545,0.754728376865387,0.754728376865387,4.581914901733398,11.292635917663574,0.06683385721240875,0.9999051690101624,0.15552322566509247,0.9999976754188538,0.5148786306381226,0.5349084138870239,0.06068756431341171,1.9670803546905518,0.01659827120602131,0.01705193519592285,0.00010354374535381794,2
0,28,11.292635917663574,0.754000186920166,0.754000186920166,4.593696594238281,11.292655944824219,0.06676919298715576,0.9999463558197021,0.11703623831272125,0.9999973773956299,0.5148141384124756,0.537109375,0.06219823285937309,2.009119987487793,0.0014736284501850605,0.012994050979614258,5.034042987972498e-05,2
0,29,11.292655944824219,0.748711347579956,0.748711347579956,4.601776599884033,11.29267406463623,0.0663007313105217,0.9999531507492065,0.10932227969169617,0.9999986290931702,0.512101411819458,0.5430982112884521,0.05954604968428612,2.1688694953918457,0.005528712645173073,0.015467643737792969,6.771762855350971e-05,2
0,30,11.29267406463623,0.7485973238945007,0.7485973238945007,4.605024814605713,11.292686462402344,0.0662905277890543,0.9999668598175049,0.09192033112049103,0.9999985694885254,0.5100939273834229,0.5310231447219849,0.05439326912164688,2.1502108573913574,0.0058493223041296005,0.012103080749511719,3.9329868741333485e-05,0
0,31,11.292686462402344,0.7482266426086426,0.7482266426086426,4.603205680847168,11.292694091796875,0.06625763011306249,0.999973714351654,0.08191819489002228,0.999998927116394,0.5025566220283508,0.5347044467926025,0.051518820226192474,2.063527822494507,0.004133705515414476,0.008776545524597168,6.6568609327077866e-06,0
0,32,11.292694091796875,0.7651593685150146,0.7651593685150146,4.596360206604004,11.292698860168457,0.06775702611751734,0.9999479055404663,0.115409255027771,0.9999992251396179,0.492257297039032,0.5381656885147095,0.05223977938294411,1.767831802368164,0.01688321679830551,0.02081894874572754,4.9437396228313446e-05,1
0,33,11.292698860168457,0.7881028652191162,0.7881028652191162,4.593155860900879,11.292696952819824,0.06978870817133964,0.999907910823822,0.15323549509048462,0.9999986290931702,0.49170544743537903,0.5350385904312134,0.05468497425317764,1.4731656312942505,0.007419292815029621,0.0234832763671875,0.00011115020606666803,2
0,34,11.292696952819824,0.7673856616020203,0.7673856616020203,4.604875087738037,11.292703628540039,0.06795415345050958,0.9999415278434753,0.12205947935581207,0.9999978542327881,0.5062166452407837,0.5321179032325745,0.06121267005801201,1.5203826427459717,0.0009796454105526209,0.01598912477493286,5.064927972853184e-05,2
0,35,11.292703628540039,0.7360368371009827,0.7360368371009827,4.617370128631592,11.292726516723633,0.06517808855275344,0.999940037727356,0.12355342507362366,0.9999984502792358,0.5092623233795166,0.577549159526825,0.06203044578433037,2.340388298034668,0.060530923306941986,0.021751880645751953,0.00010085850954055786,1
0,36,11.292726516723633,0.7353131771087646,0.7353131771087646,4.6271138191223145,11.292741775512695,0.06511387449433262,0.9999407529830933,0.12293395400047302,0.9999982118606567,0.5089161396026611,0.5599744319915771,0.06874632835388184,1.9714082479476929,0.0232093408703804,0.009629964828491211,1.6499077901244164e-05,1
0,37,11.292741775512695,0.7200178503990173,0.7200178503990173,4.6351237297058105,11.292755126953125,0.06375934779278421,0.999926745891571,0.13666154444217682,0.9999983310699463,0.5082589983940125,0.5885708332061768,0.07139282673597336,2.4822945594787598,0.05433274805545807,0.02458953857421875,0.00011499132961034775,1
0,38,11.292755126953125,0.743345320224762,0.743345320224762,4.633235931396484,11.292773246765137,0.06582497467341457,0.9999572038650513,0.10452813655138016,0.9999980330467224,0.5253692865371704,0.5792599320411682,0.08164477348327637,2.217435836791992,0.018931400030851364,0.005869507789611816,7.5392890721559525e-06,0
0,39,11.292773246765137,0.7398141026496887,0.7398141026496887,4.625765800476074,11.292781829833984,0.06551217194249531,0.9999476075172424,0.11554162204265594,0.9999985694885254,0.5304865837097168,0.6189212799072266,0.09029444307088852,2.530355453491211,0.0316818542778492,0.0167008638381958,9.175646118819714e-05,2
0,40,11.292781829833984,0.7626109719276428,0.7626109719276428,4.617868423461914,11.29277515411377,0.06753083371476538,0.9999595880508423,0.10161353647708893,0.9999984502792358,0.5419240593910217,0.5806732177734375,0.10082180052995682,2.146973133087158,0.05252216011285782,0.011939764022827148,2.3491214960813522e-05,0
0,41,11.29277515411377,0.7758679986000061,0.7758679986000061,4.620970726013184,11.292793273925781,0.06870481241427802,0.9999364614486694,0.12719981372356415,0.9999989867210388,0.5601176023483276,0.5654204487800598,0.10184533149003983,2.212240219116211,0.07624416053295135,0.015603363513946533,4.8209214583039284e-05,3
0,42,11.292793273925781,0.7790005207061768,0.7790005207061768,4.627377510070801,11.292780876159668,0.06898209342987185,0.9998891353607178,0.1681729555130005,0.9999980330467224,0.5584518909454346,0.5256372094154358,0.09735296666622162,1.335962176322937,0.15861234068870544,0.019556403160095215,5.879625678062439e-05,2
0,43,11.292780876159668,0.7701241970062256,0.7701241970062256,4.627098083496094,11.292802810668945,0.06819615163454065,0.9999222755432129,0.140817329287529,0.9999967217445374,0.5439692735671997,0.5784924626350403,0.10034332424402237,2.2022411823272705,0.08175447583198547,0.02783644199371338,0.00010632723569869995,3
0,44,11.292802810668945,0.9673362374305725,0.9673362374305725,4.6030731201171875,11.29287052154541,0.08565953498423577,0.9994794130325317,0.36440467834472656,0.9999977350234985,0.5476322174072266,0.5619398355484009,0.0945877805352211,0.7090450525283813,0.19880907237529755,0.12074470520019531,0.0029686465859413147,3
0,45,11.29287052154541,0.7832053899765015,0.7832053899765015,4.6059393882751465,11.292865753173828,0.0693539688144163,0.9999068975448608,0.15411122143268585,0.9999822378158569,0.5083412528038025,0.6380103826522827,0.0945066288113594,2.49609112739563,0.40193790197372437,0.036249637603759766,0.0003176247701048851,1
0,46,11.292865753173828,0.7867969274520874,0.7867969274520874,4.609024524688721,11.292859077453613,0.06967203406548603,0.9999523758888245,0.11009848117828369,0.9999968409538269,0.5095970630645752,0.6417430639266968,0.09380556643009186,2.4794507026672363,0.002666788175702095,0.023597508668899536,0.0001287907361984253,3
0,47,11.292859077453613,0.8900190591812134,0.8900190591812134,4.602889537811279,11.292832374572754,0.07881255340891942,0.9996342658996582,0.30540555715560913,0.9999983310699463,0.5316622257232666,0.5287431478500366,0.092713862657547,0.04137095808982849,0.584538459777832,0.07132628560066223,0.0011999830603599548,3
0,48,11.292832374572754,0.7698974013328552,0.7698974013328552,4.605785846710205,11.292847633361816,0.06817575748900488,0.9999071359634399,0.1539156287908554,0.9999878406524658,0.5175228714942932,0.6183362603187561,0.08934449404478073,2.376936912536621,0.3976302146911621,0.04504746198654175,0.00046300049871206284,2
0,49,11.292847633361816,0.8705011010169983,0.8705011010169983,4.5999321937561035,11.292834281921387,0.07708428638010899,0.9997780323028564,0.23792994022369385,0.9999967813491821,0.5294731855392456,0.5197247862815857,0.08782029896974564,0.03862294554710388,0.3985401391983032,0.05125916004180908,0.0006562191992998123,3
0,50,11.292834281921387,0.7615237832069397,0.7615237832069397,4.603711128234863,11.292854309082031,0.06743424761187343,0.9998568892478943,0.19102278351783752,0.9999927878379822,0.5075743794441223,0.6001549363136292,0.07853175699710846,2.4334793090820312,0.4514175057411194,0.04972279071807861,0.0006079841405153275,0
0,51,11.292854309082031,0.820651113986969,0.820651113986969,4.612980842590332,11.292783737182617,0.0726699461027296,0.9995777010917664,0.32820677757263184,0.9999954104423523,0.5066892504692078,0.5103533267974854,0.06783265620470047,0.3433759808540344,0.3655205965042114,0.08510470390319824,0.0016559679061174393,2
0,52,11.292783737182617,0.7684262990951538,0.7684262990951538,4.614426136016846,11.292801856994629,0.0680457818885731,0.9998469352722168,0.19760017096996307,0.999988317489624,0.4984346926212311,0.6004324555397034,0.06836512684822083,2.490363597869873,0.5302829742431641,0.03962671756744385,0.00035018613561987877,3
0,53,11.292801856994629,0.8358700275421143,0.8358700275421143,4.601456165313721,11.292671203613281,0.07401794861249479,0.9996757507324219,0.28758504986763,0.9999951720237732,0.49428698420524597,0.5120760798454285,0.0712750256061554,0.38675326108932495,0.5197432637214661,0.05311715602874756,0.0005999286659061909,0
0,54,11.292671203613281,0.7719733119010925,0.7719733119010925,4.589548110961914,11.292698860168457,0.06836055862974977,0.9998521208763123,0.1942044347524643,0.9999908208847046,0.5012713074684143,0.5509785413742065,0.07515093684196472,1.7437299489974976,0.09714050590991974,0.030532538890838623,0.00021414575167000294,2
0,55,11.292698860168457,0.8202411532402039,0.8202411532402039,4.579326152801514,11.29261589050293,0.07263464326790417,0.9998473525047302,0.19730351865291595,0.9999959468841553,0.4928705096244812,0.5145285725593567,0.06674207001924515,0.44674327969551086,0.08919847756624222,0.0221865177154541,8.118286496028304e-05,2
0,56,11.29261589050293,0.7470151782035828,0.7470151782035828,4.590205192565918,11.292659759521484,0.06615076484021928,0.999888002872467,0.16901031136512756,0.9999958276748657,0.4986381530761719,0.5880931615829468,0.06329941004514694,2.571643829345703,0.3270357847213745,0.02953946590423584,0.00019037490710616112,3
0,57,11.292659759521484,0.8176661133766174,0.8176661133766174,4.578229904174805,11.292582511901855,0.07240686700820828,0.9998791217803955,0.17558445036411285,0.9999970197677612,0.5014156103134155,0.5050913095474243,0.058105722069740295,0.4903177320957184,0.31667065620422363,0.02519756555557251,7.766229100525379e-05,0
0,58,11.292582511901855,0.7583479881286621,0.7583479881286621,4.571601867675781,11.292622566223145,0.06715452265497274,0.9998972415924072,0.16195467114448547,0.9999966621398926,0.5109585523605347,0.5367720127105713,0.05707022175192833,1.8791441917419434,0.10438665002584457,0.01972430944442749,0.00011233729310333729,3
0,59,11.292622566223145,0.7848763465881348,0.7848763465881348,4.566064357757568,11.292590141296387,0.06950346051020452,0.9999566078186035,0.10514408349990845,0.9999971389770508,0.49518629908561707,0.5329285264015198,0.04833914339542389,1.5769644975662231,0.015372705645859241,0.02497929334640503,0.00014321482740342617,2
0,60,11.292590141296387,0.7585334777832031,0.7585334777832031,4.5630574226379395,11.292630195617676,0.06717090306937534,0.9999245405197144,0.13879474997520447,0.9999986290931702,0.5013977289199829,0.534667432308197,0.05251312628388405,1.8110480308532715,0.013219691812992096,0.01886647939682007,9.059440344572067e-05,3
0,61,11.292630195617676,0.7747582793235779,0.7747582793235779,4.562490463256836,11.292601585388184,0.06860742501106942,0.9999653100967407,0.09414036571979523,0.9999978542327881,0.4929174482822418,0.5176037549972534,0.0502888448536396,1.5989742279052734,0.00763882789760828,0.02098524570465088,0.00010035163722932339,3
0,62,11.292601585388184,0.7772020697593689,0.7772020697593689,4.562787055969238,11.292573928833008,0.06882400515794453,0.9999760985374451,0.07802776247262955,0.999998927116394,0.49675223231315613,0.5115082859992981,0.04781610146164894,1.6485037803649902,0.002262160647660494,0.017251968383789062,6.44824467599392e-05,0
0,63,11.292573928833008,0.7971891164779663,0.7971891164779663,4.550370693206787,11.292570114135742,0.07059410206228768,0.9999334812164307,0.1302327811717987,0.9999992847442627,0.49879446625709534,0.5013506412506104,0.04414582625031471,0.9833202362060547,0.02476901188492775,0.029129862785339355,0.00013594981282949448,2
0,64,11.292570114135742,0.770745038986206,0.770745038986206,4.5526227951049805,11.292564392089844,0.06825240234917007,0.9999875426292419,0.05649996176362038,0.9999977350234985,0.49212855100631714,0.5132001042366028,0.03753570094704628,1.6358864307403564,0.027059661224484444,0.011797666549682617,2.770824357867241e-05,0
0,65,11.292564392089844,0.7680274844169617,0.7680274844169617,4.554677963256836,11.292563438415527,0.06801178702642116,0.9999929666519165,0.04251314327120781,0.9999995231628418,0.4958838224411011,0.5005819797515869,0.03595701605081558,1.6903016567230225,0.0013838103041052818,0.008498668670654297,8.343136869370937e-06,2
0,66,11.292563438415527,0.7850458025932312,0.7850458025932312,4.547180652618408,11.292593002319336,0.06951883041211251,0.9999196529388428,0.1431339979171753,0.9999997019767761,0.5134579539299011,0.49071991443634033,0.03971942886710167,1.2413527965545654,0.014936866238713264,0.03301268815994263,0.00021508755162358284,2
0,67,11.292593002319336,0.791527271270752,0.791527271270752,4.547574520111084,11.292569160461426,0.07009260593277236,0.9999687671661377,0.08926494419574738,0.9999973773956299,0.5030242204666138,0.49021899700164795,0.03910892829298973,1.3483994007110596,0.003442073240876198,0.014823496341705322,5.967041943222284e-05,0
0,68,11.292569160461426,0.7998773455619812,0.7998773455619812,4.542668342590332,11.292572975158691,0.07083218479303938,0.9999788999557495,0.07344163209199905,0.9999990463256836,0.5157778859138489,0.4941052496433258,0.049666937440633774,1.1123244762420654,0.004378659650683403,0.014626741409301758,3.9104605093598366e-05,2
0,69,11.292572975158691,0.7919853329658508,0.7919853329658508,4.548478603363037,11.292590141296387,0.07013329333430508,0.9999641180038452,0.09564860165119171,0.9999992847442627,0.5187433958053589,0.5085356831550598,0.0579981729388237,1.1960548162460327,0.0012297662906348705,0.0052138566970825195,3.989087417721748e-06,2
0,70,11.292590141296387,0.7731539011001587,0.7731539011001587,4.565217971801758,11.292620658874512,0.06846559482157924,0.9999167919158936,0.1456991285085678,0.999998927116394,0.5211779475212097,0.5304444432258606,0.06329241394996643,1.5764026641845703,0.007757198065519333,0.01285552978515625,3.240292426198721e-05,1
0,71,11.292620658874512,0.7506206631660461,0.7506206631660461,4.585727691650391,11.292635917663574,0.06647001487437348,0.9998998641967773,0.15975338220596313,0.9999978542327881,0.5069125294685364,0.541662335395813,0.06095392629504204,2.098452091217041,0.03247414156794548,0.026033878326416016,0.00012301630340516567,1
0,72,11.292635917663574,0.7491233944892883,0.7491233944892883,4.596627235412598,11.292678833007812,0.06633733700008285,0.9998835325241089,0.17233289778232574,0.9999970197677612,0.5227643847465515,0.5676291584968567,0.061608605086803436,2.437546730041504,0.02584138698875904,0.027097463607788086,0.00028184615075588226,1
0,73,11.292678833007812,0.7679995894432068,0.7679995894432068,4.604828357696533,11.292677879333496,0.06800862760733005,0.9998910427093506,0.16673509776592255,0.9999963045120239,0.5175150632858276,0.5141690969467163,0.05731408670544624,1.5396075248718262,0.08803212642669678,0.02003026008605957,0.00011310447007417679,3
0,74,11.292677879333496,0.732949435710907,0.732949435710907,4.610110759735107,11.292713165283203,0.06490483865233268,0.9999328255653381,0.1309148073196411,0.9999967217445374,0.5101514458656311,0.5896977782249451,0.05239063873887062,2.49845027923584,0.2313026785850525,0.014832735061645508,4.219403490424156e-05,1
0,75,11.292713165283203,0.8475587368011475,0.8475587368011475,4.606692790985107,11.292694091796875,0.07505359645605521,0.9997203946113586,0.26703694462776184,0.9999979138374329,0.5071840286254883,0.5077964067459106,0.05588245764374733,0.2049659788608551,0.5509632229804993,0.06702256202697754,0.0009880531579256058,0
0,76,11.292694091796875,0.7252166867256165,0.7252166867256165,4.6118879318237305,11.292740821838379,0.0642199886785582,0.9999185800552368,0.14402785897254944,0.9999919533729553,0.49765416979789734,0.6049447655677795,0.054042793810367584,2.5236730575561523,0.4889217019081116,0.030344247817993164,0.00018353713676333427,1
0,77,11.292740821838379,0.8120904564857483,0.8120904564857483,4.627869129180908,11.292738914489746,0.07191260910861369,0.9998209476470947,0.21364280581474304,0.999997615814209,0.5159633755683899,0.512373149394989,0.06237424165010452,0.3121916651725769,0.45794567465782166,0.03167915344238281,0.00027257995679974556,2
0,78,11.292738914489746,0.7262885570526123,0.7262885570526123,4.6301589012146,11.292769432067871,0.06431465055131216,0.9999088048934937,0.15252293646335602,0.9999951124191284,0.49904194474220276,0.6156490445137024,0.05895545333623886,2.5498976707458496,0.5439627170562744,0.03813141584396362,0.000321829691529274,1
0,79,11.292769432067871,0.7843936681747437,0.7843936681747437,4.626256942749023,11.292798042297363,0.0694598143434431,0.9998970031738281,0.16212956607341766,0.9999971985816956,0.5149492621421814,0.5568121671676636,0.06497775763273239,1.7946784496307373,0.20940040051937103,0.03517502546310425,0.00029447278939187527,1
0,80,11.292798042297363,0.7459242939949036,0.7459242939949036,4.621097087860107,11.29279613494873,0.06605309784174229,0.9999337196350098,0.13009841740131378,0.9999972581863403,0.517018735408783,0.5758944153785706,0.06902985274791718,2.293043613433838,0.024520207196474075,0.015523433685302734,4.279729910194874e-05,3
0,81,11.29279613494873,0.7434681057929993,0.7434681057929993,4.616884708404541,11.292807579040527,0.06583560855155512,0.999939501285553,0.12426748126745224,0.9999983310699463,0.5139356851577759,0.6184167861938477,0.07884714752435684,2.5495872497558594,0.0731317326426506,0.03195464611053467,0.00020916620269417763,1
0,82,11.292807579040527,0.7459765672683716,0.7459765672683716,4.6086201667785645,11.292804718017578,0.06605767095978024,0.9999747276306152,0.08021632581949234,0.9999982118606567,0.5233450531959534,0.6371687650680542,0.0848257914185524,2.5408082008361816,0.005383794195950031,0.006987273693084717,1.1432566680014133e-05,2
0,83,11.292804718017578,0.7998025417327881,0.7998025417327881,4.59689474105835,11.292803764343262,0.07082408327283918,0.9999171495437622,0.14534224569797516,0.9999992847442627,0.5498418807983398,0.5838328003883362,0.09673736989498138,2.0177321434020996,0.17129452526569366,0.02918529510498047,0.00021854043006896973,3
0,84,11.292803764343262,0.7787806391716003,0.7787806391716003,4.601329803466797,11.29279899597168,0.06896255840649425,0.9999480247497559,0.11518793553113937,0.999997615814209,0.5542324185371399,0.5907754302024841,0.0986219272017479,2.200644016265869,0.18385201692581177,0.013329803943634033,5.471310578286648e-05,2
0,85,11.29279899597168,0.819731593132019,0.819731593132019,4.602449893951416,11.292801856994629,0.0725888766305351,0.9998740553855896,0.17924048006534576,0.9999983906745911,0.5640984773635864,0.5312008857727051,0.09753192216157913,1.3118234872817993,0.2708706855773926,0.02692115306854248,0.00019326061010360718,2
0,86,11.292801856994629,0.76523756980896,0.76523756980896,4.6048970222473145,11.292799949645996,0.06776330440394478,0.999897837638855,0.16139352321624756,0.9999954104423523,0.547219455242157,0.5771788358688354,0.10089755058288574,2.182084560394287,0.07344383746385574,0.03563201427459717,0.0003429381176829338,2
0,87,11.292799949645996,0.9629523754119873,0.9629523754119873,4.583459854125977,11.292853355407715,0.08527135694475609,0.9996196031570435,0.31146949529647827,0.9999969005584717,0.5485239028930664,0.5691651105880737,0.09508217126131058,0.7100496292114258,0.18327254056930542,0.10213088989257812,0.002163579687476158,1
0,88,11.292853355407715,0.9618967175483704,0.9618967175483704,4.560429573059082,11.292875289916992,0.08517747351140045,0.9998202919960022,0.2140977382659912,0.9999865293502808,0.5434688925743103,0.5596715211868286,0.09334830194711685,0.7066926956176758,1.6394384147133678e-05,0.061720579862594604,0.0008456939831376076,2
0,89,11.292875289916992,0.8230255842208862,0.8230255842208862,4.574224948883057,11.292816162109375,0.07288007377144566,0.9992349147796631,0.44173121452331543,0.9999939799308777,0.5287191867828369,0.5556966066360474,0.09725074470043182,0.8121123313903809,0.0012891297228634357,0.1319856345653534,0.003958771005272865,2
0,90,11.292816162109375,0.8505343198776245,0.8505343198776245,4.570096015930176,11.292835235595703,0.07531640537383494,0.999840259552002,0.20186026394367218,0.999977171421051,0.5275613069534302,0.5619969964027405,0.09092321991920471,0.5445020198822021,0.004346743226051331,0.04159414768218994,0.00027717603370547295,1
0,91,11.292835235595703,0.8450583219528198,0.8450583219528198,4.567000389099121,11.29284954071045,0.07483136912235686,0.9999138712882996,0.14826886355876923,0.9999946355819702,0.529796838760376,0.5628328919410706,0.08849252015352249,0.5364866256713867,3.0949857318773866e-05,0.025780797004699707,0.00012643029913306236,3
0,92,11.29284954071045,0.819800615310669,0.819800615310669,4.584062576293945,11.292814254760742,0.07259466376093186,0.999618649482727,0.31188851594924927,0.9999972581863403,0.5178154110908508,0.5501862168312073,0.08776151388883591,0.8916416168212891,0.008422715589404106,0.09450995922088623,0.0017807167023420334,3
0,93,11.292814254760742,0.9421564936637878,0.9421564936637878,4.57883882522583,11.292909622192383,0.0834297343787976,0.999396026134491,0.39251503348350525,0.9999879598617554,0.5269063115119934,0.5484803318977356,0.07489491999149323,0.7065885066986084,0.002484154887497425,0.11504042148590088,0.0031769275665283203,1
0,94,11.292909622192383,0.9355202317237854,0.9355202317237854,4.558609962463379,11.292932510375977,0.08284138127567564,0.9996684789657593,0.2908208668231964,0.9999819993972778,0.5251772999763489,0.5298588871955872,0.06537605822086334,0.8193387985229492,0.0017286012880504131,0.06766825914382935,0.0012669824063777924,0
0,95,11.292932510375977,0.7606327533721924,0.7606327533721924,4.564413070678711,11.292884826660156,0.06735475950762311,0.9997957944869995,0.22821250557899475,0.9999911189079285,0.48666444420814514,0.6120949983596802,0.06441669911146164,2.5474941730499268,0.4165276288986206,0.053736865520477295,0.0008041532710194588,2
0,96,11.292884826660156,0.7494738101959229,0.7494738101959229,4.571063995361328,11.292828559875488,0.06636690462179963,0.9999029040336609,0.15738357603549957,0.999992847442627,0.48558923602104187,0.6099151372909546,0.06805232912302017,2.5572571754455566,0.0052017830312252045,0.037823498249053955,0.0003262944519519806,3
0,97,11.292828559875488,0.8445568680763245,0.8445568680763245,4.557032585144043,11.292752265930176,0.07478700872845238,0.9997125864028931,0.27076268196105957,0.9999967217445374,0.4999680817127228,0.5140384435653687,0.07189827412366867,0.11743192374706268,0.5751413702964783,0.025347888469696045,0.00016134046018123627,1
0,98,11.292752265930176,0.7492296695709229,0.7492296695709229,4.5702595710754395,11.292746543884277,0.06634606444270646,0.9999204874038696,0.14239725470542908,0.9999909996986389,0.476974219083786,0.6129053831100464,0.06377024948596954,2.6182820796966553,0.5777536034584045,0.029104411602020264,0.00018389243632555008,0
0,99,11.292746543884277,0.8430256843566895,0.8430256843566895,4.554492950439453,11.292694091796875,0.074651961866021,0.999808132648468,0.22118975222110748,0.9999973773956299,0.5031721591949463,0.5087108612060547,0.06287777423858643,0.1264515221118927,0.5752666592597961,0.030005335807800293,0.00017276965081691742,3
0,100,11.292694091796875,0.7570027709007263,0.7570027709007263,4.5670576095581055,11.292705535888672,0.0670347363301571,0.9999128580093384,0.149057075381279,0.9999940395355225,0.4986020028591156,0.5947496891021729,0.0558551549911499,2.579754114151001,0.5496497750282288,0.01949542760848999,8.550193160772324e-05,2
0,101,11.292705535888672,0.8410651087760925,0.8410651087760925,4.5511603355407715,11.29266357421875,0.07447861861828893,0.9998518228530884,0.19435681402683258,0.9999972581863403,0.5103088617324829,0.49971306324005127,0.0531688928604126,0.14236271381378174,0.5442777872085571,0.027210325002670288,0.0001416373997926712,1
0,102,11.29266357421875,0.7516613006591797,0.7516613006591797,4.5612077713012695,11.292684555053711,0.06656191391154422,0.9998947381973267,0.16386264562606812,0.9999953508377075,0.48373401165008545,0.5993358492851257,0.04433614760637283,2.5536370277404785,0.5746690034866333,0.023039132356643677,0.0001127016730606556,2
0,103,11.292684555053711,0.9409226179122925,0.9409226179122925,4.528562545776367,11.29268741607666,0.08332142931338767,0.9996888041496277,0.2817406952381134,0.9999967813491821,0.5035558938980103,0.5169962048530579,0.043906569480895996,0.6568222045898438,0.43488383293151855,0.08766508102416992,0.0015300698578357697,2
0,104,11.29268741607666,0.7724303603172302,0.7724303603172302,4.540270805358887,11.292628288269043,0.06840093344101349,0.9995872974395752,0.3244410455226898,0.9999901056289673,0.4948728680610657,0.5080568790435791,0.04916514456272125,1.375963807106018,0.029549069702625275,0.09575068950653076,0.002181418240070343,2
0,105,11.292628288269043,0.821796178817749,0.821796178817749,4.527096748352051,11.29261302947998,0.07277279990446897,0.9999049305915833,0.15576677024364471,0.9999872446060181,0.5035585165023804,0.5055869817733765,0.04518117010593414,0.9432581663131714,0.012431574985384941,0.03022634983062744,0.00016845669597387314,1
0,106,11.29261302947998,0.8197635412216187,0.8197635412216187,4.518028259277344,11.292598724365234,0.07259290113648464,0.9999515414237976,0.11120443046092987,0.9999970197677612,0.5007577538490295,0.5054434537887573,0.03971187770366669,0.9477553367614746,0.00013966846745461226,0.018597841262817383,6.645428948104382e-05,3
0,107,11.292598724365234,0.773918867111206,0.773918867111206,4.533103942871094,11.292558670043945,0.06853328325935965,0.9998118281364441,0.21907958388328552,0.9999984502792358,0.49060165882110596,0.5058349967002869,0.03690682351589203,1.3705148696899414,0.010737940669059753,0.06278729438781738,0.0008327038958668709,0
0,108,11.292558670043945,0.770941436290741,0.770941436290741,4.543849945068359,11.292540550231934,0.06826986326277291,0.9999120235443115,0.14981408417224884,0.999994158744812,0.4934077262878418,0.49668318033218384,0.03651926666498184,1.4151692390441895,0.0007639608811587095,0.03691565990447998,0.00029233144596219063,2
0,109,11.292540550231934,0.8176390528678894,0.8176390528678894,4.53246545791626,11.292571067810059,0.07240523505147796,0.9999269247055054,0.13653430342674255,0.9999972581863403,0.5063068270683289,0.4981924593448639,0.03552877530455589,1.008605718612671,0.009385734796524048,0.036496102809906006,0.0002621011808514595,1
0,110,11.292571067810059,0.8208463191986084,0.8208463191986084,4.523948669433594,11.292586326599121,0.0726890549786722,0.9999639391899109,0.09605655074119568,0.9999973773956299,0.5091367363929749,0.49543362855911255,0.038305893540382385,1.0164790153503418,0.00028973218286409974,0.02391284704208374,0.00010518496856093407,3
0,111,11.292586326599121,0.7785101532936096,0.7785101532936096,4.539702415466309,11.292560577392578,0.06893993375635021,0.9998892545700073,0.16810311377048492,0.9999986886978149,0.5065203905105591,0.49216052889823914,0.045955196022987366,1.4206904172897339,0.009564142674207687,0.04300987720489502,0.0004062894731760025,1
0,112,11.292560577392578,0.7783607244491577,0.7783607244491577,4.557349681854248,11.292550086975098,0.06892685844939511,0.9999129176139832,0.14910568296909332,0.9999966621398926,0.5083603262901306,0.5037457942962646,0.053303543478250504,1.4411556720733643,0.0013206643052399158,0.031418025493621826,0.00020760763436555862,1
0,113,11.292550086975098,0.7619906067848206,0.7619906067848206,4.57860803604126,11.292570114135742,0.0674772837770014,0.9999082088470459,0.15300026535987854,0.9999974966049194,0.510600209236145,0.5246237516403198,0.05908114090561867,1.7073770761489868,0.004273494705557823,0.01687788963317871,4.84660267829895e-05,0
0,114,11.292570114135742,0.7428736686706543,0.7428736686706543,4.596548557281494,11.292611122131348,0.06578428658510117,0.9999051690101624,0.15554475784301758,0.9999973773956299,0.5103066563606262,0.5363916754722595,0.06224559247493744,2.0675458908081055,0.01897643692791462,0.018030881881713867,0.00010052206926047802,3
0,115,11.292611122131348,0.8664529323577881,0.8664529323577881,4.592461585998535,11.292696952819824,0.07672742140741098,0.9994502067565918,0.3745013475418091,0.9999971389770508,0.5233185291290283,0.5417544841766357,0.05842757597565651,1.5852394104003906,0.02242358587682247,0.11441123485565186,0.002891184762120247,0
0,116,11.292696952819824,0.7440569996833801,0.7440569996833801,4.5943427085876465,11.292728424072266,0.06588833498251156,0.9999119639396667,0.149830162525177,0.9999846816062927,0.4990355670452118,0.5897902250289917,0.054329536855220795,2.422654867172241,0.2732373774051666,0.01910853385925293,7.381709292531013e-05,1
0,117,11.292728424072266,0.8800220489501953,0.8800220489501953,4.576869010925293,11.292747497558594,0.07792820440756255,0.9997221231460571,0.2662082612514496,0.9999973177909851,0.5151351094245911,0.5387478470802307,0.05155547335743904,1.5226967334747314,0.28470128774642944,0.08191466331481934,0.001509096473455429,0
0,118,11.292747497558594,0.725933313369751,0.725933313369751,4.583642959594727,11.292760848999023,0.0642831439848179,0.9999168515205383,0.145590141415596,0.9999920129776001,0.48415783047676086,0.6080545783042908,0.050340183079242706,2.536630392074585,0.28328371047973633,0.04317653179168701,0.0003409115597605705,3
0,119,11.292760848999023,0.8470553159713745,0.8470553159713745,4.5903239250183105,11.292725563049316,0.07500870046729595,0.999747633934021,0.2537214159965515,0.9999973177909851,0.5056698322296143,0.5154082775115967,0.057257477194070816,0.17664168775081635,0.6073901653289795,0.036475181579589844,0.0003826497122645378,0
0,120,11.292725563049316,0.7272503972053528,0.7272503972053528,4.598987579345703,11.292763710021973,0.06439990001926311,0.9998907446861267,0.16700410842895508,0.9999932050704956,0.5097352266311646,0.5979505777359009,0.0600261464715004,2.492410659790039,0.4549389183521271,0.05110052227973938,0.0005479492247104645,2
0,121,11.292763710021973,0.7527371644973755,0.7527371644973755,4.61344575881958,11.292760848999023,0.06665659388846903,0.9998652935028076,0.18528719246387482,0.9999966621398926,0.510500967502594,0.561782956123352,0.06452486664056778,1.9339277744293213,0.10618951916694641,0.04997831583023071,0.000505572184920311,2
0,122,11.292760848999023,0.7358103394508362,0.7358103394508362,4.624231815338135,11.29277515411377,0.0651577014062117,0.999922513961792,0.14058546721935272,0.9999960064888,0.5111377835273743,0.5602918267250061,0.07064328342676163,1.8743269443511963,0.003620270173996687,0.01826643943786621,7.493281736969948e-05,0
0,123,11.29277515411377,0.7229294776916504,0.7229294776916504,4.624655246734619,11.292780876159668,0.06401699031688408,0.999953031539917,0.10947222262620926,0.9999979138374329,0.5183004140853882,0.6028507947921753,0.07325337082147598,2.533794403076172,0.07077775150537491,0.0070191919803619385,9.855604730546474e-06,3
0,124,11.292780876159668,0.7381835579872131,0.7381835579872131,4.621924877166748,11.292789459228516,0.06536773945074961,0.999963641166687,0.09633655846118927,0.999998927116394,0.517777144908905,0.6085329651832581,0.08133412897586823,2.483271598815918,0.008629459887742996,0.01236867904663086,2.6348978281021118e-05,0
0,125,11.292789459228516,0.7414354085922241,0.7414354085922241,4.613389492034912,11.292789459228516,0.06565564790427576,0.999968945980072,0.08900304138660431,0.999998927116394,0.5365008115768433,0.6276389956474304,0.09134836494922638,2.5788259506225586,0.01280941255390644,0.012005329132080078,3.076670691370964e-05,1
0,126,11.292789459228516,0.7513753771781921,0.7513753771781921,4.610573768615723,11.292781829833984,0.06653585280155604,0.9999759793281555,0.07839113473892212,0.9999992251396179,0.5374805927276611,0.6088609099388123,0.09794440120458603,2.426985502243042,0.02813025377690792,0.006623387336730957,7.961643859744072e-06,1
0,127,11.292781829833984,0.7736456394195557,0.7736456394195557,4.613558292388916,11.292789459228516,0.0685079771377226,0.9999591708183289,0.10210037976503372,0.9999993443489075,0.5624655485153198,0.6042424440383911,0.09986381232738495,2.3201284408569336,0.07585164904594421,0.010412156581878662,1.1329073458909988e-05,3
0,128,11.292789459228516,0.7741380929946899,0.7741380929946899,4.625168323516846,11.292763710021973,0.06855153864239105,0.9998660087585449,0.18486817181110382,0.9999987483024597,0.5557212829589844,0.5367642045021057,0.09636671096086502,1.2642741203308105,0.24402281641960144,0.02316787838935852,8.23591835796833e-05,1
0,129,11.292763710021973,0.7651817202568054,0.7651817202568054,4.624967575073242,11.292784690856934,0.0677585877031794,0.9999392032623291,0.12459563463926315,0.9999964237213135,0.5432201623916626,0.6070705652236938,0.09839226305484772,2.3564696311950684,0.1485535204410553,0.018546700477600098,5.162181332707405e-05,2
1,0,0.0,0.7871819734573364,0.7871819734573364,3.6751925945281982,11.28618335723877,787181973.4573364,nan,nan,nan,0.5478906631469727,0.5593651533126831,0.09577441215515137,2.7725541591644287,nan,nan,nan,3
1,1,11.28618335723877,0.7769551277160645,0.7769551277160645,4.014327049255371,11.288728713989258,0.06884126397058209,0.9711461067199707,2.7115249633789062,0.3902806043624878,0.5085217952728271,0.6352634429931641,0.095601387321949,2.656078815460205,0.02629820629954338,0.17732104659080505,0.0034364573657512665,3
1,2,11.288728713989258,0.8916085958480835,0.8916085958480835,4.227143287658691,11.290212631225586,0.0789821970602572,0.9798677563667297,2.265342950820923,0.9974304437637329,0.540353000164032,0.5227258205413818,0.09687195718288422,0.18953301012516022,0.5266116857528687,0.11901554465293884,0.0005169548094272614,3
1,3,11.290212631225586,0.7706702947616577,0.7706702947616577,4.355536937713623,11.291111946105957,0.06826003370655732,0.9887988567352295,1.6899166107177734,0.9988998174667358,0.5146906971931458,0.6121585965156555,0.09206964075565338,2.4494972229003906,0.3693455755710602,0.12091604620218277,0.000710243359208107,2
1,4,11.291111946105957,0.884149968624115,0.884149968624115,4.425014972686768,11.291523933410645,0.07830495108402834,0.9920447468757629,1.4242510795593262,0.999505877494812,0.5332231521606445,0.52763831615448,0.09069845080375671,0.062422774732112885,0.4043882489204407,0.11933627724647522,0.0008618198335170746,0
1,5,11.291523933410645,0.7820691466331482,0.7820691466331482,4.484563827514648,11.291849136352539,0.06926161174038459,0.9955452680587769,1.0658320188522339,0.9997159242630005,0.5144716501235962,0.6324638724327087,0.08861269801855087,2.4561805725097656,0.5757408142089844,0.08792078495025635,0.0005060462281107903,1
1,6,11.291849136352539,0.8589004278182983,0.8589004278182983,4.513418197631836,11.292006492614746,0.07606375337172969,0.9965279698371887,0.9409749507904053,0.9998456239700317,0.5225796103477478,0.5098770260810852,0.07969915121793747,0.04120311886072159,0.5825741291046143,0.08548250794410706,0.0004294849932193756,3
1,7,11.292006492614746,0.7648189067840576,0.7648189067840576,4.552397727966309,11.2921781539917,0.0677310013312752,0.9978371262550354,0.7426864504814148,0.9998936653137207,0.5053654313087463,0.5782922506332397,0.06999412924051285,2.384303092956543,0.506392776966095,0.08516442775726318,0.0007606130093336105,3
1,8,11.2921781539917,0.7601265907287598,0.7601265907287598,4.574947834014893,11.292288780212402,0.0673144348559592,0.9985286593437195,0.6125656962394714,0.9999288320541382,0.4981622099876404,0.5755533576011658,0.06776555627584457,2.4310460090637207,0.005672331899404526,0.05975621938705444,0.0003141481429338455,3
1,9,11.292288780212402,0.7507919073104858,0.7507919073104858,4.589911937713623,11.292349815368652,0.06648713311566265,0.9989286661148071,0.5226906538009644,0.9999524354934692,0.4949350357055664,0.5682321786880493,0.07063324749469757,2.3935508728027344,0.00607289420440793,0.04884248971939087,0.00015668896958231926,1
1,10,11.292349815368652,0.7504376173019409,0.7504376173019409,4.599775791168213,11.292402267456055,0.06645539941391215,0.9992626905441284,0.4336574971675873,0.9999657869338989,0.49138036370277405,0.5746630430221558,0.06949598342180252,2.4042980670928955,0.0036343075335025787,0.03674548864364624,8.41040164232254e-05,1
1,11,11.292402267456055,0.7485657930374146,0.7485657930374146,4.606727600097656,11.292447090148926,0.06628933111909509,0.9994966983795166,0.3582930564880371,0.999976634979248,0.4905640780925751,0.5697854161262512,0.0651303306221962,2.421190023422241,0.0006122391205281019,0.025351345539093018,3.504520282149315e-05,1
1,12,11.292447090148926,0.7509045600891113,0.7509045600891113,4.610667705535889,11.292491912841797,0.06649617696629902,0.9996615052223206,0.29380789399147034,0.9999842047691345,0.4953259825706482,0.5673426389694214,0.060823678970336914,2.449367046356201,0.004191828891634941,0.017656922340393066,1.6809441149234772e-05,0
1,13,11.292491912841797,0.8312110900878906,0.8312110900878906,4.6014323234558105,11.292430877685547,0.07360741070291485,0.9993616938591003,0.40348759293556213,0.9999895095825195,0.49917739629745483,0.5003191828727722,0.05697758123278618,0.426791250705719,0.3039551377296448,0.056977927684783936,0.000779641792178154,1
1,14,11.292430877685547,0.7500174641609192,0.7500174641609192,4.604671955108643,11.292484283447266,0.06641771575002457,0.9998055696487427,0.22276613116264343,0.9999815225601196,0.5034770965576172,0.5560404658317566,0.0528760589659214,2.4502949714660645,0.3226907253265381,0.02790975570678711,7.887417450547218e-05,2
1,15,11.292484283447266,0.8720914721488953,0.8720914721488953,4.578491687774658,11.292465209960938,0.0772276011424008,0.999630331993103,0.30710816383361816,0.9999942779541016,0.5071412920951843,0.4891010820865631,0.0509955957531929,0.07923433184623718,0.4143667221069336,0.0702379047870636,0.0011258069425821304,3
1,16,11.292465209960938,0.7440055012702942,0.7440055012702942,4.586353778839111,11.292532920837402,0.06588512671387436,0.9998731017112732,0.17989718914031982,0.9999879598617554,0.4939499497413635,0.5536032915115356,0.047444265335798264,2.3621068000793457,0.41060882806777954,0.02565029263496399,0.0001928592100739479,0
1,17,11.292532920837402,0.8274229168891907,0.8274229168891907,4.578459739685059,11.292474746704102,0.07327168516484013,0.9997289180755615,0.2629678249359131,0.9999961853027344,0.4950541853904724,0.4911666810512543,0.051270969212055206,0.4617350101470947,0.3099227845668793,0.049933791160583496,0.0005801734514534473,2
1,18,11.292474746704102,0.736923336982727,0.736923336982727,4.594232559204102,11.292553901672363,0.06525791321320515,0.9998677372932434,0.18368324637413025,0.9999922513961792,0.4969857335090637,0.558151364326477,0.048615336418151855,2.496967315673828,0.45481738448143005,0.02799326181411743,0.00018852343782782555,0
1,19,11.292553901672363,0.8132358193397522,0.8132358193397522,4.582062721252441,11.292506217956543,0.07201522582232851,0.999853253364563,0.1934928447008133,0.9999963045120239,0.4983331561088562,0.4787174165248871,0.04115376994013786,0.5462965965270996,0.43392226099967957,0.023916661739349365,0.00011614826507866383,2
1,20,11.292506217956543,0.7266556620597839,0.7266556620597839,4.59290075302124,11.292566299438477,0.06434848456441916,0.9998953938484192,0.16330501437187195,0.9999960064888,0.49366968870162964,0.545496940612793,0.037736065685749054,2.414189338684082,0.3271275758743286,0.02035200595855713,7.442943751811981e-05,0
1,21,11.292566299438477,0.7802573442459106,0.7802573442459106,4.583682060241699,11.292550086975098,0.06909477647120026,0.9999370574951172,0.12663282454013824,0.9999972581863403,0.49276939034461975,0.4797542691230774,0.03559180349111557,1.3687944412231445,0.15657946467399597,0.02155172824859619,0.0001105929259210825,3
1,22,11.292550086975098,0.756851077079773,0.756851077079773,4.57977294921875,11.292593002319336,0.06702215808214392,0.9998928308486938,0.16538666188716888,0.9999982118606567,0.5092755556106567,0.49769288301467896,0.03880760818719864,1.911548376083374,0.025791490450501442,0.024264395236968994,0.00015150080434978008,0
1,23,11.292593002319336,0.7759469151496887,0.7759469151496887,4.5746564865112305,11.292584419250488,0.06871290898293425,0.9999715089797974,0.08519048988819122,0.9999966621398926,0.5038486123085022,0.4884069561958313,0.03762922063469887,1.705232858657837,0.007969493977725506,0.011869847774505615,5.1968847401440144e-05,2
1,24,11.292584419250488,0.7953837513923645,0.7953837513923645,4.561400890350342,11.292607307434082,0.07043416474589045,0.9999027252197266,0.1575106829404831,0.9999990463256836,0.5199261903762817,0.48677629232406616,0.047278571873903275,1.1370725631713867,0.02500700019299984,0.02898430824279785,0.00017181457951664925,2
1,25,11.292607307434082,0.7925965785980225,0.7925965785980225,4.566528797149658,11.292581558227539,0.07018720805745587,0.99991375207901,0.14838112890720367,0.9999967813491821,0.5055694580078125,0.5023531913757324,0.05135506018996239,1.3917202949523926,0.0059655518271028996,0.031666338443756104,0.00023631518706679344,2
1,26,11.292581558227539,0.7699152827262878,0.7699152827262878,4.577439785003662,11.2926025390625,0.06817885518527371,0.9999459981918335,0.11742004752159119,0.9999973773956299,0.5195578336715698,0.5278544425964355,0.059666287153959274,1.674214243888855,0.006797312293201685,0.002855837345123291,1.1948286555707455e-06,3
1,27,11.2926025390625,0.7521504759788513,0.7521504759788513,4.593571186065674,11.29261302947998,0.06660559187991169,0.9999364614486694,0.1272333860397339,0.9999985098838806,0.5058833956718445,0.5353420972824097,0.05849719047546387,2.0555083751678467,0.02417060360312462,0.017495036125183105,5.70882111787796e-05,2
1,28,11.29261302947998,0.7490455508232117,0.7490455508232117,4.6019511222839355,11.292643547058105,0.06633057812817879,0.9999480247497559,0.11514192819595337,0.9999980926513672,0.5163819193840027,0.545714259147644,0.05940386280417442,2.215458869934082,0.008641606196761131,0.017410218715667725,9.52273840084672e-05,0
1,29,11.292643547058105,0.7485906481742859,0.7485906481742859,4.605132102966309,11.292665481567383,0.06629011577801058,0.9999640583992004,0.09575916826725006,0.9999983310699463,0.5142697691917419,0.5335775017738342,0.054290030151605606,2.198784589767456,0.005842143669724464,0.014443516731262207,5.817459896206856e-05,2
1,30,11.292665481567383,0.7470503449440002,0.7470503449440002,4.603826999664307,11.292678833007812,0.06615358846530821,0.9999734163284302,0.0821780189871788,0.999998927116394,0.503931999206543,0.5344559550285339,0.05138048157095909,2.0995700359344482,0.005753752775490284,0.008944511413574219,8.388422429561615e-06,2
1,31,11.292678833007812,0.7647082209587097,0.7647082209587097,4.596548080444336,11.292685508728027,0.06771716722550492,0.9999449253082275,0.11850312352180481,0.9999992251396179,0.4942702054977417,0.5357415676116943,0.050684984773397446,1.7637602090835571,0.019454702734947205,0.022240757942199707,5.652592517435551e-05,1
1,32,11.292685508728027,0.7644472718238831,0.7644472718238831,4.593259334564209,11.292693138122559,0.06769401939273416,0.9999669790267944,0.09176620841026306,0.9999984502792358,0.4922234117984772,0.5391333103179932,0.051813218742609024,1.7797698974609375,0.0005356043111532927,0.015009164810180664,2.9532122425734997e-05,2
1,33,11.292693138122559,0.7880106568336487,0.7880106568336487,4.591864109039307,11.292695045471191,0.06978057821950678,0.9999239444732666,0.1392580270767212,0.9999991655349731,0.49170544743537903,0.5350385904312134,0.05468497425317764,1.4746838808059692,0.007788974791765213,0.0194699764251709,9.119207970798016e-05,1
1,34,11.292695045471191,0.7686249613761902,0.7686249613761902,4.6047844886779785,11.292702674865723,0.06806390841878251,0.999943733215332,0.11974024027585983,0.9999983310699463,0.5059852004051208,0.5330076813697815,0.05972801521420479,1.4912816286087036,0.0008430208545178175,0.016013801097869873,4.700548015534878e-05,3
1,35,11.292702674865723,0.7355554103851318,0.7355554103851318,4.61735200881958,11.292728424072266,0.06513546239221056,0.9999343156814575,0.1294192671775818,0.9999984502792358,0.5093701481819153,0.5786066055297852,0.06202331930398941,2.3293495178222656,0.06310830265283585,0.02410721778869629,0.0001109815202653408,2
1,36,11.292728424072266,0.7352939248085022,0.7352939248085022,4.62727689743042,11.292744636535645,0.0651121586561052,0.9999390840530396,0.12462170422077179,0.9999979734420776,0.5089161396026611,0.5599744319915771,0.06874632835388184,1.972091555595398,0.02232319302856922,0.009369373321533203,1.824670471251011e-05,2
1,37,11.292744636535645,0.7200227975845337,0.7200227975845337,4.635316848754883,11.29275894165039,0.0637597697246274,0.9999228119850159,0.14028175175189972,0.9999983310699463,0.5082589983940125,0.5885708332061768,0.07139282673597336,2.4824633598327637,0.05426692217588425,0.025536775588989258,0.00012301909737288952,3
1,38,11.29275894165039,0.7433220148086548,0.7433220148086548,4.63294792175293,11.292778015136719,0.06582288868906125,0.9999556541442871,0.10634247958660126,0.9999980330467224,0.5253326296806335,0.5788888931274414,0.08303896337747574,2.2165040969848633,0.018485909327864647,0.006143689155578613,9.730923920869827e-06,2
1,39,11.292778015136719,0.7397677898406982,0.7397677898406982,4.625453948974609,11.29278564453125,0.06550804318026276,0.9999461770057678,0.117128387093544,0.9999986886978149,0.5309898257255554,0.6202744841575623,0.09005962312221527,2.520979404449463,0.02958853729069233,0.017059326171875,9.379442781209946e-05,3
1,40,11.29278564453125,0.7631364464759827,0.7631364464759827,4.617137432098389,11.292779922485352,0.06757734278304896,0.9999589920043945,0.1021227166056633,0.9999984502792358,0.5418672561645508,0.5808042883872986,0.10103527456521988,2.129887580871582,0.05229070037603378,0.011666417121887207,2.5607645511627197e-05,2
1,41,11.292779922485352,0.7754402756690979,0.7754402756690979,4.620446681976318,11.292797088623047,0.06866690761635214,0.9999353289604187,0.12839435040950775,0.9999989867210388,0.5606633424758911,0.5652179718017578,0.1016981303691864,2.1927075386047363,0.07724153995513916,0.015221059322357178,4.70232916995883e-05,1
1,42,11.292797088623047,0.7791443467140198,0.7791443467140198,4.626858711242676,11.292784690856934,0.06899480621138322,0.999889612197876,0.16778624057769775,0.9999980926513672,0.5593888163566589,0.5248960852622986,0.09857355803251266,1.3258732557296753,0.15947696566581726,0.019370079040527344,5.5627431720495224e-05,2
1,43,11.292784690856934,0.7699381113052368,0.7699381113052368,4.626711368560791,11.292805671691895,0.06817965031500228,0.9999220967292786,0.14092803001403809,0.9999966621398926,0.5441930294036865,0.578484833240509,0.09986904263496399,2.1958703994750977,0.08199208974838257,0.027900338172912598,0.00010674353688955307,0
1,44,11.292805671691895,0.9673264622688293,0.9673264622688293,4.602684020996094,11.29287338256836,0.08565864767279786,0.9994800090789795,0.36417096853256226,0.9999976754188538,0.5476322174072266,0.5619398355484009,0.0945877805352211,0.7091675400733948,0.19849377870559692,0.12074980139732361,0.0029669422656297684,1
1,45,11.29287338256836,0.96641606092453,0.96641606092453,4.575994968414307,11.29289722442627,0.08557751673867933,0.9997501373291016,0.2524382770061493,0.9999822974205017,0.5426408052444458,0.5528612732887268,0.09293195605278015,0.7044355869293213,1.6348290955647826e-05,0.07361307740211487,0.0011852113530039787,0
1,46,11.29289722442627,0.7859025597572327,0.7859025597572327,4.5841217041015625,11.292874336242676,0.06959264253794359,0.9998168349266052,0.2162151336669922,0.9999918937683105,0.5143107175827026,0.6418955326080322,0.09311302751302719,2.4881772994995117,0.3892376124858856,0.0629931092262268,0.0009327558800578117,1
1,47,11.292874336242676,0.9673329591751099,0.9673329591751099,4.562665939331055,11.29289436340332,0.08565870214907194,0.9997962713241577,0.22800306975841522,0.9999933838844299,0.533981442451477,0.5592113733291626,0.08820068836212158,0.6372145414352417,0.4036417007446289,0.07075858116149902,0.0010900124907493591,0
1,48,11.29289436340332,0.778100311756134,0.778100311756134,4.5745930671691895,11.292869567871094,0.06890176129493514,0.9998155832290649,0.2169220894575119,0.9999930262565613,0.5076678395271301,0.6480890512466431,0.08734218031167984,2.463181972503662,0.41130948066711426,0.06553080677986145,0.0009916117414832115,3
1,49,11.292869567871094,0.8127171397209167,0.8127171397209167,4.584492206573486,11.29287052154541,0.0719672829688166,0.999814510345459,0.21751755475997925,0.9999935626983643,0.5312640070915222,0.5271695256233215,0.08738966286182404,0.09422077238559723,0.5597270727157593,0.020263612270355225,8.774991147220135e-05,1
1,50,11.29287052154541,0.7684935331344604,0.7684935331344604,4.59003210067749,11.292865753173828,0.06805121263617334,0.999871551990509,0.1809813380241394,0.9999953508377075,0.49170589447021484,0.6235253810882568,0.0769396498799324,2.443511724472046,0.6037814617156982,0.041783034801483154,0.0004036854952573776,3
1,51,11.292865753173828,0.845525324344635,0.845525324344635,4.580182075500488,11.292832374572754,0.07487252065375899,0.9997803568840027,0.2367153763771057,0.9999959468841553,0.5216903686523438,0.4927336275577545,0.07038653641939163,0.04138978570699692,0.6212179064750671,0.046687811613082886,0.0005333200097084045,3
1,52,11.292832374572754,0.7590870261192322,0.7590870261192322,4.583080768585205,11.29283332824707,0.06721847991194956,0.9998773336410522,0.17688223719596863,0.9999931454658508,0.4988771378993988,0.5819461941719055,0.06782706826925278,2.4995837211608887,0.4926134943962097,0.043232262134552,0.0004476839676499367,3
1,53,11.29283332824707,0.748760461807251,0.748760461807251,4.5849714279174805,11.292804718017578,0.06630403903459339,0.9999305009841919,0.1331108808517456,0.9999957084655762,0.49575677514076233,0.5752864480018616,0.0711606815457344,2.4683732986450195,0.006678527221083641,0.03235951066017151,0.0001956089399755001,3
1,54,11.292804718017578,0.7477577924728394,0.7477577924728394,4.586912631988525,11.2927827835083,0.0662154186798075,0.999960720539093,0.10017936676740646,0.9999977946281433,0.4919964373111725,0.5831109285354614,0.07046801596879959,2.4912619590759277,0.0039004627615213394,0.0220869779586792,9.210081771016121e-05,1
1,55,11.2927827835083,0.745556116104126,0.745556116104126,4.589583873748779,11.292765617370605,0.0660205841551223,0.9999803304672241,0.0709218829870224,0.9999985694885254,0.49086564779281616,0.5791184902191162,0.0663229450583458,2.5036308765411377,0.0009408255573362112,0.012520551681518555,3.0147610232234e-05,2
1,56,11.292765617370605,0.8732221722602844,0.8732221722602844,4.5642409324646,11.292691230773926,0.07732580324850526,0.9996572732925415,0.295688658952713,0.9999992847442627,0.5044310688972473,0.4981493055820465,0.06489142775535583,0.07210033386945724,0.39493152499198914,0.06840965151786804,0.001148434355854988,2
1,57,11.292691230773926,0.7596668601036072,0.7596668601036072,4.577554702758789,11.29271411895752,0.06727066600682614,0.9999156594276428,0.1466372013092041,0.9999885559082031,0.4866430163383484,0.5910418033599854,0.057016536593437195,2.556204319000244,0.5970070362091064,0.030898094177246094,0.00020942185074090958,0
1,58,11.29271411895752,0.8421822786331177,0.8421822786331177,4.56001615524292,11.292678833007812,0.07457749038553216,0.9998148083686829,0.21728554368019104,0.9999971389770508,0.5118609070777893,0.4974985718727112,0.056921593844890594,0.1397394835948944,0.5752897262573242,0.02978500723838806,0.00012657465413212776,2
1,59,11.292678833007812,0.7509287595748901,0.7509287595748901,4.569071292877197,11.292702674865723,0.0664969552999215,0.999910831451416,0.15078195929527283,0.9999940991401672,0.4881201982498169,0.5985733270645142,0.047719381749629974,2.5635266304016113,0.5513839721679688,0.024518996477127075,0.00015351641923189163,1
1,60,11.292702674865723,0.9438913464546204,0.9438913464546204,4.534609794616699,11.292705535888672,0.08358418472802338,0.9996680021286011,0.2910254895687103,0.9999973177909851,0.50413978099823,0.5145094990730286,0.048006605356931686,0.6423913240432739,0.41553500294685364,0.09042498469352722,0.0016054809093475342,2
1,61,11.292705535888672,0.7739620804786682,0.7739620804786682,4.544677257537842,11.292643547058105,0.0685364617025553,0.9996010065078735,0.31905823945999146,0.9999893307685852,0.495493620634079,0.5054746866226196,0.05318577215075493,1.3461806774139404,0.02851077914237976,0.09464612603187561,0.002143268473446369,3
1,62,11.292643547058105,0.9325777292251587,0.9325777292251587,4.517684459686279,11.292665481567383,0.08258276508409836,0.9997255802154541,0.26461613178253174,0.9999877214431763,0.5081996321678162,0.49920013546943665,0.04746707156300545,0.6933857202529907,0.02608441188931465,0.08673465251922607,0.0015279930084943771,3
1,63,11.292665481567383,0.7313960790634155,0.7313960790634155,4.54006814956665,11.292680740356445,0.06476735543590195,0.9998466968536377,0.19773708283901215,0.9999914169311523,0.48428547382354736,0.5678499937057495,0.04064106568694115,2.517775297164917,0.4284176230430603,0.04810076951980591,0.0005264664068818092,0
1,64,11.292680740356445,0.8387356400489807,0.8387356400489807,4.528513431549072,11.292642593383789,0.07427250086435248,0.999852180480957,0.19416628777980804,0.9999946355819702,0.5010241866111755,0.48350849747657776,0.04036135599017143,0.1549285501241684,0.5714643597602844,0.015555620193481445,6.01387582719326e-05,2
1,65,11.292642593383789,0.7390672564506531,0.7390672564506531,4.547749996185303,11.292668342590332,0.06544679425909246,0.9998887777328491,0.16847984492778778,0.9999953508377075,0.4866769015789032,0.5598990321159363,0.034249670803546906,2.446117877960205,0.5594521760940552,0.027028918266296387,0.0001738211140036583,3
1,66,11.292668342590332,0.8380661606788635,0.8380661606788635,4.5346198081970215,11.292634963989258,0.07421329797830815,0.9998733401298523,0.17971301078796387,0.9999963641166687,0.5137588977813721,0.4710846245288849,0.04052881523966789,0.17045137286186218,0.5540875196456909,0.02075439691543579,9.240396320819855e-05,3
1,67,11.292634963989258,0.7762200236320496,0.7762200236320496,4.55117654800415,11.292667388916016,0.06873683831163534,0.9998961687088013,0.1627190113067627,0.9999957084655762,0.5058079361915588,0.5518957376480103,0.04032284393906593,2.3840317726135254,0.5557141304016113,0.012373477220535278,5.2739400416612625e-05,0
1,68,11.292667388916016,0.8165923953056335,0.8165923953056335,4.548868179321289,11.292587280273438,0.07231173709296847,0.9997744560241699,0.23982959985733032,0.9999967813491821,0.5114886164665222,0.48111337423324585,0.046844419091939926,0.5430933237075806,0.4526557922363281,0.04849112033843994,0.000608708243817091,3
1,69,11.292587280273438,0.774253785610199,0.774253785610199,4.553741455078125,11.292634963989258,0.06856301097293367,0.9998816847801208,0.17368513345718384,0.9999938607215881,0.525458574295044,0.5252485871315002,0.05838889256119728,1.9671871662139893,0.1171642541885376,0.020936936140060425,0.0001150637399405241,2
1,70,11.292634963989258,0.8090806603431702,0.8090806603431702,4.571911811828613,11.292573928833008,0.07164675586550198,0.9997881650924683,0.23244422674179077,0.9999966025352478,0.5132789015769958,0.5102450847625732,0.0591418631374836,0.82626873254776,0.08026604354381561,0.040237247943878174,0.00037846388295292854,2
1,71,11.292573928833008,0.751622200012207,0.751622200012207,4.58599853515625,11.292627334594727,0.0665589797993805,0.9998949766159058,0.16369925439357758,0.9999938011169434,0.5194233059883118,0.5867612957954407,0.06163902208209038,2.5167078971862793,0.36679452657699585,0.024310410022735596,0.00010663655120879412,1
1,72,11.292627334594727,0.8337376117706299,0.8337376117706299,4.594579696655273,11.292610168457031,0.07383025996231118,0.9997890591621399,0.2319697141647339,0.9999966025352478,0.520961582660675,0.5070018172264099,0.06262553483247757,0.42917728424072266,0.45870691537857056,0.04367327690124512,0.0003944113850593567,3
1,73,11.292610168457031,0.7470507025718689,0.7470507025718689,4.6003947257995605,11.292658805847168,0.0661539441659432,0.9999163150787354,0.14612571895122528,0.9999943375587463,0.510931134223938,0.5789193511009216,0.05485139787197113,2.380932331085205,0.5391401648521423,0.015608251094818115,2.9214192181825638e-05,1
1,74,11.292658805847168,0.9110866785049438,0.9110866785049438,4.587474346160889,11.292609214782715,0.08067955422802617,0.9996347427368164,0.30524277687072754,0.9999975562095642,0.5137639045715332,0.49043700098991394,0.054730597883462906,0.1647128462791443,0.6134887933731079,0.07394677400588989,0.0015146881341934204,0
1,75,11.292609214782715,0.7267568111419678,0.7267568111419678,4.598292350769043,11.29267692565918,0.06435685476396356,0.9998762011528015,0.17766259610652924,0.9999885559082031,0.4958588778972626,0.6036613583564758,0.05293078348040581,2.53176212310791,0.6067905426025391,0.04364055395126343,0.00038701388984918594,0
1,76,11.29267692565918,0.7922817468643188,0.7922817468643188,4.611380100250244,11.292625427246094,0.07015889607751898,0.999737024307251,0.2589699327945709,0.9999961853027344,0.4956594705581665,0.5259779095649719,0.054405249655246735,0.7646170854568481,0.447689414024353,0.04788011312484741,0.0005807317793369293,2
1,77,11.292625427246094,0.726525068283081,0.726525068283081,4.6196112632751465,11.292689323425293,0.06433624075851925,0.9999066591262817,0.15428419411182404,0.999993085861206,0.5088335275650024,0.5919111967086792,0.05973586067557335,2.460451602935791,0.3021022081375122,0.02428072690963745,0.00018668640404939651,1
1,78,11.292689323425293,0.8007984161376953,0.8007984161376953,4.634174823760986,11.292689323425293,0.07091299452261896,0.9998279809951782,0.20947881042957306,0.9999976754188538,0.5163230299949646,0.5353765487670898,0.06350073963403702,0.7650842070579529,0.3069846034049988,0.013830900192260742,3.599398769438267e-05,3
1,79,11.292689323425293,0.7137035727500916,0.7137035727500916,4.629756450653076,11.292726516723633,0.06320049656104515,0.99992436170578,0.139007106423378,0.9999953508377075,0.5058945417404175,0.6019786596298218,0.06801413744688034,2.5439677238464355,0.3585287630558014,0.017621755599975586,7.210532203316689e-05,1
1,80,11.292726516723633,0.7522962093353271,0.7522962093353271,4.624240875244141,11.292709350585938,0.06661776571151672,0.9999170303344727,0.145462766289711,0.9999980926513672,0.5166505575180054,0.5400052666664124,0.07177042961120605,1.4108351469039917,0.23081083595752716,0.008367538452148438,1.6444420907646418e-05,0
1,81,11.292709350585938,0.7440041303634644,0.7440041303634644,4.619739532470703,11.292755126953125,0.06588358092514447,0.9999317526817322,0.1319722980260849,0.9999974966049194,0.5225294232368469,0.6167641878128052,0.07973434031009674,2.5525550842285156,0.21760717034339905,0.016175150871276855,5.572475492954254e-05,2
1,82,11.292755126953125,0.7414699792861938,0.7414699792861938,4.611771583557129,11.292756080627441,0.06565890882699485,0.9999616146087646,0.09893044084310532,0.9999980926513672,0.5320121645927429,0.5874165892601013,0.0891607478260994,2.113931655883789,0.08665110915899277,0.014381945133209229,6.041373126208782e-05,1
1,83,11.292756080627441,0.7586871981620789,0.7586871981620789,4.608236312866211,11.29277229309082,0.06718352833845369,0.9999635219573975,0.09644080698490143,0.999998927116394,0.5360122919082642,0.6211302876472473,0.09832499176263809,2.5940186977386475,0.07913713902235031,0.0025389790534973145,8.157803677022457e-07,2
1,84,11.29277229309082,0.7835057973861694,0.7835057973861694,4.608170032501221,11.292793273925781,0.06938117382084613,0.9999425411224365,0.12109456956386566,0.999998927116394,0.5623950958251953,0.5622265934944153,0.09954451024532318,2.1962099075317383,0.04405916482210159,0.02163010835647583,7.417472079396248e-05,3
1,85,11.292793273925781,0.7674807906150818,0.7674807906150818,4.616652488708496,11.292778015136719,0.06796199770938319,0.9999302625656128,0.133303701877594,0.9999983310699463,0.5536917448043823,0.554815948009491,0.09750549495220184,2.0009827613830566,0.009618873707950115,0.03154623508453369,0.00024287402629852295,3
1,86,11.292778015136719,0.769477128982544,0.769477128982544,4.61482048034668,11.292786598205566,0.06813886963430478,0.9999369978904724,0.1268392950296402,0.9999982118606567,0.5498510003089905,0.5640186071395874,0.10071422159671783,1.9433190822601318,0.020641392096877098,0.010149776935577393,2.2551044821739197e-05,2
1,87,11.292786598205566,0.9631491899490356,0.9631491899490356,4.595196723937988,11.292852401733398,0.08528888610204331,0.999488115310669,0.36134111881256104,0.9999982714653015,0.5485239028930664,0.5691651105880737,0.09508217126131058,0.7075159549713135,0.1103903278708458,0.11799505352973938,0.0028855688869953156,0
1,88,11.292852401733398,0.7768259048461914,0.7768259048461914,4.598667621612549,11.292847633361816,0.06878916656406067,0.9999231100082397,0.13999785482883453,0.9999822378158569,0.5136883854866028,0.6463137865066528,0.09415753930807114,2.556530475616455,0.39181962609291077,0.03376579284667969,0.0002863435074687004,3
1,89,11.292847633361816,0.8246731162071228,0.8246731162071228,4.605783462524414,11.292852401733398,0.0730261438904779,0.9998003840446472,0.22566348314285278,0.9999973177909851,0.5431106090545654,0.538468062877655,0.09678579866886139,0.10184752941131592,0.5515260696411133,0.025634288787841797,0.00014368398115038872,0
1,90,11.292852401733398,0.7698168754577637,0.7698168754577637,4.604772090911865,11.292860984802246,0.0681685058895838,0.9999188184738159,0.14397265017032623,0.9999943971633911,0.522227942943573,0.6373267769813538,0.09404636919498444,2.486271381378174,0.41225290298461914,0.03565284609794617,0.0002665650099515915,3
1,91,11.292860984802246,0.7971210479736328,0.7971210479736328,4.6186137199401855,11.29281234741211,0.07058628004421429,0.999693751335144,0.2794917821884155,0.9999973177909851,0.5246416926383972,0.5524423718452454,0.08878432959318161,0.3220513164997101,0.3533943295478821,0.057034850120544434,0.0007995376363396645,1
1,92,11.29281234741211,0.7758188247680664,0.7758188247680664,4.617578506469727,11.292840957641602,0.06870023169612441,0.9999027848243713,0.15752941370010376,0.9999922513961792,0.5167146325111389,0.6437302827835083,0.0889802947640419,2.5297303199768066,0.5058951377868652,0.022508621215820312,8.912431076169014e-05,2
1,93,11.292840957641602,0.8036379814147949,0.8036379814147949,4.619443416595459,11.292867660522461,0.07116349060693995,0.9998582601547241,0.19018642604351044,0.9999974370002747,0.5246441960334778,0.5249485969543457,0.07921986281871796,0.0993099957704544,0.5699236989021301,0.027884185314178467,0.00017213495448231697,3
1,94,11.292867660522461,0.7649996280670166,0.7649996280670166,4.61814546585083,11.292860984802246,0.06774183945688991,0.9999006986618042,0.15909340977668762,0.9999956488609314,0.5072802305221558,0.6089090704917908,0.070163294672966,2.4333548545837402,0.6155811548233032,0.028471142053604126,0.00012754229828715324,0
1,95,11.292860984802246,0.8243299722671509,0.8243299722671509,4.605401992797852,11.292755126953125,0.07299567163507291,0.9996814727783203,0.28506404161453247,0.999997079372406,0.5009610652923584,0.5177603363990784,0.06751743704080582,0.42428433895111084,0.5235926508903503,0.049902260303497314,0.0006252995226532221,3
1,96,11.292755126953125,0.7670854330062866,0.7670854330062866,4.58967399597168,11.292762756347656,0.06792721744009447,0.9998373985290527,0.20373813807964325,0.9999908208847046,0.5057406425476074,0.551406741142273,0.07465636730194092,1.8310136795043945,0.10720295459032059,0.02743282914161682,0.0001779941376298666,2
1,97,11.292762756347656,0.8218994736671448,0.8218994736671448,4.57863712310791,11.292661666870117,0.07278108036097326,0.9998132586479187,0.2182435244321823,0.9999954700469971,0.4924861788749695,0.5232025980949402,0.06899352371692657,0.4402426779270172,0.10541573166847229,0.03214794397354126,0.0001650939229875803,2
1,98,11.292661666870117,0.7417401671409607,0.7417401671409607,4.586924076080322,11.292686462402344,0.06568337819922856,0.9999078512191772,0.1533043384552002,0.999994695186615,0.49389153718948364,0.5977035760879517,0.06625767052173615,2.575160503387451,0.3302164077758789,0.02276986837387085,9.37245786190033e-05,0
1,99,11.292686462402344,0.8005725741386414,0.8005725741386414,4.577338218688965,11.292632102966309,0.0708930135272995,0.9999074339866638,0.1536862552165985,0.9999977350234985,0.49355074763298035,0.534066379070282,0.06072615087032318,1.2116265296936035,0.18295109272003174,0.026096761226654053,0.00016240961849689484,2
1,100,11.292632102966309,0.7557024359703064,0.7557024359703064,4.573637962341309,11.292643547058105,0.06691995533723277,0.9999088048934937,0.15253609418869019,0.9999973177909851,0.5074073672294617,0.5422982573509216,0.05715521425008774,1.8640589714050293,0.029192063957452774,0.021657794713974,0.00011222716420888901,1
1,101,11.292643547058105,0.8133949041366577,0.8133949041366577,4.5613694190979,11.292628288269043,0.0720287416092717,0.9998921155929565,0.16590070724487305,0.9999973177909851,0.509467363357544,0.5093640685081482,0.053159840404987335,0.5695886015892029,0.08924520015716553,0.018044114112854004,3.930111415684223e-05,0
1,102,11.292628288269043,0.7574576735496521,0.7574576735496521,4.558380126953125,11.292641639709473,0.06707541010063271,0.9999063014984131,0.15464675426483154,0.9999964237213135,0.5044799447059631,0.5458175539970398,0.047294456511735916,1.8421084880828857,0.08994327485561371,0.019722819328308105,6.469897925853729e-05,2
1,103,11.292641639709473,0.7549428343772888,0.7549428343772888,4.556272983551025,11.292654991149902,0.066852633640884,0.999948263168335,0.11501479893922806,0.9999972581863403,0.5007280111312866,0.5389732122421265,0.047211725264787674,1.808183193206787,0.005219540558755398,0.011968135833740234,2.411531750112772e-05,3
1,104,11.292654991149902,0.7862110733985901,0.7862110733985901,4.5550055503845215,11.292622566223145,0.06962145518611405,0.999911367893219,0.15035024285316467,0.9999984502792358,0.49418124556541443,0.5119066834449768,0.04814813286066055,1.3030941486358643,0.020328465849161148,0.027193844318389893,0.00017844093963503838,3
1,105,11.292622566223145,0.7498790621757507,0.7498790621757507,4.555612564086914,11.292652130126953,0.06640433236639647,0.9999526739120483,0.1098770871758461,0.9999971985816956,0.5045662522315979,0.5251864790916443,0.04900873079895973,1.9297024011611938,0.0269894041121006,0.01367330551147461,4.921574145555496e-05,1
1,106,11.292652130126953,0.8136495351791382,0.8136495351791382,4.5524702072143555,11.292584419250488,0.07205123524601045,0.9998639225959778,0.18626709282398224,0.9999986886978149,0.496142715215683,0.4932040572166443,0.03936633840203285,0.5392988920211792,0.10642120242118835,0.02656501531600952,9.924289770424366e-05,0
1,107,11.292584419250488,0.748200535774231,0.748200535774231,4.554159164428711,11.292625427246094,0.06625591698024168,0.9999330639839172,0.1306503564119339,0.9999963045120239,0.49763011932373047,0.5273464322090149,0.039278965443372726,1.8945183753967285,0.10473272204399109,0.014848828315734863,6.282003596425056e-05,3
1,108,11.292625427246094,0.7693515419960022,0.7693515419960022,4.555395126342773,11.292601585388184,0.06812866918792525,0.9999690055847168,0.08909576386213303,0.9999982118606567,0.49124276638031006,0.5088560581207275,0.03403062745928764,1.705940842628479,0.006162350997328758,0.021336495876312256,9.71879344433546e-05,2
1,109,11.292601585388184,0.7537069320678711,0.7537069320678711,4.555929660797119,11.29263973236084,0.06674342722257322,0.9999397397041321,0.12395865470170975,0.9999988675117493,0.5075022578239441,0.5182139873504639,0.03903723880648613,1.9524542093276978,0.008392072282731533,0.022265136241912842,0.00010354770347476006,2
1,110,11.29263973236084,0.7848671674728394,0.7848671674728394,4.556659698486328,11.292611122131348,0.06950254201625496,0.9999330639839172,0.130613312125206,0.9999983310699463,0.5006347894668579,0.4961557984352112,0.038450900465250015,1.4426054954528809,0.02142316848039627,0.02043890953063965,0.00010336772538721561,0
1,111,11.292611122131348,0.7906715869903564,0.7906715869903564,4.548172473907471,11.292633056640625,0.0700167196442984,0.9999212622642517,0.14174355566501617,0.9999980330467224,0.5182182192802429,0.4979408383369446,0.04788024351000786,1.2005168199539185,0.005769683048129082,0.02742624282836914,0.000185488723218441,0
1,112,11.292633056640625,0.7840939164161682,0.7840939164161682,4.548000812530518,11.2926607131958,0.069434109165097,0.9999479055404663,0.1152251586318016,0.9999973177909851,0.522820234298706,0.511111855506897,0.056700196117162704,1.2425299882888794,0.001183986896649003,0.014342725276947021,4.1617779061198235e-05,2
1,113,11.2926607131958,0.7689791917800903,0.7689791917800903,4.56597900390625,11.292651176452637,0.06809548354547798,0.9998964667320251,0.16247403621673584,0.9999984502792358,0.5067417621612549,0.5368579626083374,0.05797456204891205,1.822121500968933,0.022851059213280678,0.024044156074523926,0.00017047906294465065,0
1,114,11.292651176452637,0.7564697265625,0.7564697265625,4.580367565155029,11.292671203613281,0.0669877883184673,0.9999392032623291,0.12446741759777069,0.9999970197677612,0.518623411655426,0.5454644560813904,0.0646694004535675,2.0082859992980957,0.011376667767763138,0.01216423511505127,3.9885519072413445e-05,3
1,115,11.292671203613281,0.7504971623420715,0.7504971623420715,4.590281009674072,11.292689323425293,0.06645878099257306,0.9999514818191528,0.11115403473377228,0.9999983310699463,0.5168702006340027,0.5579532384872437,0.06355888396501541,2.1883537769317627,0.005653807893395424,0.014223575592041016,5.3287134505808353e-05,1
1,116,11.292689323425293,0.7404524087905884,0.7404524087905884,4.599049091339111,11.29268741607666,0.0655691826440856,0.9999615550041199,0.09891366213560104,0.9999985694885254,0.5044699311256409,0.5528459548950195,0.056054044514894485,2.2565486431121826,0.009168828837573528,0.009920895099639893,1.662127033341676e-05,2
1,117,11.29268741607666,0.7414278388023376,0.7414278388023376,4.600059509277344,11.29269790649414,0.06565557085612901,0.9999768733978271,0.07681817561388016,0.9999987483024597,0.5101613998413086,0.5554026961326599,0.05573313683271408,2.241800546646118,0.00793849490582943,0.008312344551086426,8.875271305441856e-06,3
1,118,11.29269790649414,0.7458174228668213,0.7458174228668213,4.603786468505859,11.292681694030762,0.06604421981729634,0.9999495148658752,0.11342645436525345,0.9999992847442627,0.49011820554733276,0.5560675263404846,0.052128273993730545,1.976389765739441,0.01702957972884178,0.017057955265045166,6.378837861120701e-05,2
1,119,11.292681694030762,0.7753841280937195,0.7753841280937195,4.5994486808776855,11.292689323425293,0.06866253287769393,0.9999165534973145,0.14590862393379211,0.9999985098838806,0.49835148453712463,0.5514501929283142,0.05579783022403717,1.6698334217071533,0.012744870036840439,0.02617478370666504,9.965011849999428e-05,1
1,120,11.292689323425293,0.7625911831855774,0.7625911831855774,4.608710289001465,11.29269790649414,0.06752963455779093,0.9999431371688843,0.12036338448524475,0.9999980926513672,0.5107613801956177,0.5462354421615601,0.06202910840511322,1.6427305936813354,0.0007099609356373549,0.015151381492614746,4.915543831884861e-05,2
1,121,11.29269790649414,0.7339836955070496,0.7339836955070496,4.619002342224121,11.292723655700684,0.06499631014524478,0.9999502897262573,0.11264590173959732,0.9999986886978149,0.5075975060462952,0.5866377353668213,0.06378449499607086,2.4242353439331055,0.06412379443645477,0.01746666431427002,7.06743448972702e-05,0
1,122,11.292723655700684,0.7280839681625366,0.7280839681625366,4.6270952224731445,11.292737007141113,0.06447372576898154,0.999952495098114,0.11003860831260681,0.9999984502792358,0.5083160400390625,0.57149338722229,0.07083945721387863,2.1053600311279297,0.01911666989326477,0.008291125297546387,1.1813128367066383e-05,3
1,123,11.292737007141113,0.7217431664466858,0.7217431664466858,4.631433486938477,11.292752265930176,0.06391215575022086,0.9999405145645142,0.12321788817644119,0.9999986886978149,0.5123072266578674,0.6009519696235657,0.07264135777950287,2.528134822845459,0.03915043920278549,0.019189953804016113,7.904786616563797e-05,1
1,124,11.292752265930176,0.7410818934440613,0.7410818934440613,4.62783145904541,11.292768478393555,0.0656245595398279,0.9999624490737915,0.09787068516016006,0.9999985694885254,0.5252625942230225,0.5970261096954346,0.08270739018917084,2.3399887084960938,0.013837761245667934,0.0066606998443603516,6.815767847001553e-06,1
1,125,11.292768478393555,0.7399638295173645,0.7399638295173645,4.619761943817139,11.292774200439453,0.06552545825526634,0.9999556541442871,0.1064056009054184,0.999998927116394,0.5337043404579163,0.630524218082428,0.08946814388036728,2.5701332092285156,0.023564349859952927,0.015272319316864014,7.74613581597805e-05,1
1,126,11.292774200439453,0.7597737908363342,0.7597737908363342,4.613348007202148,11.292765617370605,0.06727964071102811,0.9999637007713318,0.09615994244813919,0.9999988079071045,0.5442723631858826,0.5968396067619324,0.09892125427722931,2.221174716949463,0.04970260709524155,0.0114058256149292,1.8291175365447998e-05,3
1,127,11.292765617370605,0.7663945555686951,0.7663945555686951,4.617400646209717,11.292779922485352,0.06786597557553324,0.999954342842102,0.10785765945911407,0.9999990463256836,0.5535770654678345,0.5884723663330078,0.09878938645124435,2.307234287261963,0.06831501424312592,0.008618593215942383,1.1636991985142231e-05,2
1,128,11.292779922485352,0.7797173261642456,0.7797173261642456,4.625444412231445,11.292765617370605,0.06904564965546968,0.9998770356178284,0.1770821213722229,0.9999986290931702,0.5588014125823975,0.5417007207870483,0.0975276455283165,1.3463258743286133,0.15233737230300903,0.022005438804626465,6.389431655406952e-05,2
1,129,11.292765617370605,0.7633707523345947,0.7633707523345947,4.624444007873535,11.292787551879883,0.06759821094315221,0.9999309778213501,0.1326574832201004,0.9999964237213135,0.5449126958847046,0.5905066132545471,0.09966777265071869,2.2265052795410156,0.07860568165779114,0.024016976356506348,8.230749517679214e-05,0
2,0,0.0,0.7871819734573364,0.7871819734573364,3.6751925945281982,11.28618335723877,787181973.4573364,nan,nan,nan,0.5478906631469727,0.5593651533126831,0.09577441215515137,2.7725541591644287,nan,nan,nan,2
2,1,11.28618335723877,0.7694377303123474,0.7694377303123474,4.018445014953613,11.288805961608887,0.06817519315055633,0.9701600074768066,2.757478952407837,0.3902806043624878,0.5274073481559753,0.5438727140426636,0.0985364243388176,1.9153019189834595,0.15963026881217957,0.21237817406654358,0.0049135442823171616,1
2,2,11.288805961608887,0.7889183759689331,0.7889183759689331,4.23953104019165,11.29043197631836,0.06988501517803536,0.9806736707687378,2.219571352005005,0.9973444938659668,0.5278888940811157,0.54628586769104,0.09709324687719345,1.4438142776489258,0.013104613870382309,0.1630515456199646,0.0018711341544985771,0
2,3,11.29043197631836,0.8007872700691223,0.8007872700691223,4.376293659210205,11.291316986083984,0.07092618526454707,0.9878723621368408,1.7584528923034668,0.9989193677902222,0.5185192823410034,0.5491901636123657,0.09279165416955948,1.1463396549224854,0.004439186304807663,0.11946067214012146,0.0007147779688239098,2
2,4,11.291316986083984,0.8458961844444275,0.8458961844444275,4.445532321929932,11.291703224182129,0.07491563521659649,0.9922677278518677,1.404177188873291,0.9994792938232422,0.528120219707489,0.5532450079917908,0.0874733105301857,0.6443281173706055,0.013591588474810123,0.11456114053726196,0.0006663668900728226,2
2,5,11.291703224182129,0.8284711241722107,0.8284711241722107,4.495251655578613,11.291994094848633,0.07336989891816943,0.994933545589447,1.1366615295410156,0.9997192621231079,0.5192558169364929,0.5455131530761719,0.08702211081981659,0.7593203783035278,0.001760320272296667,0.08990007638931274,0.00043990928679704666,1
2,6,11.291994094848633,0.8186477422714233,0.8186477422714233,4.534523963928223,11.292203903198242,0.07249806680689706,0.9966423511505127,0.9253502488136292,0.9998304843902588,0.512134850025177,0.536436140537262,0.07824660837650299,0.8389606475830078,0.0011357865296304226,0.07903683185577393,0.0002602655440568924,0
2,7,11.292203903198242,0.8003638982772827,0.8003638982772827,4.564499378204346,11.292348861694336,0.07087756341794352,0.9977210760116577,0.7623704671859741,0.9998936057090759,0.510887861251831,0.5235501527786255,0.07034304738044739,1.0112104415893555,0.0022441577166318893,0.060108184814453125,0.00010825786739587784,3
2,8,11.292348861694336,0.8060336709022522,0.8060336709022522,4.575572967529297,11.292390823364258,0.07137874332207911,0.9983663558959961,0.6454856395721436,0.9999294877052307,0.5027474761009216,0.5245208740234375,0.06976371258497238,1.0027555227279663,0.001215610420331359,0.03339487314224243,1.5089637599885464e-05,1
2,9,11.292390823364258,0.7980676293373108,0.7980676293373108,4.579365253448486,11.292387962341309,0.0706730436291744,0.9988644123077393,0.5381641387939453,0.99994957447052,0.49803319573402405,0.5201283097267151,0.07152209430932999,1.1032840013504028,0.0017596525140106678,0.023383915424346924,2.2453605197370052e-06,1
2,10,11.292387962341309,0.8006083369255066,0.8006083369255066,4.577857494354248,11.292387962341309,0.07089805447664697,0.9992358684539795,0.4414917528629303,0.999965488910675,0.4943901598453522,0.527514636516571,0.07017906755208969,1.0731343030929565,0.001139241736382246,0.016150355339050293,1.3828394003212452e-06,0
2,11,11.292387962341309,0.8069583177566528,0.8069583177566528,4.571566581726074,11.292394638061523,0.07146037848219147,0.9994833469390869,0.36302459239959717,0.9999771118164062,0.4939236342906952,0.5251678228378296,0.06700531393289566,0.9869097471237183,0.0005790865980088711,0.0147036612033844,1.0537332855165005e-05,1
2,12,11.292394638061523,0.7984635233879089,0.7984635233879089,4.567201137542725,11.292409896850586,0.07070807822254561,0.999665379524231,0.292096346616745,0.999984622001648,0.4984397292137146,0.5234357714653015,0.061333004385232925,1.1102464199066162,0.0016337210545316339,0.0076830387115478516,6.945920176804066e-07,0
2,13,11.292409896850586,0.8020903468132019,0.8020903468132019,4.560460090637207,11.292426109313965,0.07102915623324142,0.9997731447219849,0.24050453305244446,0.9999900460243225,0.5034133195877075,0.5152667164802551,0.05852729454636574,1.0726667642593384,0.0010495299939066172,0.009295880794525146,8.132541552186012e-06,1
2,14,11.292426109313965,0.7927501201629639,0.7927501201629639,4.555882930755615,11.292445182800293,0.0702019311429548,0.9998502731323242,0.19545333087444305,0.9999932646751404,0.5062307715415955,0.5151020884513855,0.05346863344311714,1.2027015686035156,0.0009985920041799545,0.004404842853546143,7.834169082343578e-07,2
2,15,11.292445182800293,0.7948822975158691,0.7948822975158691,4.551122188568115,11.29246711730957,0.07039062706512557,0.99989914894104,0.16033141314983368,0.9999954700469971,0.5011144876480103,0.5178026556968689,0.04876697063446045,1.1810129880905151,0.0035158840473741293,0.0028207898139953613,2.5087501853704453e-08,1
2,16,11.29246711730957,0.7922176718711853,0.7922176718711853,4.5475850105285645,11.292487144470215,0.07015452545855463,0.9999337792396545,0.1299038678407669,0.9999969005584717,0.49676600098609924,0.5111204385757446,0.048520851880311966,1.1832956075668335,0.002801275346428156,0.0014293193817138672,1.13983332994394e-07,1
2,17,11.292487144470215,0.7868595123291016,0.7868595123291016,4.545485973358154,11.292510032653809,0.06967991216305404,0.9999567270278931,0.10519043356180191,0.9999979734420776,0.4985126554965973,0.5039385557174683,0.05152244493365288,1.2246276140213013,0.0008708839886821806,0.0017676949501037598,2.1680898498743773e-07,0
2,18,11.292510032653809,0.7955197095870972,0.7955197095870972,4.5410261154174805,11.292526245117188,0.0704466683923012,0.9999700784683228,0.08733837306499481,0.9999986886978149,0.5014844536781311,0.49777957797050476,0.04989057034254074,1.1568505764007568,0.0020619751885533333,0.003940582275390625,2.2544991225004196e-06,2
2,19,11.292526245117188,0.7918574810028076,0.7918574810028076,4.537808895111084,11.292540550231934,0.07012226173441054,0.9999793171882629,0.0724761039018631,0.9999991655349731,0.4992000460624695,0.49388399720191956,0.04223212972283363,1.1723594665527344,0.0004299124702811241,0.0029355883598327637,2.3160246200859547e-06,2
2,20,11.292540550231934,0.7927615642547607,0.7927615642547607,4.534818172454834,11.292550086975098,0.07020223312268545,0.9999860525131226,0.059545498341321945,0.9999993443489075,0.49346688389778137,0.49522000551223755,0.03718365728855133,1.1516293287277222,0.0007858068565838039,0.0024799704551696777,1.6090343706309795e-06,3
2,21,11.292550086975098,0.7901191711425781,0.7901191711425781,4.53311824798584,11.292562484741211,0.06996817946850702,0.9999896883964539,0.05125802755355835,0.9999995231628418,0.4961046278476715,0.4829164445400238,0.035512909293174744,1.1952872276306152,0.0004817284643650055,0.0043045878410339355,3.1866366043686867e-06,2
2,22,11.292562484741211,0.7908650040626526,0.7908650040626526,4.531894207000732,11.292570114135742,0.07003414903670349,0.999991238117218,0.047096747905015945,0.9999997615814209,0.5037211179733276,0.48274415731430054,0.035847507417201996,1.2072288990020752,0.00027679058257490396,0.005274415016174316,4.193861968815327e-06,2
2,23,11.292570114135742,0.7964915633201599,0.7964915633201599,4.531051158905029,11.292576789855957,0.07053235492628314,0.9999929666519165,0.04261021316051483,0.9999997019767761,0.507224977016449,0.4834063947200775,0.03807086870074272,1.1851792335510254,0.0008575376123189926,0.0037270188331604004,1.7604324966669083e-06,0
2,24,11.292576789855957,0.7981242537498474,0.7981242537498474,4.532399654388428,11.292581558227539,0.0706768940873439,0.9999905228614807,0.049224261194467545,0.9999998211860657,0.511168360710144,0.48687049746513367,0.045899707823991776,1.178748607635498,9.486055932939053e-05,0.004137396812438965,2.314962330274284e-06,1
2,25,11.292581558227539,0.7944158315658569,0.7944158315658569,4.540927410125732,11.292591094970703,0.07034846969841561,0.9999617338180542,0.09883025288581848,0.9999998211860657,0.5148731470108032,0.5031996369361877,0.05332530289888382,1.1851913928985596,0.0010729948990046978,0.007432699203491211,7.668480975553393e-06,0
2,26,11.292591094970703,0.7723028659820557,0.7723028659820557,4.560548782348633,11.292616844177246,0.06839022678559666,0.9999016523361206,0.1584368199110031,0.9999989867210388,0.5167220830917358,0.526113748550415,0.05990266054868698,1.6053293943405151,0.009556809440255165,0.017306923866271973,4.66429628431797e-05,0
2,27,11.292616844177246,0.7703469395637512,0.7703469395637512,4.574250221252441,11.292634010314941,0.0682168668426009,0.9999442100524902,0.11923068016767502,0.9999972581863403,0.5158750414848328,0.5280823111534119,0.06039275601506233,1.650378942489624,0.0005371421575546265,0.010271549224853516,2.26949923671782e-05,2
2,28,11.292634010314941,0.7542137503623962,0.7542137503623962,4.589327812194824,11.292655944824219,0.06678811601203764,0.9999266862869263,0.13667826354503632,0.9999985694885254,0.5146946310997009,0.5343243479728699,0.06186240538954735,2.0030734539031982,0.017971888184547424,0.016321897506713867,8.820486254990101e-05,2
2,29,11.292655944824219,0.7487058043479919,0.7487058043479919,4.5993876457214355,11.292675971984863,0.06630024043999565,0.9999379515647888,0.12579409778118134,0.9999977946281433,0.512101411819458,0.5430982112884521,0.05954604968428612,2.169100761413574,0.005190919153392315,0.017502903938293457,9.291782043874264e-05,3
2,30,11.292675971984863,0.7483711242675781,0.7483711242675781,4.603747844696045,11.292689323425293,0.06627048594364655,0.999958336353302,0.10305259376764297,0.9999980926513672,0.5103118419647217,0.5332252383232117,0.054673757404088974,2.153202533721924,0.0053394865244627,0.013446331024169922,5.0795613788068295e-05,3
2,31,11.292689323425293,0.7485461235046387,0.7485461235046387,4.602035045623779,11.292696952819824,0.06628590427542108,0.9999698400497437,0.08755343407392502,0.9999986886978149,0.5025729537010193,0.5332542061805725,0.05093613639473915,2.021422863006592,0.006026421673595905,0.008820414543151855,6.677466444671154e-06,1
2,32,11.292696952819824,0.7662872076034546,0.7662872076034546,4.595320224761963,11.29270076751709,0.06785688226691589,0.9999480247497559,0.11517529934644699,0.9999991059303284,0.49392616748809814,0.5393373966217041,0.05201958864927292,1.751910924911499,0.016705388203263283,0.020870566368103027,4.704413004219532e-05,1
2,33,11.29270076751709,0.7892841100692749,0.7892841100692749,4.591926097869873,11.292699813842773,0.06989329889441617,0.9999092221260071,0.15218856930732727,0.9999985694885254,0.4923221468925476,0.5372533798217773,0.053861718624830246,1.4501750469207764,0.0073431795462965965,0.02334296703338623,0.00010475120507180691,1
2,34,11.292699813842773,0.7688702940940857,0.7688702940940857,4.603744029998779,11.292704582214355,0.06808560457363722,0.9999410510063171,0.12260263413190842,0.9999979734420776,0.5065739154815674,0.5343188047409058,0.06033499538898468,1.4939173460006714,0.0008613091195002198,0.016048014163970947,5.117454566061497e-05,0
2,35,11.292704582214355,0.73624587059021,0.73624587059021,4.616319179534912,11.292726516723633,0.06519659353789999,0.9999377727508545,0.12600228190422058,0.9999985098838806,0.5095832943916321,0.5782235860824585,0.061842627823352814,2.29917573928833,0.05924775451421738,0.021849751472473145,0.00010938430204987526,1
2,36,11.292726516723633,0.7347012162208557,0.7347012162208557,4.626068115234375,11.292741775512695,0.06505968378254989,0.9999400973320007,0.12362328171730042,0.9999980926513672,0.5096461176872253,0.5611101984977722,0.06916655600070953,1.9759994745254517,0.02134661190211773,0.009965658187866211,1.756451092660427e-05,1
2,37,11.292741775512695,0.7205702662467957,0.7205702662467957,4.634509563446045,11.292756080627441,0.0638082655718993,0.9999250173568726,0.13822972774505615,0.9999983310699463,0.5088932514190674,0.5909056067466736,0.07191521674394608,2.4863650798797607,0.0545773059129715,0.024691343307495117,0.00011650635860860348,0
2,38,11.292756080627441,0.7433812022209167,0.7433812022209167,4.6326165199279785,11.292774200439453,0.06582814654928892,0.9999557733535767,0.1061963140964508,0.999998152256012,0.5257133841514587,0.5792221426963806,0.08251797407865524,2.188845634460449,0.020966723561286926,0.006072640419006348,7.99819827079773e-06,3
2,39,11.292774200439453,0.7396274209022522,0.7396274209022522,4.625164031982422,11.2927827835083,0.06549563533055235,0.9999464750289917,0.11688975244760513,0.9999985694885254,0.5306467413902283,0.6214491724967957,0.0906699001789093,2.497882604598999,0.030372530221939087,0.016497433185577393,9.10626258701086e-05,1
2,40,11.2927827835083,0.7639204859733582,0.7639204859733582,4.617292881011963,11.29277515411377,0.06764678827338896,0.9999580979347229,0.10331755876541138,0.9999984502792358,0.5432379245758057,0.5849983096122742,0.10171537101268768,2.1317992210388184,0.052899688482284546,0.012013912200927734,2.3527070879936218e-05,1
2,41,11.29277515411377,0.774985134601593,0.774985134601593,4.620863437652588,11.292791366577148,0.06862663287148499,0.9999372959136963,0.12647049129009247,0.9999990463256836,0.5611159205436707,0.5689094662666321,0.10284724831581116,2.221742630004883,0.07905168831348419,0.014827132225036621,4.6221306547522545e-05,1
2,42,11.292791366577148,0.7788333296775818,0.7788333296775818,4.627249717712402,11.292780876159668,0.06896729997002031,0.9998887777328491,0.1684451401233673,0.9999980926513672,0.559441864490509,0.526749312877655,0.09885714948177338,1.3293163776397705,0.1595885455608368,0.019434690475463867,5.650415550917387e-05,3
2,43,11.292780876159668,0.7692469954490662,0.7692469954490662,4.627207279205322,11.292800903320312,0.06811847355269535,0.9999223947525024,0.14069783687591553,0.9999967813491821,0.5439630150794983,0.5800411105155945,0.10002123564481735,2.201852560043335,0.08145435899496078,0.027768611907958984,0.00010666577145457268,3
2,44,11.292800903320312,0.967331051826477,0.967331051826477,4.6032490730285645,11.29287052154541,0.08565909025652459,0.9994791150093079,0.3644818365573883,0.9999977350234985,0.5476322174072266,0.5619398355484009,0.0945877805352211,0.7091079950332642,0.1974915862083435,0.12079095840454102,0.0029699373990297318,1
2,45,11.29287052154541,0.9664196372032166,0.9664196372032166,4.576555252075195,11.292895317077637,0.0855778551041922,0.999749481678009,0.25271153450012207,0.9999822378158569,0.5426408052444458,0.5528612732887268,0.09293195605278015,0.704387903213501,1.6399681044276804e-05,0.07365217804908752,0.0011865487322211266,2
2,46,11.292895317077637,0.8215036392211914,0.8215036392211914,4.585669040679932,11.292829513549805,0.07274517439109487,0.9993292689323425,0.4136187434196472,0.9999918341636658,0.5279533267021179,0.5485782623291016,0.09640561789274216,0.7981239557266235,0.0011715509463101625,0.12328895926475525,0.0034611988812685013,2
2,47,11.292829513549805,0.8533686995506287,0.8533686995506287,4.577951908111572,11.292845726013184,0.0755673056541504,0.9998610019683838,0.18828897178173065,0.9999799728393555,0.5258510708808899,0.5543661713600159,0.08930402249097824,0.539466381072998,0.004162074066698551,0.04112136363983154,0.0002448935993015766,3
2,48,11.292845726013184,0.8204324841499329,0.8204324841499329,4.590823650360107,11.292805671691895,0.07265064130470307,0.9996625185012817,0.29339200258255005,0.9999953508377075,0.5209460854530334,0.5529468059539795,0.08922787010669708,0.8054909706115723,0.004517924971878529,0.0869888961315155,0.0015550199896097183,2
2,49,11.292805671691895,0.8383622765541077,0.8383622765541077,4.585376739501953,11.292854309082031,0.07423861712733287,0.999900221824646,0.15949863195419312,0.9999896287918091,0.5248492360115051,0.544323742389679,0.0844842940568924,0.5626375675201416,0.0048431032337248325,0.030214905738830566,0.0001753978431224823,2
2,50,11.292854309082031,0.8173797726631165,0.8173797726631165,4.588049411773682,11.292869567871094,0.07238026368636995,0.9998506307601929,0.19514267146587372,0.9999962449073792,0.5127092003822327,0.53900146484375,0.07768524438142776,0.845413088798523,0.005435910075902939,0.05643320083618164,0.0006112726405262947,1
2,51,11.292869567871094,0.7944887280464172,0.7944887280464172,4.592302322387695,11.292877197265625,0.07035313064332084,0.999897837638855,0.16144925355911255,0.9999953508377075,0.5121654868125916,0.5244626998901367,0.06954003870487213,1.189949631690979,0.00833390187472105,0.03812533617019653,0.00025711487978696823,2
2,52,11.292877197265625,0.7942087650299072,0.7942087650299072,4.584844589233398,11.292840003967285,0.07032829199827048,0.9999088048934937,0.1525539606809616,0.9999969601631165,0.5035651326179504,0.5277969241142273,0.06894657015800476,1.2096956968307495,0.001890690764412284,0.012037336826324463,3.4933502320200205e-05,2
2,53,11.292840003967285,0.7956156134605408,0.7956156134605408,4.574094295501709,11.292776107788086,0.07045310242428239,0.9999098181724548,0.15171080827713013,0.9999973177909851,0.4986777603626251,0.5256230235099792,0.07205864787101746,1.1517540216445923,0.0012203417718410492,0.007462263107299805,1.169857569038868e-05,1
2,54,11.292776107788086,0.7987045049667358,0.7987045049667358,4.564273834228516,11.292724609375,0.07072702915060076,0.9999395608901978,0.1242544874548912,0.9999972581863403,0.49478280544281006,0.5343017578125,0.07115234434604645,1.1134934425354004,0.0012427992187440395,0.008905172348022461,1.044978853315115e-05,2
2,55,11.292724609375,0.7966080904006958,0.7966080904006958,4.556357383728027,11.292686462402344,0.07054170875108097,0.999966025352478,0.0931483656167984,0.999998152256012,0.4938981235027313,0.531736433506012,0.06696990132331848,1.1298140287399292,0.00025605258997529745,0.008509278297424316,7.726135663688183e-06,3
2,56,11.292686462402344,0.8343029618263245,0.8343029618263245,4.542566299438477,11.292675971984863,0.07387993677182457,0.9999011754989624,0.1586696058511734,0.9999989867210388,0.5023753046989441,0.5279159545898438,0.06296224892139435,0.8153397440910339,0.0063245296478271484,0.0471721887588501,0.00039557553827762604,0
2,57,11.292675971984863,0.8306930661201477,0.8306930661201477,4.53143310546875,11.292657852172852,0.07356033841588572,0.9999486207962036,0.11446426808834076,0.9999971389770508,0.5074682235717773,0.5191112160682678,0.058981385082006454,0.8754037022590637,0.0011791290016844869,0.03069359064102173,0.00017005577683448792,2
2,58,11.292657852172852,0.7915645837783813,0.7915645837783813,4.529575824737549,11.292628288269043,0.07009550755370439,0.9999780654907227,0.07478205114603043,0.9999985098838806,0.5059182047843933,0.52298504114151,0.05442244932055473,1.2189559936523438,0.006201582029461861,0.019149959087371826,8.295895531773567e-05,1
2,59,11.292628288269043,0.7941630482673645,0.7941630482673645,4.52793025970459,11.292610168457031,0.07032579378286571,0.9999881982803345,0.05486343801021576,0.9999991655349731,0.5007821917533875,0.5264826416969299,0.04967226833105087,1.1870193481445312,0.0037331811618059874,0.011703848838806152,3.238115459680557e-05,3
2,60,11.292610168457031,0.8293213844299316,0.8293213844299316,4.519968509674072,11.292614936828613,0.07343929986589151,0.9999604821205139,0.10039712488651276,0.9999995231628418,0.49960488080978394,0.5166136026382446,0.04918093606829643,0.8580279350280762,0.007042992860078812,0.03216707706451416,0.00019360613077878952,3
2,61,11.292614936828613,0.7737751007080078,0.7737751007080078,4.536591053009033,11.292580604553223,0.06852045385736961,0.9998799562454224,0.17494620382785797,0.9999988079071045,0.495493620634079,0.5054746866226196,0.05318577215075493,1.3493919372558594,0.014349587261676788,0.04179370403289795,0.0003651082515716553,0
2,62,11.292580604553223,0.7760068774223328,0.7760068774223328,4.547762393951416,11.292559623718262,0.068718294302849,0.9999377727508545,0.12605558335781097,0.9999958872795105,0.49863865971565247,0.5001122355461121,0.05034004524350166,1.3852086067199707,0.0015646875835955143,0.028387248516082764,0.00015941821038722992,2
2,63,11.292559623718262,0.8210987448692322,0.8210987448692322,4.535825252532959,11.292591094970703,0.07271148191634448,0.9999215602874756,0.14152377843856812,0.9999977350234985,0.5024557113647461,0.5011593103408813,0.0419943742454052,0.935914933681488,0.011090709827840328,0.0434911847114563,0.0003690458834171295,2
2,64,11.292591094970703,0.7855536937713623,0.7855536937713623,4.532786846160889,11.29259204864502,0.06956363576479967,0.9999911785125732,0.04760465398430824,0.9999974966049194,0.49455931782722473,0.5064310431480408,0.03710464388132095,1.2333866357803345,0.005730082280933857,0.00938558578491211,2.2238236851990223e-05,2
2,65,11.29259204864502,0.7828468084335327,0.7828468084335327,4.531154632568359,11.292596817016602,0.06932392537171882,0.9999959468841553,0.03219836950302124,0.9999997019767761,0.4987059235572815,0.49454614520072937,0.03578942269086838,1.2850422859191895,0.0008484320715069771,0.005158960819244385,5.074747605249286e-06,0
2,66,11.292596817016602,0.791099488735199,0.791099488735199,4.527984142303467,11.292600631713867,0.07005470057543417,0.9999967813491821,0.02895069494843483,0.9999998807907104,0.506503164768219,0.4928707182407379,0.03713316097855568,1.2066866159439087,0.0006923312321305275,0.004022657871246338,3.366381861269474e-06,3
2,67,11.292600631713867,0.7959740161895752,0.7959740161895752,4.526662349700928,11.2926025390625,0.07048633367536092,0.9999964237213135,0.030408784747123718,1.0,0.5097078084945679,0.49184322357177734,0.0401565246284008,1.1965805292129517,0.0004500923678278923,0.003388345241546631,1.7965794540941715e-06,0
2,68,11.2926025390625,0.7969141006469727,0.7969141006469727,4.528326034545898,11.2926025390625,0.07056956958241901,0.9999911785125732,0.04758189991116524,1.0,0.5131214261054993,0.49507129192352295,0.04850569739937782,1.1952605247497559,7.812713738530874e-05,0.005455732345581055,3.3712422009557486e-06,0
2,69,11.2926025390625,0.7953065633773804,0.7953065633773804,4.530512809753418,11.292604446411133,0.07042721645664206,0.9999939203262329,0.03931841626763344,0.9999996423721313,0.5118538737297058,0.49608081579208374,0.04853421077132225,1.221440076828003,0.0002695417497307062,0.0037206411361694336,1.2082455214112997e-06,2
2,70,11.292604446411133,0.7881079316139221,0.7881079316139221,4.541705131530762,11.29261302947998,0.06978974029896072,0.9999598264694214,0.10124615579843521,0.9999997615814209,0.5150251388549805,0.5078772306442261,0.057148680090904236,1.3372504711151123,0.0018686007242649794,0.007424473762512207,9.878422133624554e-06,0
2,71,11.29261302947998,0.7689000368118286,0.7689000368118286,4.561232089996338,11.292634010314941,0.06808876163599809,0.9999046325683594,0.15598826110363007,0.9999988675117493,0.5169822573661804,0.5328266620635986,0.06285075098276138,1.6994538307189941,0.007621318101882935,0.01717090606689453,5.6412420235574245e-05,3
2,72,11.292634010314941,0.752488911151886,0.752488911151886,4.579705238342285,11.292659759521484,0.06663537580909343,0.9999016523361206,0.15833720564842224,0.9999974966049194,0.5156024098396301,0.5410262942314148,0.06349409371614456,2.0234158039093018,0.01751309633255005,0.01791757345199585,0.00011152657680213451,2
2,73,11.292659759521484,0.7477559447288513,0.7477559447288513,4.59216833114624,11.292679786682129,0.0662161050321538,0.9999217987060547,0.14117926359176636,0.9999971985816956,0.5127093195915222,0.5526087880134583,0.06211766228079796,2.2071516513824463,0.006862063892185688,0.018658101558685303,0.000107939587906003,1
2,74,11.292679786682129,0.7469246983528137,0.7469246983528137,4.598665237426758,11.292692184448242,0.06614237828949063,0.9999516010284424,0.11105477809906006,0.9999974966049194,0.5117830634117126,0.5387480854988098,0.05646684020757675,2.193702220916748,0.00713159516453743,0.013343989849090576,4.821573384106159e-05,2
2,75,11.292692184448242,0.7451330423355103,0.7451330423355103,4.599937438964844,11.292698860168457,0.06598364944027005,0.9999696016311646,0.08798060566186905,0.9999984502792358,0.5062277317047119,0.541739284992218,0.05379338189959526,2.1237285137176514,0.004089021123945713,0.006643891334533691,4.794797860085964e-06,0
2,76,11.292698860168457,0.7610524892807007,0.7610524892807007,4.595284938812256,11.292702674865723,0.06739332188916156,0.9999521970748901,0.11030059307813644,0.9999991059303284,0.49547216296195984,0.5484858155250549,0.05419324338436127,1.831634759902954,0.017491627484560013,0.019083142280578613,3.9045000448822975e-05,0
2,77,11.292702674865723,0.7843277454376221,0.7843277454376221,4.593320846557617,11.292699813842773,0.06945438731715729,0.9999150037765503,0.14716361463069916,0.9999988079071045,0.49348264932632446,0.5467604398727417,0.05579531937837601,1.521723985671997,0.008000412955880165,0.02246987819671631,0.00010010041296482086,0
2,78,11.292699813842773,0.7661688327789307,0.7661688327789307,4.605422019958496,11.292704582214355,0.06784638265508028,0.999943733215332,0.11980791389942169,0.9999980330467224,0.5063537359237671,0.5422415137290955,0.06206846609711647,1.5467302799224854,0.0008214035187847912,0.015646934509277344,4.901108331978321e-05,1
2,79,11.292704582214355,0.7348700761795044,0.7348700761795044,4.617476463317871,11.29272747039795,0.06507476316496413,0.9999426007270813,0.12100856006145477,0.9999985694885254,0.507743239402771,0.5830812454223633,0.06276167929172516,2.385166645050049,0.06590348482131958,0.02070784568786621,9.114714339375496e-05,0
2,80,11.29272747039795,0.7301995158195496,0.7301995158195496,4.626398086547852,11.292741775512695,0.06466104116420493,0.9999445080757141,0.11908253282308578,0.9999982118606567,0.506834089756012,0.5646688938140869,0.07006535679101944,2.0371389389038086,0.0225178562104702,0.009293437004089355,1.5662051737308502e-05,0
2,81,11.292741775512695,0.721544086933136,0.721544086933136,4.633013725280762,11.292757034301758,0.06389449978372304,0.9999302625656128,0.13340821862220764,0.9999984502792358,0.5089467763900757,0.5966463685035706,0.07265793532133102,2.507234811782837,0.043651875108480453,0.022762179374694824,0.00010114465840160847,3
2,82,11.292757034301758,0.7421137094497681,0.7421137094497681,4.630012035369873,11.292771339416504,0.06571590154606152,0.9999561309814453,0.10589031130075455,0.9999982118606567,0.5247910022735596,0.5888411402702332,0.08162172883749008,2.2708959579467773,0.0173624437302351,0.00598299503326416,7.25302379578352e-06,2
2,83,11.292771339416504,0.7403943538665771,0.7403943538665771,4.622257709503174,11.292778968811035,0.06556356554234749,0.9999490976333618,0.11401117593050003,0.9999986886978149,0.5313441157341003,0.628274142742157,0.0897795706987381,2.5629048347473145,0.02892492339015007,0.015653014183044434,8.778693154454231e-05,2
2,84,11.292778968811035,0.7616081833839417,0.7616081833839417,4.615045070648193,11.292771339416504,0.06744205172946265,0.9999611377716064,0.0994337797164917,0.9999985694885254,0.5429686307907104,0.5911402106285095,0.10006634145975113,2.187898635864258,0.04917433112859726,0.011570453643798828,2.176128327846527e-05,1
2,85,11.292771339416504,0.7724160552024841,0.7724160552024841,4.618473529815674,11.29278564453125,0.06839915836305198,0.999943196773529,0.12028487026691437,0.9999989867210388,0.5615922212600708,0.5748642086982727,0.10200288891792297,2.254507541656494,0.07556857168674469,0.013443171977996826,3.3293734304606915e-05,2
2,86,11.29278564453125,0.7767194509506226,0.7767194509506226,4.625577449798584,11.292773246765137,0.06878014649350614,0.9998921155929565,0.1658911257982254,0.9999982118606567,0.5592015385627747,0.5308281779289246,0.09920942038297653,1.3769443035125732,0.14955034852027893,0.01918625831604004,5.506281740963459e-05,0
2,87,11.292773246765137,0.7676481008529663,0.7676481008529663,4.624786376953125,11.292794227600098,0.06797693392744447,0.9999256730079651,0.13763347268104553,0.9999968409538269,0.5453367233276367,0.5852816104888916,0.10079562664031982,2.217494487762451,0.07416444271802902,0.02545475959777832,9.002164006233215e-05,2
2,88,11.292794227600098,0.9630634188652039,0.9630634188652039,4.602296829223633,11.292863845825195,0.08528123327629875,0.9994804859161377,0.36402541399002075,0.9999978542327881,0.5485239028930664,0.5691651105880737,0.09508217126131058,0.708580493927002,0.19790321588516235,0.12058737874031067,0.0029469113796949387,3
2,89,11.292863845825195,0.7775799036026001,0.7775799036026001,4.604057788848877,11.292859077453613,0.06885586457239187,0.9999140501022339,0.14806179702281952,0.9999822974205017,0.5088730454444885,0.6457439661026001,0.09493865817785263,2.5496082305908203,0.40670540928840637,0.03266549110412598,0.0002890573814511299,2
2,90,11.292859077453613,0.9652668833732605,0.9652668833732605,4.5808515548706055,11.292891502380371,0.08547586370757361,0.9996922612190247,0.28016284108161926,0.9999970197677612,0.5452712774276733,0.562378466129303,0.09289560467004776,0.6549966335296631,0.419363796710968,0.08782088756561279,0.001644989475607872,2
2,91,11.292891502380371,0.8222752213478088,0.8222752213478088,4.590315341949463,11.292829513549805,0.07281352354925978,0.9993432760238647,0.40925031900405884,0.9999895095825195,0.5195145010948181,0.5592471957206726,0.09370997548103333,0.7993291616439819,0.001462738960981369,0.11916863918304443,0.0032692309468984604,1
2,92,11.292829513549805,0.8227501511573792,0.8227501511573792,4.599739074707031,11.29279613494873,0.07285597911224949,0.9996675252914429,0.29120269417762756,0.9999807476997375,0.521841824054718,0.5606043338775635,0.09077417105436325,0.8160037994384766,4.5123742893338203e-05,0.07946509122848511,0.0013927845284342766,0
2,93,11.29279613494873,0.8199512958526611,0.8199512958526611,4.608094692230225,11.292790412902832,0.07260835014236124,0.9998213052749634,0.21355891227722168,0.9999903440475464,0.5178154110908508,0.5501862168312073,0.08776151388883591,0.8890275359153748,0.0017071198672056198,0.05501377582550049,0.0006266767159104347,0
2,94,11.292790412902832,0.8114987015724182,0.8114987015724182,4.61574125289917,11.29279613494873,0.07185989218795932,0.9998968243598938,0.1622679978609085,0.9999946355819702,0.5091644525527954,0.5416440963745117,0.07831239700317383,1.0389971733093262,0.002125060185790062,0.040401339530944824,0.0003003505989909172,1
2,95,11.29279613494873,0.7920747399330139,0.7920747399330139,4.623311519622803,11.292798042297363,0.07013982458088623,0.9999375343322754,0.12615038454532623,0.9999969005584717,0.5064117312431335,0.5245464444160461,0.0687423050403595,1.326035976409912,0.006550857797265053,0.02647179365158081,0.00011014146730303764,2
2,96,11.292798042297363,0.822752833366394,0.822752833366394,4.601296424865723,11.292827606201172,0.07285641966541503,0.9996746182441711,0.28808313608169556,0.9999980926513672,0.5089187026023865,0.5292331576347351,0.06657291203737259,0.8373653888702393,0.0155728068202734,0.062126219272613525,0.000820268876850605,2
2,97,11.292827606201172,0.7953879237174988,0.7953879237174988,4.584499835968018,11.292776107788086,0.07043301743849623,0.9998986721038818,0.16074435412883759,0.9999899864196777,0.4982975125312805,0.5335227251052856,0.07071305811405182,1.174299955368042,0.006730813533067703,0.009886026382446289,2.1837418898940086e-05,1
2,98,11.292776107788086,0.7983603477478027,0.7983603477478027,4.570515155792236,11.292729377746582,0.07069655327685208,0.9999342560768127,0.12950284779071808,0.999997079372406,0.4937913715839386,0.5418292284011841,0.06947393715381622,1.1330469846725464,0.001299870666116476,0.006558060646057129,1.3244803994894028e-05,2
2,99,11.292729377746582,0.795779287815094,0.795779287815094,4.559900760650635,11.292695045471191,0.0704682863810811,0.9999637007713318,0.09622164070606232,0.999998152256012,0.4926908612251282,0.5382947325706482,0.06509242206811905,1.1523940563201904,0.00022932027059141546,0.005481243133544922,7.184688001871109e-06,0
2,100,11.292695045471191,0.8040817379951477,0.8040817379951477,4.549127101898193,11.292668342590332,0.07120370600263537,0.9999723434448242,0.08377483487129211,0.999998927116394,0.49667149782180786,0.5365887880325317,0.06101222336292267,1.0474292039871216,0.001998298801481724,0.009815990924835205,1.8313061445951462e-05,0
2,101,11.292668342590332,0.7957027554512024,0.7957027554512024,4.542819976806641,11.292646408081055,0.07046189007873428,0.999988853931427,0.0533926896750927,0.9999991655349731,0.5014629364013672,0.5262970924377441,0.057196419686079025,1.1791566610336304,0.0023472714237868786,0.005165994167327881,4.949048161506653e-06,1
2,102,11.292646408081055,0.7987183928489685,0.7987183928489685,4.535759449005127,11.292630195617676,0.0707290712899151,0.9999906420707703,0.04888218641281128,0.9999997615814209,0.5044643878936768,0.526619553565979,0.05186740681529045,1.126388430595398,0.00017860601656138897,0.007030606269836426,8.502276614308357e-06,3
2,103,11.292630195617676,0.8007618188858032,0.8007618188858032,4.530179023742676,11.292618751525879,0.07091012501202372,0.9999931454658508,0.04179656505584717,0.9999997615814209,0.4996388256549835,0.5299333930015564,0.04690251499414444,1.0982881784439087,0.0034949679393321276,0.004387319087982178,3.3549731597304344e-06,3
2,104,11.292618751525879,0.7979235649108887,0.7979235649108887,4.526937961578369,11.292610168457031,0.07065885977980721,0.9999955892562866,0.03346646949648857,0.9999998807907104,0.4957970976829529,0.5229771733283997,0.046445608139038086,1.0998954772949219,0.0025182426907122135,0.0032506585121154785,1.7979182302951813e-06,3
2,105,11.292610168457031,0.7924934029579163,0.7924934029579163,4.525918483734131,11.292604446411133,0.07017805371264302,0.9999974966049194,0.025677839294075966,0.9999999403953552,0.49756577610969543,0.5146942138671875,0.048929937183856964,1.1461539268493652,0.0009719618828967214,0.0023963451385498047,1.4366523828357458e-06,2
2,106,11.292604446411133,0.793718695640564,0.793718695640564,4.525315284729004,11.292598724365234,0.07028659326616307,0.9999984502792358,0.020415693521499634,1.0,0.5004889369010925,0.5102800726890564,0.04681522026658058,1.1741646528244019,0.001319189090281725,0.002022385597229004,5.779183993581682e-07,2
2,107,11.292598724365234,0.7915462851524353,0.7915462851524353,4.5249505043029785,11.292593002319336,0.07009425416353211,0.9999990463256836,0.016287917271256447,0.9999999403953552,0.49763500690460205,0.5100069642066956,0.04080957919359207,1.170759916305542,0.00014951819321140647,0.0011426806449890137,4.508474376052618e-07,1
2,108,11.292593002319336,0.7840920686721802,0.7840920686721802,4.526726722717285,11.292591094970703,0.06943419182034977,0.9999982118606567,0.022022854536771774,0.9999998807907104,0.492596298456192,0.5121586322784424,0.035724177956581116,1.258507251739502,0.0014916425570845604,0.0032854676246643066,2.9751681722700596e-06,2
2,109,11.292591094970703,0.781583309173584,0.781583309173584,4.5281877517700195,11.292593955993652,0.06921204377281241,0.9999983906745911,0.02085495926439762,0.9999999403953552,0.4959924817085266,0.5027020573616028,0.03505988419055939,1.3067048788070679,0.0007475484162569046,0.0031496286392211914,8.406350389122963e-07,1
2,110,11.292593955993652,0.7809830904006958,0.7809830904006958,4.529356002807617,11.292596817016602,0.06915887469647145,0.9999977350234985,0.024433542042970657,1.0,0.5024784803390503,0.5025184750556946,0.0357588529586792,1.333430290222168,0.0005422632675617933,0.002402782440185547,1.03618367575109e-06,1
2,111,11.292596817016602,0.7852352857589722,0.7852352857589722,4.531208515167236,11.292600631713867,0.06953540434346472,0.9999963641166687,0.030367877334356308,0.9999998807907104,0.5053851008415222,0.49916166067123413,0.038318149745464325,1.3379065990447998,0.0004432818968780339,0.003195047378540039,1.077947672456503e-06,0
2,112,11.292600631713867,0.796940267086029,0.796940267086029,4.531134605407715,11.2926025390625,0.07057189863315641,0.9999929666519165,0.042368680238723755,0.9999998807907104,0.5100976824760437,0.4992080628871918,0.04550759121775627,1.1793103218078613,0.0016124751418828964,0.004332244396209717,4.141824319958687e-06,2
2,113,11.2926025390625,0.7908391356468201,0.7908391356468201,4.540224552154541,11.292610168457031,0.07003160988897027,0.9999632239341736,0.09681093692779541,0.9999997019767761,0.5136440992355347,0.5129454135894775,0.054256223142147064,1.2665107250213623,0.001354152336716652,0.005972385406494141,5.168083589524031e-06,3
2,114,11.292610168457031,0.7712520360946655,0.7712520360946655,4.559508323669434,11.292631149291992,0.06829705662283087,0.9999050498008728,0.15561755001544952,0.9999990463256836,0.5170530080795288,0.5362921357154846,0.060122646391391754,1.6453781127929688,0.008017653599381447,0.01601386070251465,5.0592643674463034e-05,2
2,115,11.292631149291992,0.7541873455047607,0.7541873455047607,4.578701496124268,11.292655944824219,0.06678579469515797,0.9998970627784729,0.16204781830310822,0.9999974966049194,0.5164191722869873,0.5476264357566833,0.06253109872341156,2.026764154434204,0.01850925385951996,0.018243253231048584,0.0001183459535241127,2
2,116,11.292655944824219,0.7481881976127625,0.7481881976127625,4.59155797958374,11.292675971984863,0.06625440474485374,0.9999203681945801,0.1425306797027588,0.9999970197677612,0.5147526264190674,0.5609213709831238,0.06146847456693649,2.2020678520202637,0.00553106889128685,0.018284857273101807,0.00010516936890780926,1
2,117,11.292675971984863,0.7433009743690491,0.7433009743690491,4.598908424377441,11.29269027709961,0.06582150911024523,0.9999503493309021,0.1125694289803505,0.9999974370002747,0.5126516819000244,0.5528346300125122,0.057135120034217834,2.2504796981811523,0.004869559779763222,0.0130959153175354,5.128467455506325e-05,3
2,118,11.29269027709961,0.7696160078048706,0.7696160078048706,4.595408916473389,11.292698860168457,0.06815169715276537,0.9999394416809082,0.1242111474275589,0.9999982714653015,0.5124519467353821,0.5445435643196106,0.05258742347359657,1.8830368518829346,0.020502757281064987,0.025529563426971436,0.00017576850950717926,1
2,119,11.292698860168457,0.7906134128570557,0.7906134128570557,4.587319374084473,11.292703628540039,0.07001102417117513,0.9999321103096008,0.13159912824630737,0.999998152256012,0.5016794800758362,0.548021674156189,0.05134051293134689,1.6292588710784912,0.008770649321377277,0.026058197021484375,0.00013339193537831306,2
2,120,11.292703628540039,0.7768567800521851,0.7768567800521851,4.588111877441406,11.292695045471191,0.06879280689602406,0.9999024868011475,0.15775397419929504,0.9999980926513672,0.49635282158851624,0.5504035949707031,0.0547984316945076,1.577322006225586,0.0024574960116297007,0.02974414825439453,0.00022200122475624084,2
2,121,11.292695045471191,0.7615737318992615,0.7615737318992615,4.602050304412842,11.292698860168457,0.0674395021589361,0.9999369382858276,0.1267623007297516,0.9999977350234985,0.509134829044342,0.5455309152603149,0.0609707273542881,1.5834510326385498,0.0006619775667786598,0.02024388313293457,0.00010560452938079834,3
2,122,11.292698860168457,0.7496891021728516,0.7496891021728516,4.612644672393799,11.29272174835205,0.066387062247551,0.9999449253082275,0.11846832931041718,0.9999984502792358,0.5112298727035522,0.5768173336982727,0.06176113337278366,2.2486891746520996,0.03840184584259987,0.014923095703125,6.017182022333145e-05,3
2,123,11.29272174835205,0.7356500029563904,0.7356500029563904,4.626192092895508,11.292715072631836,0.06514372879715591,0.9999148845672607,0.14738552272319794,0.9999982714653015,0.5076631307601929,0.5555859208106995,0.0714106336236,1.8139704465866089,0.022020934149622917,0.02284526824951172,0.00011941604316234589,0
2,124,11.292715072631836,0.7169349193572998,0.7169349193572998,4.632280349731445,11.292726516723633,0.06348649680313007,0.9999251365661621,0.13822393119335175,0.9999971985816956,0.5122256875038147,0.5856764316558838,0.07298973202705383,2.3960628509521484,0.03645070642232895,0.023227691650390625,8.615106344223022e-05,1
2,125,11.292726516723633,0.7394095659255981,0.7394095659255981,4.630740165710449,11.292738914489746,0.06547662026797436,0.9999518394470215,0.11075577139854431,0.9999979734420776,0.5221989750862122,0.5828627347946167,0.0829349234700203,2.1566715240478516,0.010153299197554588,0.006333053112030029,1.0472489520907402e-05,1
2,126,11.292738914489746,0.733061671257019,0.733061671257019,4.6231184005737305,11.29274845123291,0.06491442658932152,0.9999442100524902,0.11923728138208389,0.9999983310699463,0.5340595245361328,0.613830029964447,0.08944722265005112,2.471283435821533,0.017920177429914474,0.016554951667785645,9.926734492182732e-05,2
2,127,11.29274845123291,0.7612324953079224,0.7612324953079224,4.6154069900512695,11.292753219604492,0.06740896590367362,0.9999558925628662,0.10600236803293228,0.9999984502792358,0.5434463620185852,0.5945808291435242,0.09840504080057144,2.1634042263031006,0.02427491545677185,0.012397170066833496,4.791282117366791e-05,1
2,128,11.292753219604492,0.7694700956344604,0.7694700956344604,4.618506908416748,11.292778015136719,0.06813839642742231,0.9999386072158813,0.1250067800283432,0.9999987483024597,0.5613205432891846,0.5855697393417358,0.10052157938480377,2.292344331741333,0.06886808574199677,0.015397965908050537,4.732643719762564e-05,3
2,129,11.292778015136719,0.7831184267997742,0.7831184267997742,4.629140377044678,11.292754173278809,0.06934683615936581,0.999853253364563,0.1934179961681366,0.9999982118606567,0.5564802885055542,0.534397304058075,0.09815337508916855,1.243809461593628,0.17184235155582428,0.020084738731384277,0.00011580530554056168,2
2,130,11.292754173278809,0.7638050317764282,0.7638050317764282,4.626410007476807,11.292783737182617,0.06763673591547423,0.9999272227287292,0.13621200621128082,0.9999961853027344,0.5450836420059204,0.5912395715713501,0.0993787944316864,2.2110328674316406,0.08874862641096115,0.023991703987121582,7.069297134876251e-05,2
