episode,step,h_norm,attn_out_norm,update_norm,ffn_norm,h_new_norm,ratio_update_h,cos_h_prev,l2_h_prev,cos_q_prev,V_pw_cos,K_pw_cos,z_pw_cos,attn_entropy,attn_jsd_prev,logits_max_diff,kl_pi_prev,action
0,0,0.0,0.6599370837211609,0.6599370837211609,2.679316759109497,11.308902740478516,659937083.7211609,nan,nan,nan,0.4527873396873474,0.476523220539093,-0.05681651458144188,2.7725870609283447,nan,nan,nan,3
0,1,11.308902740478516,0.6592642664909363,0.6592642664909363,2.710530996322632,11.309345245361328,0.05829604176638632,0.979625940322876,2.2828831672668457,0.1907840073108673,0.45215708017349243,0.4753742516040802,-0.056659895926713943,2.772282838821411,7.646524318261072e-05,0.051089316606521606,0.0007362775504589081,0
0,2,11.309345245361328,0.659580647945404,0.659580647945404,2.6866447925567627,11.309745788574219,0.058321736018797324,0.9855585098266602,1.922060251235962,0.9756283760070801,0.45042693614959717,0.47698745131492615,-0.056902918964624405,2.7723350524902344,5.945446901023388e-06,0.043435752391815186,0.0001748134382069111,2
0,3,11.309745788574219,0.6599966287612915,0.6599966287612915,2.641366720199585,11.310077667236328,0.05835645125004132,0.9901232719421387,1.5895808935165405,0.9840242862701416,0.4522126615047455,0.47525158524513245,-0.05691581591963768,2.7723631858825684,5.947382305748761e-06,0.05351673811674118,9.11378301680088e-05,2
0,4,11.310077667236328,0.6603901982307434,0.6603901982307434,2.592136859893799,11.310344696044922,0.0583895369829156,0.9931856393814087,1.320379614830017,0.9897815585136414,0.4517196714878082,0.47502079606056213,-0.057385798543691635,2.7723617553710938,4.391142283566296e-06,0.062245771288871765,0.00014884001575410366,2
0,5,11.310344696044922,0.6604485511779785,0.6604485511779785,2.5476326942443848,11.310559272766113,0.05839331770400673,0.995148777961731,1.114080786705017,0.993278980255127,0.4508650004863739,0.47470638155937195,-0.05794234201312065,2.7723374366760254,3.27245652442798e-06,0.06446072459220886,0.000181552954018116,0
0,6,11.310559272766113,0.6595790386199951,0.6595790386199951,2.511812925338745,11.310735702514648,0.0583153337260827,0.9963873028755188,0.9614307880401611,0.9953641891479492,0.4478190839290619,0.47601646184921265,-0.057977478951215744,2.772298812866211,2.7589121600613e-06,0.06312772631645203,0.0001722509041428566,0
0,7,11.310735702514648,0.6598333716392517,0.6598333716392517,2.486158609390259,11.310884475708008,0.05833691008203427,0.9971843957901001,0.8487812280654907,0.9966185092926025,0.4500024616718292,0.47515174746513367,-0.05862724408507347,2.77225923538208,1.2776654330082238e-06,0.058718740940093994,0.00013523083180189133,3
0,8,11.310884475708008,0.6597123742103577,0.6597123742103577,2.4705967903137207,11.311013221740723,0.05832544533782472,0.9977048635482788,0.7663179039955139,0.9973998665809631,0.44916537404060364,0.47421225905418396,-0.0590476430952549,2.772204637527466,1.9624112610472366e-06,0.05343952775001526,9.806151501834393e-05,1
0,9,11.311013221740723,0.659864068031311,0.659864068031311,2.46419358253479,11.311123847961426,0.05833819261770436,0.9980610609054565,0.7043612599372864,0.9979040622711182,0.45106133818626404,0.4770473539829254,-0.058815035969018936,2.772156000137329,1.1219526641070843e-06,0.04746592044830322,6.607803516089916e-05,2
0,10,11.311123847961426,0.6595262885093689,0.6595262885093689,2.464751958847046,11.311223030090332,0.058307759456478196,0.998312771320343,0.6570666432380676,0.998246431350708,0.44812074303627014,0.47583839297294617,-0.05942598730325699,2.7721242904663086,1.213535142596811e-06,0.04127112030982971,4.3341657146811485e-05,1
0,11,11.311223030090332,0.6601179242134094,0.6601179242134094,2.4703099727630615,11.311310768127441,0.0583595533796258,0.998504638671875,0.6185701489448547,0.9984882473945618,0.45023563504219055,0.47430381178855896,-0.06012508645653725,2.7721004486083984,4.1201928979717195e-07,0.034550487995147705,2.8253067284822464e-05,1
0,12,11.311310768127441,0.6605014204978943,0.6605014204978943,2.4793293476104736,11.311387062072754,0.058393004492373134,0.998664915561676,0.5844904780387878,0.9986681342124939,0.4502120912075043,0.4752753674983978,-0.06061053276062012,2.772055149078369,1.050146238412708e-06,0.029844671487808228,1.9019469618797302e-05,3
0,13,11.311387062072754,0.6594489812850952,0.6594489812850952,2.4902536869049072,11.311453819274902,0.05829956818436859,0.9987964034080505,0.554990828037262,0.9988139867782593,0.4496596157550812,0.47397691011428833,-0.060779038816690445,2.772042989730835,5.737238097935915e-07,0.028501957654953003,1.4696270227432251e-05,0
0,14,11.311453819274902,0.659493625164032,0.659493625164032,2.502548933029175,11.311511993408203,0.05830317090100691,0.998912513256073,0.5275309085845947,0.998928427696228,0.4479054808616638,0.47537505626678467,-0.061116885393857956,2.7720394134521484,8.371862350031734e-07,0.02666759490966797,1.2546195648610592e-05,2
0,15,11.311511993408203,0.6604138612747192,0.6604138612747192,2.5154757499694824,11.311561584472656,0.058384224996585445,0.9990088939666748,0.5036116242408752,0.9990317225456238,0.44976797699928284,0.47414347529411316,-0.06140802800655365,2.7720282077789307,4.237081157043576e-07,0.024722307920455933,1.3033102732151747e-05,0
0,16,11.311561584472656,0.6602470874786377,0.6602470874786377,2.5288467407226562,11.311604499816895,0.058369225376004384,0.9991022944450378,0.4792865812778473,0.9991145730018616,0.44717085361480713,0.47521767020225525,-0.061434581875801086,2.772006034851074,6.042500899638981e-07,0.02222040295600891,1.4677061699330807e-05,0
0,17,11.311604499816895,0.6603554487228394,0.6603554487228394,2.5422186851501465,11.311638832092285,0.05837858358056355,0.9991799592971802,0.45810699462890625,0.9991933107376099,0.4496646225452423,0.47454896569252014,-0.061595361679792404,2.7720162868499756,6.058617145754397e-07,0.01993638277053833,1.8888385966420174e-05,3
0,18,11.311638832092285,0.6602632999420166,0.6602632999420166,2.555447816848755,11.311670303344727,0.05837026002534501,0.9992471933364868,0.4389108419418335,0.9992601871490479,0.4489177167415619,0.4742600619792938,-0.06168021634221077,2.7720093727111816,4.78423316963017e-07,0.017968058586120605,2.1961110178381205e-05,3
0,19,11.311670303344727,0.660154402256012,0.660154402256012,2.5686275959014893,11.311695098876953,0.05836047060714032,0.999309241771698,0.4204478859901428,0.9993170499801636,0.45043331384658813,0.47384515404701233,-0.061698395758867264,2.772006034851074,7.216658559627831e-07,0.01627206802368164,2.413429319858551e-05,2
0,20,11.311695098876953,0.6604194641113281,0.6604194641113281,2.581061840057373,11.311716079711914,0.05838377522895714,0.999366044998169,0.4027811586856842,0.9993677139282227,0.4483494162559509,0.47304433584213257,-0.06185147911310196,2.772000789642334,3.5304583434481174e-07,0.0150337815284729,2.4374458007514477e-05,2
0,21,11.311716079711914,0.6606337428092957,0.6606337428092957,2.5930144786834717,11.311732292175293,0.05840261001548411,0.9994195699691772,0.3853965401649475,0.999417781829834,0.4485054910182953,0.4728396236896515,-0.06198025122284889,2.7720088958740234,7.364760676864535e-07,0.014104366302490234,2.412672620266676e-05,3
0,22,11.311732292175293,0.6602144241333008,0.6602144241333008,2.6038999557495117,11.311747550964355,0.058365456950390644,0.9994658827781677,0.3697052001953125,0.9994634389877319,0.4474343955516815,0.47256144881248474,-0.06183309480547905,2.7719991207122803,3.382083377800882e-07,0.013006389141082764,2.0843115635216236e-05,2
0,23,11.311747550964355,0.6610165238380432,0.6610165238380432,2.6137032508850098,11.311758995056152,0.05843628677707627,0.9995123147964478,0.35324710607528687,0.9995033740997314,0.4484083950519562,0.4742657542228699,-0.06187546253204346,2.772006034851074,5.229558155406266e-07,0.011645793914794922,1.808605156838894e-05,2
0,24,11.311758995056152,0.6609961986541748,0.6609961986541748,2.622387170791626,11.311767578125,0.05843443083812745,0.9995547533035278,0.3375292718410492,0.9995440244674683,0.4490334093570709,0.47366955876350403,-0.061687543988227844,2.772005081176758,1.607659214641899e-07,0.010165095329284668,1.4475197531282902e-05,0
0,25,11.311767578125,0.6609793305397034,0.6609793305397034,2.6299474239349365,11.311774253845215,0.05843289529904442,0.9995935559272766,0.322498083114624,0.9995816349983215,0.44892579317092896,0.4738166928291321,-0.06135888397693634,2.7719907760620117,3.770746843656525e-07,0.008646130561828613,1.0516843758523464e-05,0
0,26,11.311774253845215,0.6609789133071899,0.6609789133071899,2.636028528213501,11.311779975891113,0.05843282392967692,0.9996300935745239,0.30767157673835754,0.9996160864830017,0.4502268433570862,0.47447243332862854,-0.06083030626177788,2.7719955444335938,5.219480954110622e-07,0.0075859129428863525,7.40494579076767e-06,3
0,27,11.311779975891113,0.6610813736915588,0.6610813736915588,2.640902519226074,11.311783790588379,0.05844185221959115,0.9996657371520996,0.29245951771736145,0.9996483325958252,0.4509023129940033,0.47458362579345703,-0.060748711228370667,2.7719993591308594,8.380811777897179e-08,0.006316661834716797,5.180947482585907e-06,3
0,28,11.311783790588379,0.661459743976593,0.661459743976593,2.644566059112549,11.311786651611328,0.05847528172585302,0.9996992945671082,0.2774387001991272,0.999681293964386,0.45185717940330505,0.4751821756362915,-0.06063038483262062,2.772003173828125,8.439383236691356e-08,0.005670428276062012,3.35893128067255e-06,2
0,29,11.311786651611328,0.6610987782478333,0.6610987782478333,2.6471128463745117,11.311789512634277,0.0584433563511085,0.9997302293777466,0.2627693712711334,0.9997125864028931,0.4520327150821686,0.47466546297073364,-0.060411613434553146,2.772005081176758,1.3759927242062986e-07,0.005652487277984619,2.1631130948662758e-06,2
0,30,11.311789512634277,0.6607415676116943,0.6607415676116943,2.6487629413604736,11.31179141998291,0.05841176295525159,0.9997590184211731,0.24831601977348328,0.9997419714927673,0.45268478989601135,0.4751388430595398,-0.06008986756205559,2.772007465362549,2.1170126274228096e-07,0.0056684017181396484,1.493783202022314e-06,1
0,31,11.31179141998291,0.6610552668571472,0.6610552668571472,2.649782657623291,11.31179428100586,0.05843948516318611,0.9997870326042175,0.23343414068222046,0.9997687339782715,0.45232534408569336,0.47559794783592224,-0.05997727811336517,2.7720141410827637,1.4999568520579487e-07,0.005577206611633301,1.335109118372202e-06,3
0,32,11.31179428100586,0.6606872081756592,0.6606872081756592,2.649960517883301,11.311797142028809,0.058406932778564465,0.9998124241828918,0.21912962198257446,0.9997952580451965,0.4527033567428589,0.47552165389060974,-0.0597916916012764,2.772019863128662,3.288141670054756e-08,0.005122512578964233,9.430223144590855e-07,3
0,33,11.311797142028809,0.6612449288368225,0.6612449288368225,2.649637460708618,11.311800956726074,0.05845622234330716,0.999833345413208,0.2065056711435318,0.9998185634613037,0.45326289534568787,0.4746837019920349,-0.05929458886384964,2.772043228149414,6.273512553889304e-07,0.00482553243637085,1.3141834642738104e-06,2
0,34,11.311800956726074,0.6609492301940918,0.6609492301940918,2.64855694770813,11.311802864074707,0.05843006190814265,0.9998542070388794,0.19318750500679016,0.9998387694358826,0.45280495285987854,0.4745529592037201,-0.05991124361753464,2.772036552429199,4.1039311327040195e-07,0.004715472459793091,1.310676452703774e-06,0
0,35,11.311802864074707,0.6609339118003845,0.6609339118003845,2.647042751312256,11.311806678771973,0.058428697860307716,0.9998723268508911,0.18074899911880493,0.9998570680618286,0.45287030935287476,0.47349104285240173,-0.06001364812254906,2.7720420360565186,3.590412234188989e-08,0.004674583673477173,1.5844707377254963e-06,3
0,36,11.311806678771973,0.6618216037750244,0.6618216037750244,2.64536714553833,11.311813354492188,0.05850715297468934,0.999888002872467,0.1692502796649933,0.999873697757721,0.4529412090778351,0.4730328917503357,-0.059356577694416046,2.7720589637756348,1.7481761460658163e-07,0.004676371812820435,2.2395688574761152e-06,2
0,37,11.311813354492188,0.661586582660675,0.661586582660675,2.643254041671753,11.31181812286377,0.058486341838193734,0.9999029636383057,0.1575137972831726,0.9998893737792969,0.4519020617008209,0.4725516438484192,-0.05978027358651161,2.7720632553100586,7.058115443214774e-07,0.004850119352340698,2.2999593056738377e-06,3
0,38,11.31181812286377,0.6614328622817993,0.6614328622817993,2.6411476135253906,11.311824798583984,0.05847272782302717,0.9999154806137085,0.1470179706811905,0.9999023675918579,0.45271188020706177,0.4722934663295746,-0.05896672233939171,2.7720766067504883,1.7168531485367566e-07,0.004782587289810181,2.6794150471687317e-06,3
0,39,11.311824798583984,0.6622587442398071,0.6622587442398071,2.6388447284698486,11.3118314743042,0.058545703812766685,0.9999268054962158,0.13693195581436157,0.9999151825904846,0.45131251215934753,0.472538560628891,-0.05957665294408798,2.772064685821533,1.018512193695642e-06,0.004982888698577881,3.1021481845527887e-06,1
0,40,11.3118314743042,0.6621316075325012,0.6621316075325012,2.6361875534057617,11.311838150024414,0.05853442999363898,0.9999364018440247,0.12762217223644257,0.9999250173568726,0.4514326751232147,0.47180941700935364,-0.05883849412202835,2.7720887660980225,7.619164534844458e-07,0.004816830158233643,3.0774972401559353e-06,3
0,41,11.311838150024414,0.6619297862052917,0.6619297862052917,2.633662223815918,11.311845779418945,0.058516553846190165,0.9999450445175171,0.11860661208629608,0.9999349117279053,0.4523349404335022,0.4717615246772766,-0.0582917183637619,2.7720913887023926,1.3356839190237224e-08,0.004818737506866455,3.143417416140437e-06,2
0,42,11.311845779418945,0.6619712114334106,0.6619712114334106,2.631427526473999,11.311853408813477,0.05852017648948305,0.9999526739120483,0.11012142151594162,0.9999436140060425,0.4547528624534607,0.47172826528549194,-0.05829900875687599,2.772082805633545,6.141126505099237e-07,0.004540205001831055,2.9235670808702707e-06,1
0,43,11.311853408813477,0.6601677536964417,0.6601677536964417,2.63102650642395,11.311860084533691,0.05836070622892628,0.9999593496322632,0.10193423181772232,0.9999517202377319,0.4531265199184418,0.4771859049797058,-0.05679653584957123,2.7720704078674316,1.427455572411418e-05,0.003034532070159912,8.282659109681845e-07,2
0,44,11.311860084533691,0.659275233745575,0.659275233745575,2.630159378051758,11.311867713928223,0.058281770532768416,0.9999648332595825,0.0947578102350235,0.999954342842102,0.45282796025276184,0.47680309414863586,-0.057111430913209915,2.7720775604248047,2.138331183232367e-07,0.0034102201461791992,9.335926733911037e-07,3
0,45,11.311867713928223,0.6605520248413086,0.6605520248413086,2.6289491653442383,11.311875343322754,0.05839460304402036,0.9999698996543884,0.08778039366006851,0.9999611377716064,0.45274239778518677,0.47716808319091797,-0.05678829178214073,2.7720794677734375,2.0487823348958045e-07,0.003067195415496826,9.109498932957649e-07,0
0,46,11.311875343322754,0.6603426933288574,0.6603426933288574,2.6274216175079346,11.311883926391602,0.05837605819433368,0.9999740719795227,0.08151219040155411,0.9999662637710571,0.45252010226249695,0.47587355971336365,-0.05694378539919853,2.772095203399658,4.5798151404596865e-07,0.0030533671379089355,8.860079105943441e-07,2
0,47,11.311883926391602,0.6607464551925659,0.6607464551925659,2.6258203983306885,11.311893463134766,0.05841170750090419,0.9999775290489197,0.0758262574672699,0.9999708533287048,0.4520300626754761,0.47564488649368286,-0.057416342198848724,2.7720947265625,1.066291588358581e-08,0.0030093789100646973,9.318464435636997e-07,3
0,48,11.311893463134766,0.6602930426597595,0.6602930426597595,2.6243669986724854,11.311902046203613,0.0583715754406317,0.9999803304672241,0.07085130363702774,0.99997478723526,0.4493735134601593,0.4768844544887543,-0.057808343321084976,2.7720861434936523,6.659756763838232e-07,0.0027244091033935547,8.531787898391485e-07,1
0,49,11.311902046203613,0.6597399115562439,0.6597399115562439,2.6230649948120117,11.311910629272461,0.0583226329985468,0.9999830722808838,0.06569692492485046,0.9999778270721436,0.45027223229408264,0.47547054290771484,-0.05776621028780937,2.772073745727539,4.819012247025967e-07,0.002847015857696533,1.0916555766016245e-06,3
0,50,11.311910629272461,0.6601066589355469,0.6601066589355469,2.6217520236968994,11.311920166015625,0.05835501009240226,0.9999852180480957,0.06135988608002663,0.9999814033508301,0.45001253485679626,0.47552064061164856,-0.05867943912744522,2.7720625400543213,6.192385626491159e-07,0.003145575523376465,1.2450327631086111e-06,3
0,51,11.311920166015625,0.6602240800857544,0.6602240800857544,2.6203746795654297,11.311927795410156,0.05836534119726764,0.9999868273735046,0.05796428024768829,0.999984085559845,0.4500929117202759,0.47666463255882263,-0.05892226845026016,2.772066354751587,9.142095223069191e-07,0.0032333731651306152,1.5390687622129917e-06,2
0,52,11.311927795410156,0.6597037315368652,0.6597037315368652,2.6193935871124268,11.311936378479004,0.05831930184389452,0.9999889135360718,0.05341997370123863,0.9999859929084778,0.4506415128707886,0.47525718808174133,-0.0594017319381237,2.772061824798584,8.569913916289806e-07,0.0032558441162109375,1.3729440979659557e-06,2
0,53,11.311936378479004,0.659666121006012,0.659666121006012,2.61842942237854,11.311944007873535,0.05831593273995325,0.9999901056289673,0.0502929650247097,0.9999884366989136,0.45056140422821045,0.4752771258354187,-0.05930877476930618,2.772055149078369,3.077475412283093e-07,0.002786874771118164,1.2074015103280544e-06,1
0,54,11.311944007873535,0.6596899032592773,0.6596899032592773,2.617640972137451,11.311951637268066,0.05831799581045562,0.9999911785125732,0.047427739948034286,0.9999895691871643,0.4503462612628937,0.4749216139316559,-0.059828393161296844,2.772052764892578,2.473552740411833e-08,0.002810239791870117,1.296953996643424e-06,3
0,55,11.311951637268066,0.6599801778793335,0.6599801778793335,2.6170523166656494,11.311957359313965,0.058343617356440926,0.9999922513961792,0.0446246936917305,0.9999908208847046,0.4500736892223358,0.4751531481742859,-0.060626618564128876,2.7720489501953125,2.55078703048639e-07,0.0030179619789123535,1.406238880008459e-06,0
0,56,11.311957359313965,0.6597630381584167,0.6597630381584167,2.6164209842681885,11.31196403503418,0.05832439225163675,0.9999929070472717,0.04275054857134819,0.9999921321868896,0.44976964592933655,0.4755741357803345,-0.061026182025671005,2.7720580101013184,6.020127329975367e-07,0.00293731689453125,1.564621925354004e-06,2
0,57,11.31196403503418,0.6598228216171265,0.6598228216171265,2.6158831119537354,11.311967849731445,0.058329642807703,0.9999934434890747,0.040760338306427,0.9999927282333374,0.44836321473121643,0.4760088622570038,-0.06104496866464615,2.772054672241211,2.0035986381117254e-07,0.002595067024230957,1.4150282368063927e-06,1
0,58,11.311967849731445,0.6599161028862,0.6599161028862,2.615591049194336,11.311972618103027,0.05833786938334225,0.9999943375587463,0.03807854279875755,0.9999932050704956,0.4498939514160156,0.4746774137020111,-0.06117723882198334,2.772045850753784,4.826142685487866e-07,0.0024997591972351074,1.4206161722540855e-06,0
0,59,11.311972618103027,0.6604871153831482,0.6604871153831482,2.615351915359497,11.311976432800293,0.05838832338810145,0.9999945759773254,0.03702482581138611,0.999994158744812,0.4481372535228729,0.4761219620704651,-0.061335768550634384,2.772050619125366,5.095571395941079e-07,0.0023232698440551758,1.3827811926603317e-06,3
0,60,11.311976432800293,0.6604172587394714,0.6604172587394714,2.615384578704834,11.311979293823242,0.058382128239281024,0.999995231628418,0.034722283482551575,0.999994158744812,0.4496677815914154,0.4755721390247345,-0.06148799881339073,2.7720632553100586,3.9349833969026804e-07,0.0023584961891174316,1.408974640071392e-06,2
0,61,11.311979293823242,0.6605864763259888,0.6605864763259888,2.6154394149780273,11.311982154846191,0.0583970726225333,0.9999957084655762,0.03311856836080551,0.9999951124191284,0.4485511779785156,0.4764280319213867,-0.061374615877866745,2.7720823287963867,4.2952888179570436e-07,0.0020236968994140625,1.1150259524583817e-06,0
0,62,11.311982154846191,0.6606552600860596,0.6606552600860596,2.6155102252960205,11.311983108520508,0.058403138463494375,0.9999962449073792,0.03099890984594822,0.9999953508377075,0.450737327337265,0.4769822955131531,-0.06114965304732323,2.7720558643341064,5.005495040677488e-07,0.0017567276954650879,9.147915989160538e-07,2
0,63,11.311983108520508,0.6607131361961365,0.6607131361961365,2.615469455718994,11.311986923217773,0.05840824989373159,0.9999966621398926,0.029264148324728012,0.9999958872795105,0.4474821984767914,0.47491714358329773,-0.061568062752485275,2.772071361541748,4.209941835142672e-07,0.0019953250885009766,1.1095544323325157e-06,0
0,64,11.311986923217773,0.6607567667961121,0.6607567667961121,2.6154518127441406,11.31198787689209,0.05841208722049647,0.9999969005584717,0.027961742132902145,0.9999963045120239,0.44897517561912537,0.4734549820423126,-0.06194630637764931,2.772085666656494,8.350616553798318e-07,0.0019248723983764648,1.0342919267714024e-06,0
0,65,11.31198787689209,0.660545289516449,0.660545289516449,2.6153805255889893,11.311988830566406,0.05839338732547602,0.9999971985816956,0.026933109387755394,0.999996542930603,0.44777151942253113,0.47395461797714233,-0.06169149652123451,2.7720775604248047,3.5873381420969963e-07,0.001968681812286377,1.1398806236684322e-06,3
0,66,11.311988830566406,0.6607213616371155,0.6607213616371155,2.6150057315826416,11.311990737915039,0.05840894749221851,0.9999973773956299,0.02603229507803917,0.9999970197677612,0.4479437470436096,0.474884033203125,-0.06151614338159561,2.772082805633545,2.962406142614782e-07,0.0019496679306030273,9.856303222477436e-07,2
0,67,11.311990737915039,0.6612191796302795,0.6612191796302795,2.614777088165283,11.311990737915039,0.05845294563529246,0.9999973773956299,0.025873562321066856,0.9999973177909851,0.44844067096710205,0.4743537902832031,-0.06155499443411827,2.7720823287963867,2.1602318156510592e-07,0.001901388168334961,1.0175863280892372e-06,0
0,68,11.311990737915039,0.6611358523368835,0.6611358523368835,2.6143016815185547,11.311991691589355,0.05844557935509239,0.9999975562095642,0.025257539004087448,0.9999972581863403,0.45031222701072693,0.4745427370071411,-0.06111820414662361,2.7720797061920166,1.5766363503644243e-07,0.002124488353729248,1.1400552466511726e-06,3
0,69,11.311991691589355,0.6610140204429626,0.6610140204429626,2.613896369934082,11.311992645263672,0.058434804273630875,0.999997615814209,0.025033600628376007,0.9999974966049194,0.45073872804641724,0.4751492142677307,-0.060725919902324677,2.7720823287963867,2.3195025278255343e-07,0.0020594000816345215,1.1237571015954018e-06,3
0,70,11.311992645263672,0.6611053347587585,0.6611053347587585,2.6135687828063965,11.311993598937988,0.058442871692951745,0.999997615814209,0.02448984608054161,0.9999974966049194,0.4514220654964447,0.4752602279186249,-0.060622867196798325,2.7720823287963867,1.2364762369543314e-07,0.0018605589866638184,9.695650078356266e-07,3
0,71,11.311993598937988,0.6614733338356018,0.6614733338356018,2.613281011581421,11.311991691589355,0.05847539852725017,0.9999977350234985,0.023927493020892143,0.9999976754188538,0.45237910747528076,0.475854754447937,-0.060504231601953506,2.7720813751220703,2.7985151973553002e-08,0.0016819238662719727,7.670605555176735e-07,0
0,72,11.311991691589355,0.661163330078125,0.661163330078125,2.613129138946533,11.311991691589355,0.058448003508498894,0.9999977350234985,0.024176277220249176,0.9999977350234985,0.45242348313331604,0.47606372833251953,-0.059700313955545425,2.772092580795288,5.092661012895405e-07,0.0018041729927062988,7.646158337593079e-07,2
0,73,11.311991691589355,0.6608036160469055,0.6608036160469055,2.61309552192688,11.311991691589355,0.058416204154236026,0.9999979138374329,0.02339576929807663,0.9999976754188538,0.45313122868537903,0.47657686471939087,-0.05933477729558945,2.7720890045166016,1.6711783246137202e-07,0.0016521215438842773,6.389454938471317e-07,0
0,74,11.311991691589355,0.6608037948608398,0.6608037948608398,2.6131529808044434,11.311989784240723,0.05841621996170293,0.9999980926513672,0.02207336202263832,0.9999979138374329,0.45313122868537903,0.47657686471939087,-0.05933477729558945,2.7720885276794434,9.800828593142796e-09,0.001393437385559082,4.927569534629583e-07,3
0,75,11.311989784240723,0.6612221002578735,0.6612221002578735,2.6132678985595703,11.311988830566406,0.05845320875192567,0.9999982118606567,0.021350542083382607,0.999998152256012,0.45366746187210083,0.47712865471839905,-0.05905429646372795,2.7720892429351807,-3.240074875066057e-09,0.001329958438873291,4.5006163418293e-07,1
0,76,11.311988830566406,0.661369264125824,0.661369264125824,2.6133315563201904,11.31198787689209,0.05846622322846727,0.9999984502792358,0.019710974767804146,0.9999982714653015,0.45419636368751526,0.47647517919540405,-0.05946476384997368,2.7720725536346436,3.540553734637797e-07,0.0013310909271240234,2.979359123855829e-07,2
0,77,11.31198787689209,0.6615976691246033,0.6615976691246033,2.613426923751831,11.311986923217773,0.058486419568756984,0.9999985694885254,0.01860315538942814,0.9999985098838806,0.45408764481544495,0.47577300667762756,-0.05953953415155411,2.772078275680542,4.1179009713232517e-07,0.0013546347618103027,4.076864570379257e-07,0
0,78,11.311986923217773,0.6616863012313843,0.6616863012313843,2.6137068271636963,11.31198501586914,0.05849425973727726,0.9999986290931702,0.01858149655163288,0.9999986886978149,0.45426902174949646,0.47625479102134705,-0.05896742269396782,2.7720956802368164,5.672336556017399e-07,0.0012965798377990723,1.486041583120823e-07,0
0,79,11.31198501586914,0.6616865992546082,0.6616865992546082,2.6139769554138184,11.311983108520508,0.05849429594596828,0.9999988079071045,0.01726207509636879,0.9999986290931702,0.45426902174949646,0.47625479102134705,-0.05896742269396782,2.772094964981079,1.8887931219069287e-09,0.0011980533599853516,1.1481461115181446e-07,3
0,80,11.311983108520508,0.6616587042808533,0.6616587042808533,2.6142709255218506,11.311982154846191,0.05849183984216464,0.999998927116394,0.015985364094376564,0.9999986886978149,0.45430266857147217,0.47516003251075745,-0.05911378562450409,2.7720947265625,-7.602466212119907e-09,0.0011121034622192383,-2.0954757928848267e-09,3
0,81,11.311982154846191,0.6622040271759033,0.6622040271759033,2.6145033836364746,11.311981201171875,0.05854005231896578,0.9999990463256836,0.014943171292543411,0.9999990463256836,0.4537034332752228,0.47485998272895813,-0.05902227386832237,2.772092342376709,2.2574567992705852e-08,0.0010237693786621094,1.5061232261359692e-07,2
0,82,11.311981201171875,0.6622752547264099,0.6622752547264099,2.614757776260376,11.311979293823242,0.058546353901100974,0.9999993443489075,0.013792023994028568,0.9999991655349731,0.4533538222312927,0.47424736618995667,-0.058925095945596695,2.7721056938171387,5.955371307209134e-07,0.0011439323425292969,1.617736415937543e-07,0
0,83,11.311979293823242,0.662275493144989,0.662275493144989,2.614976406097412,11.311978340148926,0.058546384849432656,0.9999994039535522,0.012917599640786648,0.9999992847442627,0.4533538222312927,0.47424736618995667,-0.058925095945596695,2.7721054553985596,-1.8599905615701573e-08,0.0010172724723815918,-3.943569026887417e-08,1
0,84,11.311978340148926,0.6617579460144043,0.6617579460144043,2.6149938106536865,11.31197738647461,0.058500637652891055,0.9999994039535522,0.011734460480511189,0.9999994039535522,0.4535946547985077,0.47350451350212097,-0.05913015455007553,2.7720844745635986,3.8401776691898704e-07,0.0009127259254455566,1.4551915228366852e-07,3
0,85,11.31197738647461,0.6624072790145874,0.6624072790145874,2.614823818206787,11.311976432800293,0.05855804483896934,0.9999995231628418,0.011409105733036995,0.9999995231628418,0.4532928168773651,0.4735233187675476,-0.05894453451037407,2.7720935344696045,3.482928150333464e-07,0.0009199380874633789,5.995389074087143e-08,0
0,86,11.311976432800293,0.6625070571899414,0.6625070571899414,2.6148598194122314,11.311975479125977,0.0585668703542319,0.999999463558197,0.011805878952145576,0.9999995827674866,0.4534485638141632,0.4734271168708801,-0.058233506977558136,2.7721121311187744,6.455375114455819e-07,0.0008881092071533203,2.5829649530351162e-08,1
0,87,11.311975479125977,0.6622868776321411,0.6622868776321411,2.6147825717926025,11.31197452545166,0.05854741100299069,0.9999996423721313,0.010421879589557648,0.999999463558197,0.45452848076820374,0.4727683961391449,-0.05801435187458992,2.7720961570739746,3.9534643292427063e-07,0.0006421208381652832,7.42365955375135e-08,3
0,88,11.31197452545166,0.6621716022491455,0.6621716022491455,2.6147749423980713,11.31197452545166,0.058537225376460666,0.9999996423721313,0.010242313146591187,0.9999996423721313,0.45494669675827026,0.47311389446258545,-0.05757378414273262,2.772094249725342,1.1818883649539202e-07,0.0004401206970214844,6.43121893517673e-08,2
0,89,11.31197452545166,0.6600214838981628,0.6600214838981628,2.6166791915893555,11.311973571777344,0.05834715083676426,0.9999960064888,0.03180749714374542,0.9999996423721313,0.45365050435066223,0.4770117998123169,-0.05716998502612114,2.7720837593078613,1.6535777831450105e-05,0.0037289857864379883,1.8964638002216816e-06,3
0,90,11.311973571777344,0.659472644329071,0.659472644329071,2.617934465408325,11.311972618103027,0.05829863729300194,0.9999969601631165,0.027630122378468513,0.9999963641166687,0.4530107080936432,0.47583261132240295,-0.057056229561567307,2.7720932960510254,2.632987161632627e-07,0.0031461119651794434,1.7494894564151764e-06,2
0,91,11.311972618103027,0.6604086756706238,0.6604086756706238,2.6186318397521973,11.311973571777344,0.058381389167592564,0.9999977350234985,0.02404278889298439,0.9999973773956299,0.4532775282859802,0.4770144522190094,-0.057131197303533554,2.7720870971679688,2.589549694675952e-07,0.002897799015045166,1.3870303519070148e-06,1
0,92,11.311973571777344,0.6602556705474854,0.6602556705474854,2.6189308166503906,11.311973571777344,0.05836785830147105,0.9999980926513672,0.0220809206366539,0.9999980926513672,0.45315754413604736,0.4768122732639313,-0.05705765634775162,2.7720842361450195,1.3636963558383286e-08,0.0026069283485412598,9.926152415573597e-07,2
0,93,11.311973571777344,0.6594468951225281,0.6594468951225281,2.618950605392456,11.311973571777344,0.05829636101412102,0.9999982714653015,0.020950816571712494,0.9999984502792358,0.4527595639228821,0.4763905107975006,-0.05775584280490875,2.7720866203308105,1.5490877558477223e-07,0.0025209784507751465,9.150826372206211e-07,0
0,94,11.311973571777344,0.6595407128334045,0.6595407128334045,2.6188395023345947,11.31197452545166,0.05830465467837697,0.9999986290931702,0.019266711547970772,0.9999985694885254,0.4519346356391907,0.47610780596733093,-0.05829789489507675,2.772071599960327,7.503622327931225e-07,0.002160191535949707,6.196205504238605e-07,0
0,95,11.31197452545166,0.6592244505882263,0.6592244505882263,2.6185433864593506,11.311976432800293,0.05827669158067743,0.9999988079071045,0.01781676523387432,0.9999988675117493,0.4512118101119995,0.47626176476478577,-0.05846184864640236,2.772068977355957,1.1584234016481787e-08,0.0017361640930175781,4.3510226532816887e-07,3
0,96,11.311976432800293,0.6608423590660095,0.6608423590660095,2.6179797649383545,11.311978340148926,0.058419707907967876,0.999998927116394,0.016161847859621048,0.9999990463256836,0.4511360824108124,0.476294606924057,-0.058818746358156204,2.772055149078369,3.111272235400975e-07,0.001250624656677246,3.6662095226347446e-07,0
0,97,11.311978340148926,0.6607406139373779,0.6607406139373779,2.617325782775879,11.311980247497559,0.058410703598348566,0.9999990463256836,0.01543810497969389,0.9999993443489075,0.4511086046695709,0.4749206006526947,-0.059252239763736725,2.7720627784729004,6.36260665487498e-07,0.0011466741561889648,1.9793515093624592e-07,0
0,98,11.311980247497559,0.659884512424469,0.659884512424469,2.6167328357696533,11.311982154846191,0.0583350127905721,0.9999991655349731,0.014323866926133633,0.9999992847442627,0.4493592083454132,0.47625017166137695,-0.05936763435602188,2.772064208984375,1.1695374269038439e-07,0.0013480186462402344,1.551816239953041e-07,1
0,99,11.311982154846191,0.6603655815124512,0.6603655815124512,2.6162123680114746,11.311983108520508,0.058377530345514426,0.9999994039535522,0.013154149986803532,0.9999994039535522,0.4513961672782898,0.4752846360206604,-0.059799108654260635,2.7720561027526855,2.4107430363073945e-07,0.0010510683059692383,2.1187588572502136e-08,1
0,100,11.311983108520508,0.6604095101356506,0.6604095101356506,2.6159119606018066,11.311984062194824,0.05838140879455622,0.9999995231628418,0.011753760278224945,0.9999995231628418,0.4513249099254608,0.4759891629219055,-0.06022799015045166,2.772037982940674,4.616922524292022e-07,0.0008960962295532227,1.1662632459774613e-07,3
0,101,11.311984062194824,0.6599505543708801,0.6599505543708801,2.615680694580078,11.311985969543457,0.05834083134686032,0.9999995231628418,0.011309723369777203,0.9999996423721313,0.4509097933769226,0.4749422073364258,-0.06048760190606117,2.7720437049865723,1.8467471818439662e-07,0.0009791851043701172,9.371433407068253e-09,0
0,102,11.311985969543457,0.6599299311637878,0.6599299311637878,2.615342617034912,11.311985969543457,0.05833899838106165,0.9999995827674866,0.01076213363558054,0.9999996423721313,0.44914019107818604,0.47616615891456604,-0.06102106720209122,2.772052764892578,4.955290933139622e-07,0.00046062469482421875,4.762114258483052e-08,2
0,103,11.311985969543457,0.6603015065193176,0.6603015065193176,2.615079402923584,11.31198787689209,0.05837184631391183,0.999999463558197,0.011277467012405396,0.9999996423721313,0.4508720338344574,0.4746221601963043,-0.06133101508021355,2.7720420360565186,2.3446227714885026e-07,0.0006247758865356445,2.2804670152254403e-08,1
0,104,11.31198787689209,0.6606413125991821,0.6606413125991821,2.6150147914886475,11.31198787689209,0.058401875938068094,0.999999463558197,0.010810806415975094,0.9999996423721313,0.45095527172088623,0.47576695680618286,-0.06142086908221245,2.7720303535461426,4.80686139781028e-07,0.0005408525466918945,4.748289939016104e-08,3
0,105,11.31198787689209,0.6601830720901489,0.6601830720901489,2.6151034832000732,11.31198787689209,0.058361366655878245,0.9999995827674866,0.01065085269510746,0.9999996423721313,0.45037174224853516,0.4746857285499573,-0.061407677829265594,2.7720327377319336,2.0188144844723865e-07,0.000630497932434082,2.4674227461218834e-07,3
0,106,11.31198787689209,0.6602618098258972,0.6602618098258972,2.6153597831726074,11.31198787689209,0.05836832721282059,0.9999995231628418,0.010924698784947395,0.9999995827674866,0.4504493772983551,0.47493472695350647,-0.06162731721997261,2.772047996520996,4.2750616557896137e-07,0.0004623532295227051,-4.5394699554890394e-08,0
0,107,11.31198787689209,0.6602292060852051,0.6602292060852051,2.615615129470825,11.31198787689209,0.05836544498371577,0.9999995231628418,0.010969789698719978,0.9999995827674866,0.45057976245880127,0.4761275351047516,-0.06143059581518173,2.7720727920532227,8.990027708932757e-07,0.0006586909294128418,1.9047001842409372e-07,2
0,108,11.31198787689209,0.6602774858474731,0.6602774858474731,2.6158838272094727,11.311986923217773,0.058369713001220166,0.9999996423721313,0.00994920078665018,0.9999995231628418,0.4494372606277466,0.4759909510612488,-0.061415400356054306,2.772073745727539,1.6792387214081828e-07,0.0005015134811401367,2.763408701866865e-08,2
0,109,11.311986923217773,0.6612042188644409,0.6612042188644409,2.6159775257110596,11.31198787689209,0.058451642788529386,0.9999996423721313,0.009203806519508362,0.9999996423721313,0.4505486786365509,0.4739932417869568,-0.06168518215417862,2.772068500518799,1.1755309969885275e-07,0.000330507755279541,3.019522409886122e-08,0
0,110,11.31198787689209,0.6607646942138672,0.6607646942138672,2.6160871982574463,11.311986923217773,0.05841278309391266,0.9999995827674866,0.008592512458562851,0.9999995231628418,0.4474814534187317,0.4742502272129059,-0.061698008328676224,2.772080898284912,9.794093784876168e-07,0.000630497932434082,1.1219526641070843e-08,2
0,111,11.311986923217773,0.6603832244873047,0.6603832244873047,2.6160776615142822,11.311986923217773,0.058379065408206296,0.9999997019767761,0.00847491342574358,0.9999996423721313,0.44733771681785583,0.474724143743515,-0.06148920953273773,2.7720816135406494,7.585185812786222e-09,0.0008890032768249512,1.2297823559492826e-07,1
0,112,11.311986923217773,0.6616737842559814,0.6616737842559814,2.615908622741699,11.31198787689209,0.05849315321412728,0.9999997019767761,0.008924680761992931,0.9999997615814209,0.4497116208076477,0.4746371805667877,-0.061639245599508286,2.772087574005127,3.349559847265482e-07,0.0009449124336242676,8.268398232758045e-08,1
0,113,11.31198787689209,0.6616816520690918,0.6616816520690918,2.6158971786499023,11.311986923217773,0.05849384381155166,0.9999996423721313,0.009164483286440372,0.9999997615814209,0.4502062499523163,0.47451040148735046,-0.06156522408127785,2.7720766067504883,6.154514267109334e-07,0.0009933710098266602,1.3361568562686443e-07,0
0,114,11.311986923217773,0.6614589095115662,0.6614589095115662,2.6157665252685547,11.311986923217773,0.058474157900052594,0.9999995827674866,0.009796014055609703,0.9999997019767761,0.45137837529182434,0.4742427170276642,-0.06105048581957817,2.7720892429351807,4.902249202132225e-07,0.0011432170867919922,2.307788236066699e-07,2
0,115,11.311986923217773,0.661335825920105,0.661335825920105,2.6156461238861084,11.311986923217773,0.05846327708907777,0.9999995231628418,0.010219280607998371,0.9999996423721313,0.45180562138557434,0.47485020756721497,-0.06064210832118988,2.772092342376709,2.4528344511054456e-07,0.0012652277946472168,1.3847602531313896e-07,1
0,116,11.311986923217773,0.6615274548530579,0.6615274548530579,2.6156814098358154,11.31198501586914,0.058480217431588204,0.9999995827674866,0.01081742811948061,0.9999996423721313,0.4522179961204529,0.47536271810531616,-0.060749176889657974,2.7720799446105957,5.637339199893177e-07,0.0012105107307434082,2.9717921279370785e-07,2
0,117,11.31198501586914,0.6606689095497131,0.6606689095497131,2.6157662868499756,11.311984062194824,0.05840433032954752,0.999999463558197,0.012440944090485573,0.9999996423721313,0.4535239040851593,0.47599801421165466,-0.06041260436177254,2.77207612991333,1.9167418940924108e-07,0.0009738802909851074,1.7203274182975292e-07,2
0,118,11.311984062194824,0.6610231399536133,0.6610231399536133,2.6157193183898926,11.311983108520508,0.058435649866479505,0.9999995231628418,0.011286071501672268,0.9999996423721313,0.4518481492996216,0.4754798710346222,-0.0605236291885376,2.7720794677734375,1.237131073139608e-07,0.0011157989501953125,1.0922667570412159e-07,0
0,119,11.311983108520508,0.6606714129447937,0.6606714129447937,2.615802764892578,11.311981201171875,0.05840456148198782,0.9999995231628418,0.011666348204016685,0.9999996423721313,0.4525447189807892,0.4759849011898041,-0.060212984681129456,2.77207612991333,1.5380283002741635e-07,0.001056671142578125,2.172600943595171e-07,3
0,120,11.311981201171875,0.6604135036468506,0.6604135036468506,2.6160528659820557,11.311981201171875,0.05838177167218369,0.9999993443489075,0.013142152689397335,0.9999996423721313,0.4549059569835663,0.4765876233577728,-0.059498123824596405,2.772071361541748,2.8485374059528112e-08,0.0009149909019470215,7.302151061594486e-08,3
0,121,11.311981201171875,0.6618638038635254,0.6618638038635254,2.6162948608398438,11.311979293823242,0.05850998088601482,0.9999994039535522,0.01252051256597042,0.999999463558197,0.4551849365234375,0.4767783284187317,-0.05945241451263428,2.7720746994018555,1.2237069313414395e-07,0.0010492801666259766,1.918815542012453e-07,1
0,122,11.311979293823242,0.6620945334434509,0.6620945334434509,2.616560697555542,11.311978340148926,0.05853038767538931,0.9999994039535522,0.012116515077650547,0.9999995231628418,0.4550347626209259,0.47611358761787415,-0.0595070980489254,2.772080183029175,4.69539372716099e-07,0.0009226202964782715,1.8146238289773464e-07,3
0,123,11.311978340148926,0.6612235903739929,0.6612235903739929,2.6169216632843018,11.31197738647461,0.058453399616860274,0.9999994039535522,0.011769610457122326,0.9999995231628418,0.45536911487579346,0.4750021994113922,-0.059519149363040924,2.7720837593078613,6.903428584337234e-08,0.000610053539276123,1.358712324872613e-07,2
0,124,11.31197738647461,0.662127673625946,0.662127673625946,2.617288589477539,11.311976432800293,0.05853332719862331,0.9999995231628418,0.010918053798377514,0.9999996423721313,0.4552925229072571,0.4748074412345886,-0.059654299169778824,2.7720818519592285,1.0244821169180796e-07,0.0008305907249450684,-2.5756889954209328e-09,1
0,125,11.311976432800293,0.6626954078674316,0.6626954078674316,2.6176018714904785,11.311976432800293,0.058583520908501455,0.999999463558197,0.010301354341208935,0.9999996423721313,0.45471280813217163,0.4744604229927063,-0.05957125127315521,2.772080183029175,2.0911102183163166e-08,0.0007793903350830078,9.478389983996749e-08,1
0,126,11.311976432800293,0.6627796292304993,0.6627796292304993,2.617940664291382,11.31197452545166,0.05859096623545806,0.9999995231628418,0.009821884334087372,0.9999996423721313,0.4543893039226532,0.47381848096847534,-0.059472981840372086,2.772092819213867,6.170375854708254e-07,0.0009341239929199219,3.166496753692627e-08,1
0,127,11.31197452545166,0.6623077392578125,0.6623077392578125,2.61818528175354,11.311973571777344,0.05854926014619611,0.9999996423721313,0.009295569732785225,0.9999996423721313,0.45448288321495056,0.4737299680709839,-0.05930320546030998,2.772087574005127,1.4385250324266963e-08,0.0008392333984375,9.677023626863956e-08,1
0,128,11.311973571777344,0.6629674434661865,0.6629674434661865,2.6181998252868652,11.311973571777344,0.05860758419028208,0.9999996423721313,0.009216396138072014,0.9999996423721313,0.45416292548179626,0.47377076745033264,-0.059151530265808105,2.7720956802368164,3.54346411768347e-07,0.0008448362350463867,6.193295121192932e-08,3
0,129,11.311973571777344,0.6620702147483826,0.6620702147483826,2.618326425552368,11.311972618103027,0.05852826746344296,0.9999996423721313,0.00918861199170351,0.9999997019767761,0.4544716477394104,0.47217777371406555,-0.05879022926092148,2.7720999717712402,4.571302270051092e-07,0.0005426406860351562,8.758797775954008e-08,0
0,130,11.311972618103027,0.6620654463768005,0.6620654463768005,2.618351936340332,11.311971664428711,0.05852785086460245,0.9999996423721313,0.010771620087325573,0.9999998211860657,0.45382601022720337,0.47370195388793945,-0.05775729939341545,2.7721145153045654,3.6298297345638275e-07,0.0008169412612915039,7.159542292356491e-08,1
0,131,11.311971664428711,0.6617435812950134,0.6617435812950134,2.61858868598938,11.311972618103027,0.05849940230807973,0.9999997019767761,0.009468919597566128,0.9999995827674866,0.45571500062942505,0.4724602997303009,-0.05779308080673218,2.7720959186553955,5.571055226027966e-07,0.0005715489387512207,-5.0982635002583265e-08,1
1,0,0.0,0.6599370837211609,0.6599370837211609,2.679316759109497,11.308902740478516,659937083.7211609,nan,nan,nan,0.4527873396873474,0.476523220539093,-0.05681651458144188,2.7725870609283447,nan,nan,nan,2
1,1,11.308902740478516,0.6589303016662598,0.6589303016662598,2.7106683254241943,11.309344291687012,0.05826651062332669,0.9796327352523804,2.282496929168701,0.1907840073108673,0.45253804326057434,0.47619926929473877,-0.05706281214952469,2.772286891937256,7.5465468398761e-05,0.05144663155078888,0.0007463288493454456,0
1,2,11.309344291687012,0.6590161323547363,0.6590161323547363,2.686798334121704,11.30974292755127,0.05827182508177325,0.9855783581733704,1.9207391738891602,0.9756186008453369,0.4524917006492615,0.4763142466545105,-0.05699186027050018,2.7723348140716553,5.774963938165456e-06,0.043585628271102905,0.00017659133300185204,3
1,3,11.30974292755127,0.6600403785705566,0.6600403785705566,2.641497850418091,11.310075759887695,0.058360334341698905,0.9901146292686462,1.590265154838562,0.9840543866157532,0.45230865478515625,0.47630569338798523,-0.05671136453747749,2.772362232208252,5.830770533066243e-06,0.05334428697824478,9.02859028428793e-05,0
1,4,11.310075759887695,0.6603903770446777,0.6603903770446777,2.5921630859375,11.310342788696289,0.058389562639961944,0.9931818246841431,1.320749282836914,0.9897738099098206,0.4517196714878082,0.47502079606056213,-0.057385798543691635,2.7723617553710938,4.372122930362821e-06,0.0621512234210968,0.00014868169091641903,1
1,5,11.310342788696289,0.6604781150817871,0.6604781150817871,2.547675132751465,11.310558319091797,0.058395941433523835,0.9951444864273071,1.1145817041397095,0.9932737350463867,0.4509878158569336,0.475738525390625,-0.05780581012368202,2.7723326683044434,3.9312581066042185e-06,0.06439045071601868,0.0001816553995013237,2
1,6,11.310558319091797,0.6589586138725281,0.6589586138725281,2.5118567943573,11.310733795166016,0.058260485051408184,0.9963905811309814,0.9609913229942322,0.9953614473342896,0.4503253400325775,0.47569745779037476,-0.05815454199910164,2.77229642868042,2.423061232548207e-06,0.06315812468528748,0.00017226836644113064,0
1,7,11.310733795166016,0.6593432426452637,0.6593432426452637,2.486227512359619,11.310882568359375,0.05829358683404378,0.9971888661384583,0.8480965495109558,0.9966177940368652,0.4502953886985779,0.47553449869155884,-0.058695077896118164,2.772251605987549,1.7049460439011455e-06,0.05897966027259827,0.00013632839545607567,0
1,8,11.310882568359375,0.6592636704444885,0.6592636704444885,2.470796823501587,11.311009407043457,0.05828578507999784,0.9977103471755981,0.7654274106025696,0.9974005818367004,0.45038333535194397,0.47516870498657227,-0.059044864028692245,2.772204875946045,1.292592060053721e-06,0.053472936153411865,9.77138988673687e-05,1
1,9,11.311009407043457,0.6589609980583191,0.6589609980583191,2.4641811847686768,11.311121940612793,0.058258372382572574,0.998062014579773,0.7041990756988525,0.9979051351547241,0.4509224593639374,0.47524529695510864,-0.05940882861614227,2.7721619606018066,8.171664376277477e-07,0.04758405685424805,6.70342706143856e-05,1
1,10,11.311121940612793,0.6589135527610779,0.6589135527610779,2.464550495147705,11.3112211227417,0.05825359820366153,0.9983142018318176,0.6567931771278381,0.9982450604438782,0.4506586194038391,0.4754594564437866,-0.059636276215314865,2.7721199989318848,8.821007213555276e-07,0.04123756289482117,4.456471651792526e-05,2
1,11,11.3112211227417,0.6597096920013428,0.6597096920013428,2.4699912071228027,11.311308860778809,0.05832347231502423,0.9985023140907288,0.6190834641456604,0.9984874725341797,0.4487854242324829,0.4746916592121124,-0.05997259542346001,2.772089719772339,4.314251782489009e-07,0.03466951847076416,2.9438873752951622e-05,1
1,12,11.311308860778809,0.6600810885429382,0.6600810885429382,2.4788818359375,11.311386108398438,0.05835585401011587,0.9986603856086731,0.5854942202568054,0.9986666440963745,0.4486351013183594,0.4746740460395813,-0.06049499660730362,2.7720632553100586,3.426321200095117e-07,0.029856473207473755,2.00511422008276e-05,1
1,13,11.311386108398438,0.6598513722419739,0.6598513722419739,2.48990535736084,11.311453819274902,0.05833514707380113,0.9987924098968506,0.5558999180793762,0.998810887336731,0.4483991861343384,0.4743932783603668,-0.0609392449259758,2.7720417976379395,3.486493369564414e-07,0.028544127941131592,1.4632707461714745e-05,1
1,14,11.311453819274902,0.6596834063529968,0.6596834063529968,2.5022857189178467,11.31151294708252,0.058319948690316495,0.9989073276519775,0.5287637114524841,0.9989275932312012,0.44822776317596436,0.4743279814720154,-0.061133965849876404,2.772024393081665,3.580789780244231e-07,0.02670949697494507,1.2569944374263287e-05,3
1,15,11.31151294708252,0.6593163013458252,0.6593163013458252,2.515421152114868,11.311562538146973,0.058287189735823704,0.9990092515945435,0.5034985542297363,0.999026894569397,0.44999077916145325,0.474866658449173,-0.0614103265106678,2.77201247215271,2.964625309687108e-07,0.024691671133041382,1.2520118616521358e-05,3
1,16,11.311562538146973,0.6608386039733887,0.6608386039733887,2.5289106369018555,11.311606407165527,0.058421513539335064,0.9990996718406677,0.47999700903892517,0.9991123676300049,0.4496089220046997,0.47500213980674744,-0.06146544590592384,2.7719926834106445,6.225673132576048e-07,0.022257894277572632,1.5158555470407009e-05,1
1,17,11.311606407165527,0.6610696911811829,0.6610696911811829,2.542478322982788,11.311641693115234,0.05844171617944708,0.9991776943206787,0.4587079882621765,0.9991921186447144,0.44983863830566406,0.4748828709125519,-0.06151459366083145,2.771993637084961,3.786699380725622e-07,0.02004435658454895,1.8652237486094236e-05,1
1,18,11.311641693115234,0.6610118746757507,0.6610118746757507,2.555925130844116,11.31167221069336,0.058436422635104485,0.9992476105690002,0.4387712776660919,0.9992591142654419,0.4500252604484558,0.4752993583679199,-0.06148219853639603,2.7719972133636475,3.282475518062711e-07,0.01803731918334961,2.184300683438778e-05,1
1,19,11.31167221069336,0.6608291864395142,0.6608291864395142,2.5690951347351074,11.311697006225586,0.05842011456226665,0.9993094205856323,0.420386403799057,0.9993181228637695,0.450242817401886,0.4747276306152344,-0.06144169345498085,2.7719922065734863,3.288623702246696e-07,0.01604825258255005,2.4255947209894657e-05,0
1,20,11.311697006225586,0.6611637473106384,0.6611637473106384,2.581521987915039,11.311717987060547,0.058449563044939735,0.9993651509284973,0.40305641293525696,0.999369740486145,0.44941237568855286,0.4732564389705658,-0.06165478378534317,2.772007942199707,8.628594514448196e-07,0.014713466167449951,2.4381792172789574e-05,0
1,21,11.311717987060547,0.660743772983551,0.660743772983551,2.593426465988159,11.311734199523926,0.0584123272644681,0.9994193911552429,0.3854654133319855,0.9994176626205444,0.4463260769844055,0.4734562933444977,-0.06172478199005127,2.772002696990967,4.365792847238481e-07,0.013951301574707031,2.2991327568888664e-05,3
1,22,11.311734199523926,0.6606231927871704,0.6606231927871704,2.6042866706848145,11.311749458312988,0.0584015838009148,0.9994688034057617,0.3686865270137787,0.9994638562202454,0.4485471546649933,0.4750926196575165,-0.06149006634950638,2.771984577178955,7.694034138694406e-07,0.012819409370422363,2.0709587261080742e-05,1
1,23,11.311749458312988,0.6610991954803467,0.6610991954803467,2.61409330368042,11.311758995056152,0.058443585399118425,0.9995147585868835,0.35238778591156006,0.9995052814483643,0.4466853439807892,0.4751151204109192,-0.06157972663640976,2.772007942199707,9.629620763007551e-07,0.011493414640426636,1.8134363926947117e-05,2
1,24,11.311758995056152,0.6616638898849487,0.6616638898849487,2.622736692428589,11.311767578125,0.05849345713377835,0.9995535612106323,0.3380545377731323,0.999548077583313,0.44919344782829285,0.4731467664241791,-0.06148607283830643,2.7720022201538086,3.4480763133615255e-07,0.009944111108779907,1.4263787306845188e-05,0
1,25,11.311767578125,0.6609142422676086,0.6609142422676086,2.6302459239959717,11.311776161193848,0.05842714126709095,0.9995945692062378,0.322100430727005,0.9995807409286499,0.44786691665649414,0.4745071232318878,-0.06098269298672676,2.772001028060913,1.9007165974471718e-07,0.008876591920852661,1.0259449481964111e-05,3
1,26,11.311776161193848,0.6610468029975891,0.6610468029975891,2.636446952819824,11.31178092956543,0.058438815759577586,0.9996331334114075,0.3064109683036804,0.999617338180542,0.4505918323993683,0.47622743248939514,-0.06069730222225189,2.7719857692718506,7.211347110569477e-07,0.007651269435882568,7.729628123342991e-06,3
1,27,11.31178092956543,0.6604077816009521,0.6604077816009521,2.6415741443634033,11.311785697937012,0.05838229945515073,0.9996687173843384,0.2911478281021118,0.9996515512466431,0.4497206509113312,0.4752615690231323,-0.06053628772497177,2.7720084190368652,3.139084583381191e-07,0.006571948528289795,5.211681127548218e-06,1
1,28,11.311785697937012,0.6610457897186279,0.6610457897186279,2.6454577445983887,11.311788558959961,0.0584386769136889,0.9996998310089111,0.27715152502059937,0.9996860027313232,0.4517568051815033,0.4756161868572235,-0.06053001061081886,2.77201247215271,2.3241773305926472e-07,0.0056923627853393555,3.3051474019885063e-06,1
1,29,11.311788558959961,0.6605686545372009,0.6605686545372009,2.648318290710449,11.311789512634277,0.05839648178483417,0.9997296333312988,0.2630734145641327,0.9997145533561707,0.45148685574531555,0.47383493185043335,-0.060680583119392395,2.7719969749450684,8.744100341573358e-07,0.005582153797149658,2.244836650788784e-06,1
1,30,11.311789512634277,0.6602392196655273,0.6602392196655273,2.650175094604492,11.311792373657227,0.0583673537178267,0.9997585415840149,0.24861256778240204,0.9997410178184509,0.4521286189556122,0.4742780029773712,-0.06038003787398338,2.771998167037964,1.7095953808166087e-07,0.005553632974624634,1.4277175068855286e-06,0
1,31,11.311792373657227,0.660764217376709,0.660764217376709,2.6510002613067627,11.311795234680176,0.05841375049594167,0.9997859597206116,0.2340223789215088,0.9997679591178894,0.4531751573085785,0.4762124717235565,-0.05965787544846535,2.7720236778259277,4.735120455734432e-07,0.005588948726654053,1.3359240256249905e-06,1
1,32,11.311795234680176,0.6608909368515015,0.6608909368515015,2.651210069656372,11.311797142028809,0.05842493814114619,0.9998098611831665,0.22056588530540466,0.999794602394104,0.4530845880508423,0.4749176800251007,-0.059953849762678146,2.7720088958740234,6.238478817977011e-07,0.0052678585052490234,1.1814117897301912e-06,2
1,33,11.311797142028809,0.6612640023231506,0.6612640023231506,2.6506032943725586,11.311800003051758,0.0584579085021101,0.999832808971405,0.2068440020084381,0.9998155236244202,0.45371881127357483,0.4740998148918152,-0.05985718593001366,2.7720227241516113,7.62716808822006e-07,0.004715085029602051,9.982031770050526e-07,2
1,34,11.311800003051758,0.6622186303138733,0.6622186303138733,2.649461507797241,11.311802864074707,0.05854228594345873,0.9998525381088257,0.19432446360588074,0.9998370409011841,0.4538324475288391,0.4747290313243866,-0.059912070631980896,2.772027015686035,7.54385837353766e-07,0.004814893007278442,1.4657707652077079e-06,1
1,35,11.311802864074707,0.6622173190116882,0.6622173190116882,2.6478958129882812,11.311807632446289,0.05854215521336854,0.999870777130127,0.18188847601413727,0.9998547434806824,0.45388129353523254,0.4736819267272949,-0.06001856178045273,2.7720322608947754,4.085177351953462e-08,0.004779636859893799,1.6787089407444e-06,0
1,36,11.311807632446289,0.6626241207122803,0.6626241207122803,2.645812749862671,11.311812400817871,0.05857809310791659,0.9998873472213745,0.16977278888225555,0.9998716115951538,0.4535646438598633,0.47294825315475464,-0.05963898450136185,2.7720494270324707,6.176524038892239e-07,0.004863142967224121,2.2355816327035427e-06,3
1,37,11.311812400817871,0.6621027588844299,0.6621027588844299,2.643617630004883,11.311817169189453,0.05853197838010099,0.9999028444290161,0.15759237110614777,0.999887228012085,0.451306015253067,0.47343388199806213,-0.059480778872966766,2.772073984146118,5.57716703042388e-07,0.004772961139678955,2.291635610163212e-06,2
1,38,11.311817169189453,0.662226676940918,0.662226676940918,2.6411960124969482,11.311823844909668,0.05854290845016988,0.9999152421951294,0.14724600315093994,0.9999022483825684,0.45324528217315674,0.47216224670410156,-0.0593523345887661,2.772066116333008,2.385422703810036e-07,0.005011856555938721,2.7431815396994352e-06,0
1,39,11.311823844909668,0.6622721552848816,0.6622721552848816,2.6385257244110107,11.311829566955566,0.05854689432623234,0.9999265670776367,0.13706544041633606,0.9999138712882996,0.45076432824134827,0.47338151931762695,-0.058931250125169754,2.7720820903778076,4.014727892354131e-07,0.005006849765777588,3.0641094781458378e-06,1
1,40,11.311829566955566,0.6629183888435364,0.6629183888435364,2.6360065937042236,11.311837196350098,0.058603993714692465,0.9999366402626038,0.12733778357505798,0.9999253749847412,0.45320478081703186,0.47138795256614685,-0.058839377015829086,2.772088050842285,3.778550308197737e-07,0.004756808280944824,3.0341034289449453e-06,1
1,41,11.311837196350098,0.6628674864768982,0.6628674864768982,2.6337060928344727,11.311844825744629,0.05859945426820504,0.9999451637268066,0.11841997504234314,0.9999352693557739,0.4538901150226593,0.4718497693538666,-0.05867313593626022,2.7720799446105957,4.870198608841747e-07,0.004830837249755859,3.2748503144830465e-06,0
1,42,11.311844825744629,0.6625978350639343,0.6625978350639343,2.6314187049865723,11.311853408813477,0.058575576775587286,0.9999529123306274,0.10988527536392212,0.9999437928199768,0.4544655978679657,0.4716114103794098,-0.057934727519750595,2.772092342376709,6.446716724894941e-07,0.004510045051574707,2.8460053727030754e-06,1
1,43,11.311853408813477,0.6601682901382446,0.6601682901382446,2.6309947967529297,11.311859130859375,0.058360753651906724,0.9999597668647766,0.10154329985380173,0.9999513626098633,0.4531265199184418,0.4771859049797058,-0.05679653584957123,2.7720699310302734,1.4616467524319887e-05,0.003313004970550537,8.686038199812174e-07,3
1,44,11.311859130859375,0.659616231918335,0.659616231918335,2.6301419734954834,11.311867713928223,0.058311920639010216,0.9999655485153198,0.09391102194786072,0.9999549984931946,0.45247113704681396,0.4759889543056488,-0.056699611246585846,2.7720813751220703,2.716915332712233e-07,0.003628253936767578,8.058559615164995e-07,0
1,45,11.311867713928223,0.6599351763725281,0.6599351763725281,2.628887176513672,11.311874389648438,0.05834007195469185,0.9999706745147705,0.08679843693971634,0.9999617338180542,0.4507661759853363,0.4776358902454376,-0.0568796806037426,2.772099494934082,5.849142326042056e-07,0.0031911134719848633,8.778006304055452e-07,0
1,46,11.311874389648438,0.6600780487060547,0.6600780487060547,2.627417802810669,11.311884880065918,0.05835266782223961,0.9999743700027466,0.08112408220767975,0.9999670386314392,0.45278364419937134,0.47856396436691284,-0.056293290108442307,2.77207612991333,5.070687620900571e-07,0.0034117698669433594,9.005307219922543e-07,0
1,47,11.311884880065918,0.6600188612937927,0.6600188612937927,2.625863790512085,11.311893463134766,0.05834738138618208,0.9999781250953674,0.07484286278486252,0.9999712705612183,0.4509815275669098,0.47548171877861023,-0.05750792846083641,2.7720892429351807,9.103496267925948e-08,0.0033736228942871094,9.265786502510309e-07,1
1,48,11.311893463134766,0.6605672836303711,0.6605672836303711,2.624440908432007,11.31190299987793,0.05839581903623356,0.9999805688858032,0.07062852382659912,0.999975860118866,0.45150530338287354,0.47800788283348083,-0.057338692247867584,2.7720632553100586,7.372291292995214e-07,0.0029305219650268555,9.10396920517087e-07,3
1,49,11.31190299987793,0.6595132350921631,0.6595132350921631,2.6231820583343506,11.311911582946777,0.05830258932553436,0.9999832510948181,0.06546491384506226,0.9999781847000122,0.4491267502307892,0.4767681062221527,-0.057754795998334885,2.772078037261963,1.2626696843653917e-07,0.0029706954956054688,1.0449730325490236e-06,1
1,50,11.311911582946777,0.6601075530052185,0.6601075530052185,2.6218457221984863,11.311922073364258,0.0583550842105556,0.9999854564666748,0.06100238859653473,0.9999816417694092,0.4497790038585663,0.47618451714515686,-0.05869157239794731,2.7720718383789062,6.83940015733242e-07,0.0032318830490112305,1.4591205399483442e-06,2
1,51,11.311922073364258,0.660312831401825,0.660312831401825,2.6205832958221436,11.311929702758789,0.05837317717708097,0.9999873042106628,0.05699620768427849,0.9999845027923584,0.4487246870994568,0.476495623588562,-0.05883929878473282,2.7720696926116943,2.1433879737742245e-07,0.0029371976852416992,1.053995219990611e-06,2
1,52,11.311929702758789,0.6605525612831116,0.6605525612831116,2.6194088459014893,11.311938285827637,0.058394330467065575,0.9999889135360718,0.05317486822605133,0.9999862909317017,0.4510716497898102,0.47500482201576233,-0.05941881239414215,2.772069215774536,1.32527929963544e-07,0.0033622384071350098,1.4964316505938768e-06,0
1,53,11.311938285827637,0.659917950630188,0.659917950630188,2.618332624435425,11.311945915222168,0.058338185194749335,0.9999901056289673,0.050371453166007996,0.999988317489624,0.4484991729259491,0.4764676094055176,-0.0594196692109108,2.7720601558685303,2.015840436797589e-07,0.003428518772125244,1.6088015399873257e-06,2
1,54,11.311945915222168,0.6599410772323608,0.6599410772323608,2.617431879043579,11.311952590942383,0.05834019028894902,0.9999912977218628,0.047346390783786774,0.9999895095825195,0.448309063911438,0.47612062096595764,-0.05992503836750984,2.77205753326416,3.0760020308662206e-08,0.0033699870109558105,1.6908743418753147e-06,1
1,55,11.311952590942383,0.6608653664588928,0.6608653664588928,2.616689920425415,11.311958312988281,0.058421864938512535,0.9999923706054688,0.044290296733379364,0.9999908208847046,0.4505567252635956,0.47493770718574524,-0.06061264127492905,2.7720556259155273,1.0118492355104536e-07,0.0029944777488708496,1.354783307760954e-06,1
1,56,11.311958312988281,0.6606151461601257,0.6606151461601257,2.6161324977874756,11.31196403503418,0.058399715405741355,0.999993085861206,0.0420520156621933,0.9999920725822449,0.4504205584526062,0.4756092131137848,-0.060999203473329544,2.7720437049865723,4.169232852291316e-07,0.002988100051879883,1.5135155990719795e-06,0
1,57,11.31196403503418,0.6603963971138,0.6603963971138,2.615565299987793,11.311968803405762,0.05838034801635617,0.9999939203262329,0.03978864476084709,0.9999929666519165,0.4502233564853668,0.47456634044647217,-0.061206866055727005,2.772049903869629,5.754991434514523e-07,0.002807140350341797,1.4219549484550953e-06,0
1,58,11.311968803405762,0.6601420044898987,0.6601420044898987,2.6150922775268555,11.311973571777344,0.05835783460533818,0.9999943375587463,0.038202106952667236,0.9999936819076538,0.4478469789028168,0.47590821981430054,-0.06123599037528038,2.7720508575439453,8.90186129254289e-08,0.002884209156036377,1.789303496479988e-06,1
1,59,11.311973571777344,0.6610755920410156,0.6610755920410156,2.6148314476013184,11.31197738647461,0.058440340922503324,0.9999949932098389,0.036148734390735626,0.9999940395355225,0.44999223947525024,0.4747004210948944,-0.061488356441259384,2.772045373916626,1.3784392649540678e-07,0.0023746490478515625,1.3379030860960484e-06,3
1,60,11.31197738647461,0.6606783866882324,0.6606783866882324,2.6147632598876953,11.311980247497559,0.05840520751731573,0.9999953508377075,0.034650769084692,0.9999945163726807,0.4483477771282196,0.47600504755973816,-0.06142717972397804,2.772066593170166,5.12060069013387e-07,0.002331674098968506,1.3050157576799393e-06,3
1,61,11.311980247497559,0.6603310108184814,0.6603310108184814,2.614955186843872,11.311981201171875,0.058374484075373115,0.9999959468841553,0.03235258162021637,0.9999948740005493,0.44986197352409363,0.4760057330131531,-0.06142447143793106,2.772078514099121,4.3115142034366727e-07,0.002127528190612793,1.1202646419405937e-06,0
1,62,11.311981201171875,0.6599100828170776,0.6599100828170776,2.615241289138794,11.311984062194824,0.058337268342411465,0.9999964237213135,0.030531058087944984,0.9999956488609314,0.4491954743862152,0.47571805119514465,-0.061199117451906204,2.7720704078674316,2.9590955819003284e-07,0.001899123191833496,8.672359399497509e-07,3
1,63,11.311984062194824,0.6602749228477478,0.6602749228477478,2.6152193546295166,11.311985969543457,0.05836950611117083,0.9999967813491821,0.028705229982733727,0.9999960660934448,0.449102520942688,0.4746245741844177,-0.06158984452486038,2.7720677852630615,4.647154128178954e-08,0.0018585920333862305,9.909854270517826e-07,0
1,64,11.311985969543457,0.6605941653251648,0.6605941653251648,2.615166664123535,11.31198787689209,0.058397717881171124,0.9999969005584717,0.027863560244441032,0.9999964237213135,0.44720879197120667,0.47324904799461365,-0.06187675520777702,2.772080183029175,9.227951522916555e-07,0.0018115639686584473,1.0320218279957771e-06,3
1,65,11.31198787689209,0.6602148413658142,0.6602148413658142,2.6149840354919434,11.311989784240723,0.058364175116779285,0.9999971389770508,0.026904160156846046,0.9999967217445374,0.4470471143722534,0.4736705720424652,-0.06171998009085655,2.7720792293548584,2.34094841289334e-08,0.0019350647926330566,8.982024155557156e-07,3
1,66,11.311989784240723,0.660949170589447,0.660949170589447,2.614631175994873,11.311990737915039,0.05842908128420051,0.9999971389770508,0.0265703983604908,0.9999970197677612,0.4471454620361328,0.47475820779800415,-0.061679657548666,2.772082805633545,2.4642940843477845e-07,0.002031981945037842,1.127773430198431e-06,0
1,67,11.311990737915039,0.6611471772193909,0.6611471772193909,2.61470365524292,11.311991691589355,0.05844658049474762,0.9999973773956299,0.025747446343302727,0.9999971389770508,0.44817349314689636,0.4742674231529236,-0.061557553708553314,2.772071361541748,8.90919181983918e-07,0.0019933581352233887,1.017062459141016e-06,0
1,68,11.311991691589355,0.6609503030776978,0.6609503030776978,2.6147098541259766,11.311991691589355,0.05842917154625606,0.9999975562095642,0.024844419211149216,0.9999972581863403,0.44915542006492615,0.4744235873222351,-0.06128256395459175,2.7720699310302734,3.074273990932852e-08,0.0020723938941955566,1.036736648529768e-06,3
1,69,11.311991691589355,0.6608201265335083,0.6608201265335083,2.614644765853882,11.311991691589355,0.05841766371034718,0.9999977350234985,0.02437477372586727,0.9999974966049194,0.44952860474586487,0.47500085830688477,-0.060957781970500946,2.7720720767974854,2.528686309233308e-07,0.0020521879196166992,1.136737409979105e-06,3
1,70,11.311991691589355,0.6609086394309998,0.6609086394309998,2.6145517826080322,11.311991691589355,0.058425488406466546,0.9999977946281433,0.023683615028858185,0.9999976754188538,0.45020997524261475,0.47509145736694336,-0.06087683141231537,2.7720718383789062,1.1771408026106656e-07,0.0018700957298278809,9.087380021810532e-07,3
1,71,11.311991691589355,0.6612851023674011,0.6612851023674011,2.6144165992736816,11.311990737915039,0.05845876839346311,0.9999979138374329,0.023069217801094055,0.9999977350234985,0.4511866271495819,0.4757154583930969,-0.060711074620485306,2.7720704078674316,3.9894075598567724e-08,0.0017246007919311523,8.222996257245541e-07,3
1,72,11.311990737915039,0.6609113812446594,0.6609113812446594,2.614229440689087,11.311989784240723,0.05842573571329451,0.9999980330467224,0.022229459136724472,0.9999977946281433,0.45133644342422485,0.4751739799976349,-0.06052057817578316,2.7720656394958496,1.0924122761934996e-07,0.001650691032409668,7.489579729735851e-07,1
1,73,11.311989784240723,0.6603748798370361,0.6603748798370361,2.6137893199920654,11.311989784240723,0.05837831296108808,0.9999979138374329,0.0220335703343153,0.9999979734420776,0.45179983973503113,0.47570687532424927,-0.0597933866083622,2.7720766067504883,7.662820280529559e-07,0.001399397850036621,5.201727617532015e-07,1
1,74,11.311989784240723,0.6605057120323181,0.6605057120323181,2.6135950088500977,11.31198787689209,0.0583898787596591,0.9999982714653015,0.020704127848148346,0.999998152256012,0.45328813791275024,0.4764600694179535,-0.059685297310352325,2.772076368331909,1.344060365227051e-07,0.0014092326164245605,5.31377736479044e-07,3
1,75,11.31198787689209,0.6607295870780945,0.6607295870780945,2.6135802268981934,11.311985969543457,0.0584096795601965,0.9999984502792358,0.019973255693912506,0.9999982118606567,0.45376813411712646,0.47654566168785095,-0.059508245438337326,2.7720751762390137,1.6391823010053486e-08,0.0014278292655944824,4.95521817356348e-07,3
1,76,11.311985969543457,0.6609514355659485,0.6609514355659485,2.613645315170288,11.31198501586914,0.058429301216028996,0.9999986290931702,0.01888660341501236,0.9999983906745911,0.45363715291023254,0.4758354127407074,-0.05960455909371376,2.772080898284912,4.028152034152299e-07,0.0014142990112304688,3.469758667051792e-07,1
1,77,11.31198501586914,0.6617058515548706,0.6617058515548706,2.6139328479766846,11.31198501586914,0.058495997884243076,0.9999986886978149,0.018248680979013443,0.9999986886978149,0.45407888293266296,0.4750716984272003,-0.05955599993467331,2.772080421447754,5.78980689169839e-07,0.0013503432273864746,2.0131119526922703e-07,2
1,78,11.31198501586914,0.6611928343772888,0.6611928343772888,2.6142797470092773,11.311983108520508,0.05845064623492051,0.9999987483024597,0.01691954769194126,0.9999988079071045,0.4543359875679016,0.4749017059803009,-0.05952957645058632,2.7720894813537598,7.482522050850093e-07,0.0008357763290405273,1.6667763702571392e-07,0
1,79,11.311983108520508,0.6615033745765686,0.6615033745765686,2.614562749862671,11.311982154846191,0.05847810841215856,0.999998927116394,0.016274724155664444,0.9999989867210388,0.4526991546154022,0.4748254716396332,-0.05941782891750336,2.7720818519592285,3.1745003070682287e-07,0.001149594783782959,9.902578312903643e-08,2
1,80,11.311982154846191,0.6622928380966187,0.6622928380966187,2.614680051803589,11.311980247497559,0.058547903367482265,0.9999992251396179,0.014836880378425121,0.9999990463256836,0.4537179172039032,0.47517579793930054,-0.05952858179807663,2.7720797061920166,5.690308171324432e-07,0.0013573169708251953,8.140341378748417e-08,3
1,81,11.311980247497559,0.6611245274543762,0.6611245274543762,2.614893674850464,11.311981201171875,0.05844463241532184,0.9999991059303284,0.014795814640820026,0.9999991655349731,0.4525124132633209,0.47419044375419617,-0.05903490260243416,2.7720892429351807,1.5765908756293356e-07,0.0011178851127624512,9.249197319149971e-08,0
1,82,11.311981201171875,0.6621698141098022,0.6621698141098022,2.6147806644439697,11.311980247497559,0.05853703275613684,0.9999992847442627,0.013211491517722607,0.9999990463256836,0.4537782669067383,0.47290363907814026,-0.0595528669655323,2.772087574005127,4.891526259598322e-07,0.001101076602935791,1.6564445104449987e-07,2
1,83,11.311980247497559,0.6621493697166443,0.6621493697166443,2.6146786212921143,11.311979293823242,0.05853523036898206,0.9999992847442627,0.013474567793309689,0.9999992847442627,0.4528569281101227,0.47204068303108215,-0.058977242559194565,2.7721033096313477,3.076856955885887e-07,0.0011336207389831543,9.487848728895187e-08,2
1,84,11.311979293823242,0.6620150804519653,0.6620150804519653,2.614616632461548,11.311978340148926,0.05852336388322864,0.999999463558197,0.012600298039615154,0.9999992251396179,0.4546465575695038,0.472771018743515,-0.058538611978292465,2.7721049785614014,2.4543805920984596e-07,0.0010461211204528809,8.582719601690769e-08,0
1,85,11.311978340148926,0.6620420813560486,0.6620420813560486,2.6146860122680664,11.311978340148926,0.058525755747454215,0.9999994039535522,0.012282414361834526,0.9999993443489075,0.45387256145477295,0.472902774810791,-0.058136001229286194,2.772095203399658,4.786961653735489e-07,0.0007250308990478516,1.2009695637971163e-07,2
1,86,11.311978340148926,0.6600224375724792,0.6600224375724792,2.6163930892944336,11.311976432800293,0.058347215467156724,0.9999961256980896,0.03134777024388313,0.9999994039535522,0.45365050435066223,0.4770117998123169,-0.05716998502612114,2.772082805633545,1.648147008381784e-05,0.0034674406051635742,1.7138081602752209e-06,2
1,87,11.311976432800293,0.6591235995292664,0.6591235995292664,2.6174771785736084,11.311976432800293,0.05826776633109547,0.999997079372406,0.02678610570728779,0.999996542930603,0.4533645510673523,0.476664662361145,-0.057448823004961014,2.7720890045166016,2.486412995494902e-07,0.0031710267066955566,1.4906981959939003e-06,1
1,88,11.311976432800293,0.659220278263092,0.659220278263092,2.618063449859619,11.311975479125977,0.058276312913065474,0.9999977350234985,0.02374410256743431,0.9999975562095642,0.4533214867115021,0.47679030895233154,-0.05736054480075836,2.7720913887023926,1.0928488336503506e-07,0.0028970837593078613,1.1284719221293926e-06,1
1,89,11.311975479125977,0.6590657234191895,0.6590657234191895,2.618295192718506,11.31197452545166,0.05826265488599807,0.9999982118606567,0.021716076880693436,0.9999980330467224,0.453201025724411,0.47659096121788025,-0.05727939307689667,2.7720882892608643,1.2246346159372479e-08,0.0026381611824035645,1.1677620932459831e-06,2
1,90,11.31197452545166,0.6601351499557495,0.6601351499557495,2.6182446479797363,11.311976432800293,0.05835719913181045,0.9999983310699463,0.02050446718931198,0.9999984502792358,0.45139312744140625,0.4760725796222687,-0.057394806295633316,2.772089719772339,5.366382538340986e-08,0.0023050904273986816,9.340583346784115e-07,1
1,91,11.311976432800293,0.6602344512939453,0.6602344512939453,2.6181230545043945,11.31197738647461,0.058365967717146625,0.9999985694885254,0.01900910586118698,0.9999988079071045,0.45051974058151245,0.47568538784980774,-0.05795957148075104,2.7720746994018555,7.890339475125074e-07,0.0020151138305664062,5.998590495437384e-07,2
1,92,11.31197738647461,0.6596897840499878,0.6596897840499878,2.617793560028076,11.311979293823242,0.058317813191419474,0.9999986886978149,0.018245231360197067,0.9999990463256836,0.45081377029418945,0.47652918100357056,-0.05803845077753067,2.772063732147217,1.3733733794651926e-07,0.0016845464706420898,3.048335202038288e-07,1
1,93,11.311979293823242,0.6600877642631531,0.6600877642631531,2.6172468662261963,11.311980247497559,0.05835298554900868,0.999998927116394,0.016647765412926674,0.9999989867210388,0.450826495885849,0.47631099820137024,-0.0585981160402298,2.7720513343811035,4.0649319998919964e-07,0.0013592839241027832,3.604509402066469e-07,1
1,94,11.311980247497559,0.6600072383880615,0.6600072383880615,2.6167469024658203,11.311983108520508,0.05834586199300239,0.9999990463256836,0.015413424000144005,0.9999991655349731,0.4509740471839905,0.4758734405040741,-0.05895496532320976,2.7720437049865723,9.637005859985948e-08,0.001219630241394043,2.499145921319723e-07,0
1,95,11.311983108520508,0.6601843237876892,0.6601843237876892,2.61622953414917,11.31198501586914,0.05836150190945914,0.9999991655349731,0.013679243624210358,0.9999992847442627,0.4513881802558899,0.4766584038734436,-0.059585824608802795,2.772066831588745,3.7030622479505837e-07,0.0010422468185424805,7.88422767072916e-08,2
1,96,11.31198501586914,0.6601108312606812,0.6601108312606812,2.615760564804077,11.31198501586914,0.05835499519621336,0.9999994039535522,0.012618344277143478,0.9999995231628418,0.45113250613212585,0.47693830728530884,-0.059767212718725204,2.772057294845581,1.4538090908899903e-07,0.0009859800338745117,2.5480403564870358e-08,2
1,97,11.31198501586914,0.6601375937461853,0.6601375937461853,2.615385055541992,11.311986923217773,0.05835736104849008,0.9999995231628418,0.01159514021128416,0.9999996423721313,0.45094776153564453,0.47662553191185,-0.06025581434369087,2.7720534801483154,3.732020559255034e-08,0.0008196830749511719,1.313455868512392e-07,0
1,98,11.311986923217773,0.6602272987365723,0.6602272987365723,2.6148722171783447,11.31198787689209,0.058365281291252236,0.9999994039535522,0.011374805122613907,0.9999996423721313,0.4499683082103729,0.47568219900131226,-0.06048988178372383,2.772040367126465,2.2282802092377096e-07,0.0006601214408874512,1.4057150110602379e-08,2
1,99,11.31198787689209,0.6596736311912537,0.6596736311912537,2.6147663593292236,11.31198787689209,0.058316331167470765,0.9999995231628418,0.010835554450750351,0.9999995231628418,0.4497632384300232,0.475335955619812,-0.06125889718532562,2.7720463275909424,7.810922397766262e-08,0.00075531005859375,1.2842792784795165e-07,2
1,100,11.31198787689209,0.6594768762588501,0.6594768762588501,2.6147429943084717,11.311988830566406,0.05829893767885101,0.9999995231628418,0.010872049257159233,0.9999996423721313,0.44967809319496155,0.47527340054512024,-0.061364613473415375,2.7720396518707275,8.354618330486119e-08,0.0007009506225585938,-1.9565050024539232e-08,2
1,101,11.311988830566406,0.6597821712493896,0.6597821712493896,2.614750623703003,11.311989784240723,0.058325921385864156,0.999999463558197,0.010889077559113503,0.9999996423721313,0.4496472477912903,0.47547295689582825,-0.061541903764009476,2.7720417976379395,3.234731593693141e-09,0.0006111264228820801,1.7415732145309448e-07,2
1,102,11.311989784240723,0.6601520776748657,0.6601520776748657,2.614875555038452,11.311990737915039,0.058358616853999935,0.999999463558197,0.010645771399140358,0.9999996423721313,0.4494648575782776,0.47543489933013916,-0.06161294877529144,2.772036075592041,2.492561179678887e-08,0.0006566047668457031,-1.4435499906539917e-08,0
1,103,11.311990737915039,0.6608585119247437,0.6608585119247437,2.6149685382843018,11.311989784240723,0.05842106197185141,0.999999463558197,0.011712325736880302,0.9999996423721313,0.4503878653049469,0.475434809923172,-0.061773307621479034,2.77204966545105,3.4326512832194567e-07,0.0008588433265686035,9.024370228871703e-08,0
1,104,11.311989784240723,0.6609517335891724,0.6609517335891724,2.6155622005462646,11.311990737915039,0.05842930785793106,0.9999995827674866,0.01092582382261753,0.9999995231628418,0.45026251673698425,0.4758513271808624,-0.061356306076049805,2.7720630168914795,7.032322173472494e-07,0.0009944438934326172,1.9629078451544046e-07,3
1,105,11.311990737915039,0.6599299311637878,0.6599299311637878,2.615896701812744,11.311989784240723,0.05833897378927861,0.9999995827674866,0.010011576116085052,0.9999995827674866,0.4501805901527405,0.47573375701904297,-0.06144758686423302,2.7720580101013184,1.8707214621827006e-07,0.0006462335586547852,1.6698322724550962e-08,0
1,106,11.311989784240723,0.6602540612220764,0.6602540612220764,2.616091728210449,11.311988830566406,0.058367632380813154,0.9999996423721313,0.008702295832335949,0.9999995827674866,0.44940701127052307,0.4750656187534332,-0.06169270724058151,2.7720580101013184,2.409888111287728e-08,0.0005074739456176758,9.257928468286991e-08,0
1,107,11.311988830566406,0.6603887677192688,0.6603887677192688,2.616316080093384,11.311986923217773,0.05837954559633368,0.9999997615814209,0.007822484709322453,0.9999998211860657,0.448617160320282,0.4742005169391632,-0.0618588924407959,2.772071361541748,8.528440957888961e-07,0.0003914833068847656,-8.032657206058502e-09,3
1,108,11.311986923217773,0.6600756645202637,0.6600756645202637,2.6162526607513428,11.31198787689209,0.05835187655366388,0.9999997615814209,0.00811908021569252,0.9999998211860657,0.44753381609916687,0.4747667908668518,-0.061447300016880035,2.772047519683838,3.810491762124002e-07,0.0008011460304260254,5.758192855864763e-08,3
1,109,11.31198787689209,0.6607759594917297,0.6607759594917297,2.6164186000823975,11.31198787689209,0.05841377896466368,0.9999995231628418,0.009848833084106445,0.9999998807907104,0.44884833693504333,0.47595274448394775,-0.06117791309952736,2.772087574005127,6.842092261649668e-07,0.0013091564178466797,1.988664735108614e-07,0
1,110,11.31198787689209,0.6607322096824646,0.6607322096824646,2.616605043411255,11.311988830566406,0.05840991140312266,0.9999996423721313,0.009735167026519775,0.9999997019767761,0.4494939148426056,0.4753842055797577,-0.06092208996415138,2.772089719772339,1.495609467383474e-07,0.0012304186820983887,1.8451828509569168e-07,2
1,111,11.311988830566406,0.6605704426765442,0.6605704426765442,2.616375684738159,11.31198787689209,0.05839560598677399,0.9999995231628418,0.00980989821255207,0.9999996423721313,0.44923916459083557,0.47544485330581665,-0.06089037284255028,2.7720537185668945,5.766341928392649e-07,0.0010437965393066406,1.0586518328636885e-07,0
1,112,11.31198787689209,0.6604411005973816,0.6604411005973816,2.6161539554595947,11.31198787689209,0.05838417683831839,0.9999995827674866,0.009629436768591404,0.9999997615814209,0.44963976740837097,0.476005882024765,-0.060551393777132034,2.7720565795898438,2.3699612938798964e-07,0.001125931739807129,1.748558133840561e-07,2
1,113,11.31198787689209,0.6604759693145752,0.6604759693145752,2.6161043643951416,11.311986923217773,0.0583872592954049,0.9999995827674866,0.010486230254173279,0.9999996423721313,0.45121756196022034,0.47600141167640686,-0.06067404896020889,2.772083044052124,4.692483344115317e-07,0.0008156895637512207,2.3448956198990345e-07,0
1,114,11.311986923217773,0.6608461737632751,0.6608461737632751,2.616086721420288,11.31198501586914,0.05841999095728205,0.9999995231628418,0.011169463396072388,0.9999995231628418,0.45221367478370667,0.47664058208465576,-0.06049584969878197,2.772082567214966,1.3918906915932894e-08,0.000752866268157959,3.777677193284035e-08,0
1,115,11.31198501586914,0.6604796648025513,0.6604796648025513,2.616063356399536,11.311983108520508,0.05838760075053054,0.9999995231628418,0.011384579353034496,0.9999995827674866,0.45240211486816406,0.47613391280174255,-0.06024852767586708,2.7720789909362793,1.314328983426094e-07,0.0007891654968261719,2.6306952349841595e-07,0
1,116,11.311983108520508,0.660134494304657,0.660134494304657,2.6161673069000244,11.311983108520508,0.05835709689200516,0.9999993443489075,0.01200009323656559,0.9999995827674866,0.4531121253967285,0.47665274143218994,-0.059892114251852036,2.77207612991333,1.4648685464635491e-07,0.0007889866828918457,1.6533886082470417e-07,1
1,117,11.311983108520508,0.6607981324195862,0.6607981324195862,2.6162872314453125,11.311981201171875,0.058415763715369606,0.9999992251396179,0.014099877327680588,0.9999995827674866,0.4540916383266449,0.4769228994846344,-0.05932462960481644,2.772082805633545,7.813105185050517e-08,0.000873267650604248,1.0139774531126022e-07,1
1,118,11.311981201171875,0.6614076495170593,0.6614076495170593,2.6162045001983643,11.311980247497559,0.058469656000536864,0.9999992847442627,0.013828963972628117,0.9999993443489075,0.45384618639945984,0.4764882028102875,-0.05889447405934334,2.7720799446105957,1.0617077350616455e-07,0.0009680986404418945,1.554435584694147e-07,3
1,119,11.311980247497559,0.6613517999649048,0.6613517999649048,2.616541862487793,11.311978340148926,0.058464723726087596,0.9999992847442627,0.013520676642656326,0.9999994039535522,0.4552772641181946,0.4778067469596863,-0.05899069458246231,2.772068977355957,9.164104994852096e-07,0.0008846521377563477,1.2369127944111824e-07,2
1,120,11.311978340148926,0.661855161190033,0.661855161190033,2.616638422012329,11.31197738647461,0.05850923165587669,0.9999992847442627,0.013480372726917267,0.9999995231628418,0.4541507959365845,0.47588616609573364,-0.058752045035362244,2.772085666656494,1.2688469723798335e-06,0.00100785493850708,1.4677061699330807e-07,2
1,121,11.31197738647461,0.6615740656852722,0.6615740656852722,2.617210626602173,11.311976432800293,0.058484387219187375,0.9999992251396179,0.013821498490869999,0.9999994039535522,0.45443955063819885,0.4756309390068054,-0.05890665203332901,2.7720930576324463,3.404493327252567e-07,0.0008483529090881348,6.629852578043938e-08,0
1,122,11.311976432800293,0.6620861887931824,0.6620861887931824,2.61767315864563,11.311975479125977,0.05852966479609984,0.9999994039535522,0.012710358016192913,0.9999994039535522,0.45509809255599976,0.4748695194721222,-0.05930175632238388,2.7720913887023926,1.1972952052019536e-07,0.0007467269897460938,-7.805647328495979e-08,2
1,123,11.311975479125977,0.662659764289856,0.662659764289856,2.6180596351623535,11.31197452545166,0.058580374887893284,0.999999463558197,0.011890094727277756,0.9999995231628418,0.4545702040195465,0.47454872727394104,-0.05916539207100868,2.7720894813537598,4.1403836803510785e-08,0.000727534294128418,6.402842700481415e-10,0
1,124,11.31197452545166,0.662931501865387,0.662931501865387,2.6188602447509766,11.31197452545166,0.05860440194360477,0.999999463558197,0.011931780725717545,0.9999996423721313,0.4538888931274414,0.4736957550048828,-0.058923281729221344,2.772099494934082,8.111237548291683e-07,0.0008965134620666504,1.024163793772459e-07,2
1,125,11.31197452545166,0.6624583005905151,0.6624583005905151,2.6194612979888916,11.311973571777344,0.05856257005353049,0.9999995827674866,0.010715781711041927,0.9999994039535522,0.4539531469345093,0.47362735867500305,-0.0587441585958004,2.7720937728881836,3.007426130352542e-08,0.0009288787841796875,1.4060060493648052e-07,2
1,126,11.311973571777344,0.6631339192390442,0.6631339192390442,2.61974835395813,11.311973571777344,0.058622300965546915,0.9999995827674866,0.010487114079296589,0.9999996423721313,0.45368677377700806,0.4736924171447754,-0.05851336941123009,2.772101879119873,3.5569973988458514e-07,0.0009517669677734375,1.1250085663050413e-07,1
1,127,11.311973571777344,0.6629834175109863,0.6629834175109863,2.6196320056915283,11.311973571777344,0.0586089963262545,0.9999996423721313,0.010171710513532162,0.9999995827674866,0.4544214904308319,0.4730869233608246,-0.05826781690120697,2.772106885910034,8.059578249230981e-07,0.0008930563926696777,4.20550350099802e-08,0
1,128,11.311973571777344,0.6629877686500549,0.6629877686500549,2.6199281215667725,11.311972618103027,0.058609380975232064,0.9999996423721313,0.010102909058332443,0.9999997615814209,0.45485931634902954,0.47297078371047974,-0.05758685618638992,2.772104263305664,4.77033609058708e-07,0.0009407401084899902,9.902578312903643e-08,3
1,129,11.311972618103027,0.6620000600814819,0.6620000600814819,2.619946002960205,11.311971664428711,0.05852207059112354,0.9999995827674866,0.01064233761280775,0.9999996423721313,0.4548371136188507,0.47344085574150085,-0.05725429207086563,2.772099018096924,3.524619387462735e-07,0.0005692839622497559,4.2869942262768745e-08,3
2,0,0.0,0.6599370837211609,0.6599370837211609,2.679316759109497,11.308902740478516,659937083.7211609,nan,nan,nan,0.4527873396873474,0.476523220539093,-0.05681651458144188,2.7725870609283447,nan,nan,nan,3
2,1,11.308902740478516,0.6592642664909363,0.6592642664909363,2.710530996322632,11.309345245361328,0.05829604176638632,0.979625940322876,2.2828831672668457,0.1907840073108673,0.45215708017349243,0.4753742516040802,-0.056659895926713943,2.772282838821411,7.646524318261072e-05,0.051089316606521606,0.0007362775504589081,2
2,2,11.309345245361328,0.6601992249488831,0.6601992249488831,2.6866614818573,11.309745788574219,0.05837643211216601,0.9855740666389465,1.921021580696106,0.9756283760070801,0.45242035388946533,0.47651609778404236,-0.05679178237915039,2.772334575653076,6.6334177972748876e-06,0.04368099570274353,0.00017749937251210213,1
2,3,11.309745788574219,0.6600402593612671,0.6600402593612671,2.641439437866211,11.310077667236328,0.058360309037898905,0.9901174306869507,1.590040683746338,0.9840455055236816,0.45230865478515625,0.47630569338798523,-0.05671136453747749,2.772362232208252,5.575631803367287e-06,0.05345924198627472,9.08905640244484e-05,0
2,4,11.310077667236328,0.6603901982307434,0.6603901982307434,2.592191696166992,11.310343742370605,0.0583895369829156,0.9931832551956177,1.320609211921692,0.9897758364677429,0.4517196714878082,0.47502079606056213,-0.057385798543691635,2.7723617553710938,4.340086888987571e-06,0.06224238872528076,0.0001487827394157648,1
2,5,11.310343742370605,0.6604779362678528,0.6604779362678528,2.5477817058563232,11.310559272766113,0.058395920699879554,0.9951452016830444,1.1145009994506836,0.993274450302124,0.4509878158569336,0.475738525390625,-0.05780581012368202,2.7723326683044434,3.92656511394307e-06,0.06445543467998505,0.00018163281492888927,1
2,6,11.310559272766113,0.6601611971855164,0.6601611971855164,2.5120198726654053,11.310736656188965,0.058366804086785636,0.99638831615448,0.9612792730331421,0.9953614473342896,0.45023563504219055,0.47584787011146545,-0.05801235884428024,2.772292137145996,2.4823457351885736e-06,0.06292182207107544,0.0001704161986708641,3
2,7,11.310736656188965,0.6597038507461548,0.6597038507461548,2.4863314628601074,11.310885429382324,0.058325454017637356,0.9971837997436523,0.8488568663597107,0.9966175556182861,0.44988515973091125,0.47467881441116333,-0.05829045921564102,2.7722558975219727,1.5055520634632558e-06,0.059051185846328735,0.00013856124132871628,1
2,8,11.310885429382324,0.6596241593360901,0.6596241593360901,2.470926523208618,11.31101131439209,0.05831764130707064,0.9977060556411743,0.7661539316177368,0.9973975419998169,0.44996750354766846,0.4743364453315735,-0.05865286663174629,2.772209644317627,1.3018834579270333e-06,0.05355575680732727,9.930972009897232e-05,2
2,9,11.31101131439209,0.6601453423500061,0.6601453423500061,2.4645309448242188,11.311125755310059,0.05836306975575557,0.9980599880218506,0.7045705914497375,0.9979019165039062,0.4508277475833893,0.47540634870529175,-0.059325166046619415,2.77215576171875,1.3566350389737636e-06,0.04740726947784424,6.532296538352966e-05,0
2,10,11.311125755310059,0.6600806713104248,0.6600806713104248,2.464904546737671,11.311225891113281,0.05835676179274613,0.9983108043670654,0.6574365496635437,0.9982450008392334,0.4504247307777405,0.47463780641555786,-0.059617701917886734,2.7721309661865234,1.2060845619998872e-06,0.04107359051704407,4.361406899988651e-05,1
2,11,11.311225891113281,0.6601215600967407,0.6601215600967407,2.470508337020874,11.311311721801758,0.05835986005861384,0.9985051155090332,0.6184716820716858,0.9984863996505737,0.4503209888935089,0.4752994477748871,-0.060088299214839935,2.772080898284912,1.2096934369765222e-06,0.03459903597831726,2.8004636988043785e-05,3
2,12,11.311311721801758,0.6596768498420715,0.6596768498420715,2.479321241378784,11.311388969421387,0.05832010168817033,0.998662531375885,0.5850162506103516,0.9986685514450073,0.44987305998802185,0.474285751581192,-0.060316942632198334,2.772063732147217,5.641595635097474e-07,0.02975451946258545,1.9892817363142967e-05,1
2,13,11.311388969421387,0.6594488024711609,0.6594488024711609,2.4902656078338623,11.311455726623535,0.05829954254547165,0.9987945556640625,0.5553936958312988,0.9988104104995728,0.4496596157550812,0.47397691011428833,-0.060779038816690445,2.7720422744750977,3.5577068047132343e-07,0.028470754623413086,1.4578690752387047e-05,3
2,14,11.311455726623535,0.6592128872871399,0.6592128872871399,2.502718925476074,11.311513900756836,0.05827834217089887,0.9989101886749268,0.528098464012146,0.9989274740219116,0.4493531882762909,0.47424495220184326,-0.06113215163350105,2.772029399871826,8.028200682019815e-07,0.026828885078430176,1.2274365872144699e-05,1
2,15,11.311513900756836,0.6595584750175476,0.6595584750175476,2.515813112258911,11.311563491821289,0.058308594305260725,0.9990105628967285,0.5032042860984802,0.9990277290344238,0.4493408203125,0.47445499897003174,-0.061297133564949036,2.7720184326171875,2.657252480275929e-07,0.024649500846862793,1.2577162124216557e-05,3
2,16,11.311563491821289,0.660271406173706,0.660271406173706,2.529026985168457,11.311605453491211,0.0583713654307036,0.9990988969802856,0.48020079731941223,0.9991143941879272,0.44915473461151123,0.4756682217121124,-0.061423007398843765,2.7719874382019043,7.226044544950128e-07,0.021997064352035522,1.4431541785597801e-05,2
2,17,11.311605453491211,0.6601811647415161,0.6601811647415161,2.5426177978515625,11.311641693115234,0.05836317112154561,0.9991791248321533,0.4583190679550171,0.9991909861564636,0.44932281970977783,0.47428685426712036,-0.06151586398482323,2.772002696990967,1.4052930055186152e-06,0.020180433988571167,1.8805963918566704e-05,3
2,18,11.311641693115234,0.6604436039924622,0.6604436039924622,2.55586576461792,11.311671257019043,0.05838618495089332,0.9992470145225525,0.43896088004112244,0.9992586374282837,0.4495500922203064,0.4759891927242279,-0.0614524744451046,2.771993637084961,7.531416486017406e-07,0.017787516117095947,2.1642015781253576e-05,0
2,19,11.311671257019043,0.6604846119880676,0.6604846119880676,2.569040536880493,11.311697006225586,0.058389657635977366,0.9993088841438293,0.42055758833885193,0.9993170499801636,0.4496348798274994,0.47399014234542847,-0.06143123283982277,2.7720067501068115,1.3358439900912344e-06,0.0160825252532959,2.4830223992466927e-05,2
2,20,11.311697006225586,0.6603223085403442,0.6603223085403442,2.5815541744232178,11.311717987060547,0.05837517643700362,0.9993664026260376,0.402655690908432,0.9993691444396973,0.44885748624801636,0.4741765260696411,-0.06163797900080681,2.7720022201538086,5.79453626414761e-07,0.015138357877731323,2.3898202925920486e-05,2
2,21,11.311717987060547,0.6607382893562317,0.6607382893562317,2.5935218334198,11.311734199523926,0.05841184249042002,0.9994216561317444,0.38469380140304565,0.9994180202484131,0.446780800819397,0.473707377910614,-0.0617666095495224,2.7720108032226562,6.87152351019904e-07,0.013896703720092773,2.4859793484210968e-05,2
2,22,11.311734199523926,0.6609469056129456,0.6609469056129456,2.6043810844421387,11.311747550964355,0.05843020123658516,0.9994661808013916,0.36963358521461487,0.9994670152664185,0.44845131039619446,0.47272247076034546,-0.06172863766551018,2.7720046043395996,4.773355612996966e-07,0.012730568647384644,2.135301474481821e-05,2
2,23,11.311747550964355,0.6616765260696411,0.6616765260696411,2.614064931869507,11.311760902404785,0.05849463339669665,0.9995112419128418,0.3536653518676758,0.9995033144950867,0.44853872060775757,0.47375139594078064,-0.06170954927802086,2.772002935409546,2.413580659776926e-07,0.011324942111968994,1.7900019884109497e-05,1
2,24,11.311760902404785,0.6616976857185364,0.6616976857185364,2.622779607772827,11.311768531799316,0.058496434943021564,0.9995539784431458,0.3378053903579712,0.999543309211731,0.44901612401008606,0.47357138991355896,-0.06167934834957123,2.7719852924346924,5.887486622668803e-07,0.009888887405395508,1.432525459676981e-05,1
2,25,11.311768531799316,0.6615381240844727,0.6615381240844727,2.630297899246216,11.311775207519531,0.05848228968129748,0.9995937943458557,0.32242313027381897,0.9995811581611633,0.4499444365501404,0.47373852133750916,-0.061389874666929245,2.7719860076904297,2.3040774976834655e-07,0.008634418249130249,1.0585412383079529e-05,3
2,26,11.311775207519531,0.6605879068374634,0.6605879068374634,2.636540412902832,11.311779975891113,0.05839825268082908,0.9996321797370911,0.30681851506233215,0.9996163845062256,0.45045986771583557,0.47341054677963257,-0.060866113752126694,2.7719902992248535,6.46097760181874e-07,0.007958799600601196,7.478636689484119e-06,0
2,27,11.311779975891113,0.6608880162239075,0.6608880162239075,2.641519069671631,11.311784744262695,0.05842475875878627,0.9996692538261414,0.2909443974494934,0.9996516108512878,0.4493701756000519,0.4752824008464813,-0.06061095371842384,2.7720136642456055,6.928457878530025e-07,0.006380736827850342,5.474546924233437e-06,3
2,28,11.311784744262695,0.6610455513000488,0.6610455513000488,2.6453351974487305,11.311786651611328,0.05843866076353064,0.9996998906135559,0.27711188793182373,0.9996861815452576,0.4517568051815033,0.4756161868572235,-0.06053001061081886,2.772012233734131,1.752960088197142e-07,0.00572735071182251,3.134016878902912e-06,1
2,29,11.311786651611328,0.6605685353279114,0.6605685353279114,2.648149013519287,11.311789512634277,0.05839648109291519,0.9997296929359436,0.2630259692668915,0.9997143745422363,0.45148685574531555,0.47383493185043335,-0.060680583119392395,2.7719967365264893,8.750503184273839e-07,0.00560644268989563,2.099492121487856e-06,1
2,30,11.311789512634277,0.6602391004562378,0.6602391004562378,2.6499767303466797,11.311792373657227,0.05836734317932707,0.9997586011886597,0.24857038259506226,0.9997410774230957,0.4521286189556122,0.4742780029773712,-0.06038003787398338,2.7719979286193848,1.7089041648432612e-07,0.005569428205490112,1.3532117009162903e-06,0
2,31,11.311792373657227,0.6607640385627747,0.6607640385627747,2.6507861614227295,11.311795234680176,0.058413734688196224,0.9997860789299011,0.233989417552948,0.9997680187225342,0.4531751573085785,0.4762124717235565,-0.05965787544846535,2.7720232009887695,4.788889782503247e-07,0.005598306655883789,1.321430318057537e-06,1
2,32,11.311795234680176,0.6608907580375671,0.6608907580375671,2.6509904861450195,11.311797142028809,0.058424922333404745,0.999809980392456,0.22053520381450653,0.999794602394104,0.4530845880508423,0.4749176800251007,-0.059953849762678146,2.7720088958740234,6.191257853060961e-07,0.005272954702377319,1.1966621968895197e-06,2
2,33,11.311797142028809,0.6612638831138611,0.6612638831138611,2.650386095046997,11.311800003051758,0.05845789796361758,0.999832808971405,0.20681679248809814,0.9998155236244202,0.45371881127357483,0.4740998148918152,-0.05985718593001366,2.7720232009887695,7.472190191037953e-07,0.004717648029327393,1.0011717677116394e-06,3
2,34,11.311800003051758,0.6611502766609192,0.6611502766609192,2.649367094039917,11.311803817749023,0.05844783999739657,0.9998522400856018,0.1944158375263214,0.9998371005058289,0.453252375125885,0.4739156663417816,-0.06009383127093315,2.7720274925231934,3.603636287152767e-07,0.004830539226531982,1.427571987733245e-06,2
2,35,11.311803817749023,0.6612944006919861,0.6612944006919861,2.647824287414551,11.311807632446289,0.058460561316875756,0.9998712539672852,0.1815522462129593,0.9998549818992615,0.45398515462875366,0.47289785742759705,-0.05993972346186638,2.7720348834991455,1.823673301259987e-07,0.004396975040435791,1.3930839486420155e-06,1
2,36,11.311807632446289,0.6618629693984985,0.6618629693984985,2.6459271907806396,11.311812400817871,0.05851080489558893,0.9998876452445984,0.169563889503479,0.999872624874115,0.4533715546131134,0.4726172089576721,-0.05985159054398537,2.772038221359253,3.107288648607209e-08,0.004569947719573975,1.8814171198755503e-06,2
2,37,11.311812400817871,0.6628603935241699,0.6628603935241699,2.6438164710998535,11.311817169189453,0.05859895567895411,0.9999016523361206,0.1586693674325943,0.999888002872467,0.4529031217098236,0.4727362394332886,-0.05983247607946396,2.7720541954040527,4.875182639807463e-07,0.004947036504745483,2.603221219033003e-06,0
2,38,11.311817169189453,0.6622263193130493,0.6622263193130493,2.6413450241088867,11.311823844909668,0.0585428768347483,0.9999149441719055,0.14754845201969147,0.9999005794525146,0.45324528217315674,0.47216224670410156,-0.0593523345887661,2.7720658779144287,5.864458216819912e-07,0.004969209432601929,2.6808411348611116e-06,1
2,39,11.311823844909668,0.6630291938781738,0.6630291938781738,2.6387779712677,11.311829566955566,0.0586138188649868,0.9999263286590576,0.13733261823654175,0.9999133348464966,0.45265427231788635,0.4726644456386566,-0.05955116078257561,2.7720682621002197,5.175970727577806e-07,0.004905819892883301,3.03459819406271e-06,2
2,40,11.311829566955566,0.6618833541870117,0.6618833541870117,2.6363561153411865,11.311837196350098,0.05851249351568414,0.9999359846115112,0.12803678214550018,0.9999246597290039,0.4532812833786011,0.4717298448085785,-0.05897463858127594,2.772073268890381,4.050089046359062e-07,0.004812180995941162,3.074237611144781e-06,3
2,41,11.311837196350098,0.6628673076629639,0.6628673076629639,2.633941411972046,11.311843872070312,0.05859943846052223,0.999944806098938,0.11881311982870102,0.9999350309371948,0.4538901150226593,0.4718497693538666,-0.05867313593626022,2.7720799446105957,1.3703902368433774e-07,0.004791676998138428,3.009423380717635e-06,1
2,42,11.311843872070312,0.6627543568611145,0.6627543568611145,2.6317014694213867,11.311853408813477,0.05858941869746794,0.9999524354934692,0.11026258766651154,0.9999433159828186,0.4542565643787384,0.47216683626174927,-0.058294061571359634,2.7720818519592285,1.1553493095561862e-07,0.004556179046630859,3.099150490015745e-06,2
2,43,11.311853408813477,0.6601680517196655,0.6601680517196655,2.6311933994293213,11.311860084533691,0.058360732575026525,0.9999595284461975,0.10174103081226349,0.9999510049819946,0.4531265199184418,0.4771859049797058,-0.05679653584957123,2.7720696926116943,1.2799690011888742e-05,0.0032681822776794434,7.319322321563959e-07,0
2,44,11.311860084533691,0.6604042649269104,0.6604042649269104,2.63010311126709,11.311867713928223,0.05838158004003762,0.9999653100967407,0.09424322098493576,0.9999547004699707,0.45270079374313354,0.4759581983089447,-0.05710466951131821,2.7720890045166016,4.835383151657879e-07,0.0033002495765686035,9.092909749597311e-07,0
2,45,11.311867713928223,0.6599310636520386,0.6599310636520386,2.6287474632263184,11.31187629699707,0.058339708378968236,0.9999700784683228,0.08759919553995132,0.9999610781669617,0.45022857189178467,0.4772558808326721,-0.05696903169155121,2.7720956802368164,2.3879329091869295e-07,0.003575265407562256,1.028645783662796e-06,1
2,46,11.31187629699707,0.6603429913520813,0.6603429913520813,2.627291440963745,11.311884880065918,0.058376079618849844,0.9999744296073914,0.0809750035405159,0.9999666213989258,0.45252010226249695,0.47587355971336365,-0.05694378539919853,2.7720947265625,1.1021893442375585e-07,0.0032224655151367188,8.759379852563143e-07,2
2,47,11.311884880065918,0.660746693611145,0.660746693611145,2.625753879547119,11.311894416809082,0.058411723653193214,0.9999779462814331,0.07528696954250336,0.999971330165863,0.4520300626754761,0.47564488649368286,-0.057416342198848724,2.7720947265625,2.6961060939356685e-08,0.0031391382217407227,1.0705407476052642e-06,3
2,48,11.311894416809082,0.6602931618690491,0.6602931618690491,2.6243550777435303,11.31190299987793,0.05837158105788862,0.9999807476997375,0.07030976563692093,0.9999751448631287,0.4493735134601593,0.4768844544887543,-0.057808343321084976,2.7720861434936523,6.617847247980535e-07,0.0028189420700073242,9.036739356815815e-07,0
2,49,11.31190299987793,0.6602692604064941,0.6602692604064941,2.6228902339935303,11.311912536621094,0.058369423819636654,0.9999831914901733,0.0656328797340393,0.9999781847000122,0.450812429189682,0.4781336486339569,-0.05751008912920952,2.7720627784729004,4.867324605584145e-07,0.003086268901824951,1.1221272870898247e-06,2
2,50,11.311912536621094,0.6603958606719971,0.6603958606719971,2.6213836669921875,11.311921119689941,0.05838056637496417,0.9999853372573853,0.06143178045749664,0.9999812841415405,0.4481620788574219,0.47651395201683044,-0.05847879871726036,2.77207088470459,7.836279110051692e-07,0.0032935738563537598,1.3721291907131672e-06,3
2,51,11.311921119689941,0.6605827212333679,0.6605827212333679,2.620070695877075,11.311929702758789,0.058397040983916834,0.9999872446060181,0.05710623785853386,0.9999840259552002,0.4509080946445465,0.477613627910614,-0.05841023102402687,2.772047996520996,4.1869861888699234e-07,0.0030530691146850586,1.0822550393640995e-06,1
2,52,11.311929702758789,0.6600008606910706,0.6600008606910706,2.619004726409912,11.311936378479004,0.058345558895234954,0.9999890923500061,0.053006961941719055,0.9999861717224121,0.4492557644844055,0.4765559434890747,-0.05921020358800888,2.772073745727539,5.013862391933799e-07,0.003153562545776367,1.3874960131943226e-06,2
2,53,11.311936378479004,0.6604727506637573,0.6604727506637573,2.618015766143799,11.311945915222168,0.05838724057185372,0.9999904036521912,0.04971114918589592,0.9999882578849792,0.45079702138900757,0.47526195645332336,-0.059635262936353683,2.7720608711242676,2.5529243430355564e-07,0.003287792205810547,1.5361583791673183e-06,0
2,54,11.311945915222168,0.6599416136741638,0.6599416136741638,2.6171696186065674,11.311952590942383,0.05834023771154165,0.9999912977218628,0.04730265960097313,0.9999898672103882,0.448309063911438,0.47612062096595764,-0.05992503836750984,2.77205753326416,9.35706339078024e-08,0.003382861614227295,1.6656122170388699e-06,3
2,55,11.311952590942383,0.6605604887008667,0.6605604887008667,2.616453170776367,11.311958312988281,0.058394913114273965,0.999992311000824,0.04438485577702522,0.9999908208847046,0.45083504915237427,0.47751373052597046,-0.06014638766646385,2.772038698196411,4.0653685573488474e-07,0.0029251575469970703,1.307111233472824e-06,3
2,56,11.311958312988281,0.6595362424850464,0.6595362424850464,2.615983486175537,11.311964988708496,0.058304338138143,0.9999932050704956,0.04174293950200081,0.9999919533729553,0.4489077925682068,0.4758991003036499,-0.06075436994433403,2.772054672241211,1.4123725122772157e-07,0.0027756690979003906,1.517066266387701e-06,1
2,57,11.311964988708496,0.6595649123191833,0.6595649123191833,2.6156914234161377,11.311968803405762,0.05830683819986671,0.9999939203262329,0.03976425528526306,0.9999930262565613,0.4496797025203705,0.47552669048309326,-0.06114702299237251,2.7720515727996826,3.665991243906319e-07,0.002933323383331299,1.5460536815226078e-06,2
2,58,11.311968803405762,0.6601263284683228,0.6601263284683228,2.6153810024261475,11.311973571777344,0.05835644881460198,0.9999943971633911,0.037968769669532776,0.9999938011169434,0.4483354985713959,0.4762057662010193,-0.06122148036956787,2.772057056427002,1.1876181815750897e-07,0.0025461912155151367,1.4219549484550953e-06,0
2,59,11.311973571777344,0.660768985748291,0.660768985748291,2.615140199661255,11.31197738647461,0.05841323634249533,0.9999948740005493,0.036130450665950775,0.999994158744812,0.450205534696579,0.4772337079048157,-0.061103761196136475,2.772028684616089,5.082256393507123e-07,0.0023500919342041016,1.385691575706005e-06,2
2,60,11.31197738647461,0.660687267780304,0.660687267780304,2.615051746368408,11.311980247497559,0.05840599262249833,0.9999954700469971,0.034235306084156036,0.9999946355819702,0.4478292763233185,0.47571098804473877,-0.06146271899342537,2.7720611095428467,5.884176061954349e-07,0.0022935867309570312,1.3193930499255657e-06,3
2,61,11.311980247497559,0.6608619689941406,0.6608619689941406,2.6150710582733154,11.311982154846191,0.058421421761263845,0.9999960064888,0.03227471187710762,0.9999951124191284,0.45056551694869995,0.47753944993019104,-0.06118469685316086,2.7720601558685303,7.547350833192468e-07,0.0018534064292907715,1.008855178952217e-06,1
2,62,11.311982154846191,0.660381555557251,0.660381555557251,2.615288019180298,11.31198501586914,0.05837894248041538,0.9999962449073792,0.030693676322698593,0.9999955892562866,0.4487364590167999,0.47588011622428894,-0.061351947486400604,2.772078514099121,4.959074431098998e-07,0.0018863081932067871,9.782961569726467e-07,3
2,63,11.31198501586914,0.6604520082473755,0.6604520082473755,2.615493059158325,11.31198501586914,0.058385155860872624,0.9999967813491821,0.02863379195332527,0.9999960660934448,0.44930168986320496,0.4747861623764038,-0.06160507723689079,2.7720742225646973,1.2970031093573198e-07,0.001864612102508545,9.217765182256699e-07,0
2,64,11.31198501586914,0.6603724360466003,0.6603724360466003,2.6156978607177734,11.311988830566406,0.05837812153394738,0.9999970197677612,0.027619395405054092,0.9999967217445374,0.44765204191207886,0.4741917550563812,-0.06159643456339836,2.7720818519592285,1.1214870028197765e-06,0.0018186569213867188,8.716597221791744e-07,2
2,65,11.311988830566406,0.6607217788696289,0.6607217788696289,2.6155478954315186,11.311989784240723,0.05840898437631729,0.9999971389770508,0.026736121624708176,0.9999968409538269,0.44902580976486206,0.4757426083087921,-0.06143048778176308,2.772066116333008,1.0508301784284413e-07,0.0017766952514648438,9.32253897190094e-07,0
2,66,11.311989784240723,0.6610312461853027,0.6610312461853027,2.615211009979248,11.311990737915039,0.05843633691273459,0.9999972581863403,0.026395414024591446,0.999997079372406,0.44799259305000305,0.4742579460144043,-0.061778467148542404,2.772084951400757,2.477754605934024e-07,0.002239525318145752,1.1086231097579002e-06,1
2,67,11.311990737915039,0.6614037156105042,0.6614037156105042,2.614945888519287,11.311991691589355,0.05846925894251662,0.9999973773956299,0.02580438181757927,0.9999971985816956,0.44973117113113403,0.4761835038661957,-0.06122366338968277,2.7720706462860107,3.000168362632394e-07,0.001787424087524414,8.370261639356613e-07,2
2,68,11.311991691589355,0.6609668135643005,0.6609668135643005,2.614722967147827,11.311992645263672,0.058430631102367216,0.9999974966049194,0.025095663964748383,0.9999974370002747,0.44836482405662537,0.47518113255500793,-0.06089739501476288,2.7720868587493896,4.384710337035358e-07,0.0020936131477355957,1.088657882064581e-06,1
2,69,11.311992645263672,0.6614095568656921,0.6614095568656921,2.6145215034484863,11.311992645263672,0.05846976546105024,0.9999975562095642,0.02485227771103382,0.9999975562095642,0.4510743319988251,0.47453922033309937,-0.06074526533484459,2.772090435028076,3.3422838896512985e-07,0.0019255876541137695,9.934301488101482e-07,3
2,70,11.311992645263672,0.6609111428260803,0.6609111428260803,2.6143858432769775,11.311991691589355,0.058425704785337144,0.9999976754188538,0.024812743067741394,0.9999975562095642,0.44990140199661255,0.4759733974933624,-0.06046374514698982,2.7720940113067627,2.873712219297886e-07,0.001934826374053955,1.0613002814352512e-06,0
2,71,11.311991691589355,0.6615412831306458,0.6615412831306458,2.6141624450683594,11.311992645263672,0.05848141522438636,0.9999977946281433,0.02370394766330719,0.9999974966049194,0.4527307450771332,0.4775587320327759,-0.06041501462459564,2.7720699310302734,5.730908014811575e-07,0.0015843510627746582,6.772461347281933e-07,1
2,72,11.311992645263672,0.6609101295471191,0.6609101295471191,2.614013433456421,11.311990737915039,0.05842561520969889,0.9999977946281433,0.02348397485911846,0.9999977350234985,0.45105060935020447,0.47601982951164246,-0.060090161859989166,2.7720890045166016,6.095287972129881e-07,0.0018042325973510742,8.440692909061909e-07,0
2,73,11.311990737915039,0.6608128547668457,0.6608128547668457,2.6138932704925537,11.311988830566406,0.058417025798294005,0.9999980330467224,0.02225523628294468,0.9999977946281433,0.4535503387451172,0.4775121808052063,-0.05993206426501274,2.7720625400543213,6.414920790120959e-07,0.0013727545738220215,5.611800588667393e-07,3
2,74,11.311988830566406,0.6604914665222168,0.6604914665222168,2.6140475273132324,11.311989784240723,0.05838862435379059,0.9999980330467224,0.021840132772922516,0.9999980926513672,0.4526118040084839,0.47711291909217834,-0.05941618233919144,2.7720787525177,1.3325916370376945e-07,0.0015454888343811035,5.964539013803005e-07,2
2,75,11.311989784240723,0.6614496111869812,0.6614496111869812,2.6141083240509033,11.31198787689209,0.05847332112237924,0.9999982118606567,0.02078251540660858,0.999998152256012,0.454530268907547,0.4781855344772339,-0.05946694687008858,2.772061824798584,1.494809112045914e-07,0.001372694969177246,3.97383701056242e-07,2
2,76,11.31198787689209,0.6614240407943726,0.6614240407943726,2.6142075061798096,11.311986923217773,0.0584710705132134,0.9999983906745911,0.019528718665242195,0.9999983310699463,0.45218250155448914,0.4764038622379303,-0.05934562906622887,2.772085666656494,7.818962330929935e-07,0.0013303160667419434,3.7983409129083157e-07,2
2,77,11.311986923217773,0.661439061164856,0.661439061164856,2.6143667697906494,11.31198501586914,0.05847240327048619,0.9999986290931702,0.01822674833238125,0.9999985694885254,0.45239463448524475,0.47612112760543823,-0.05937410145998001,2.772087574005127,2.71440512733534e-07,0.0012434720993041992,2.41969246417284e-07,1
2,78,11.31198501586914,0.6620178818702698,0.6620178818702698,2.6146013736724854,11.311984062194824,0.05852358193027579,0.9999988079071045,0.01756971701979637,0.9999986886978149,0.45472875237464905,0.4739033877849579,-0.059611279517412186,2.772088050842285,7.224298315122724e-08,0.00146484375,1.8373248167335987e-07,1
2,79,11.311984062194824,0.6627201437950134,0.6627201437950134,2.61489200592041,11.311983108520508,0.0585856680977703,0.999998927116394,0.016272999346256256,0.9999988675117493,0.4538715183734894,0.4740622341632843,-0.059792742133140564,2.772071361541748,4.3892214307561517e-07,0.0013129115104675293,1.231383066624403e-07,0
2,80,11.311983108520508,0.6626455187797546,0.6626455187797546,2.615032196044922,11.311981201171875,0.05857907604906439,0.9999991059303284,0.014990892261266708,0.9999990463256836,0.45379817485809326,0.47298768162727356,-0.05940953269600868,2.7720985412597656,1.2628443073481321e-06,0.0014553666114807129,2.248561941087246e-07,2
2,81,11.311981201171875,0.6621743440628052,0.6621743440628052,2.615082025527954,11.311980247497559,0.058537433212336544,0.9999991655349731,0.014056205749511719,0.9999991655349731,0.45388931035995483,0.4729350507259369,-0.05921823903918266,2.772092819213867,3.8128291635075584e-08,0.0013155937194824219,1.4476245269179344e-07,2
2,82,11.311980247497559,0.6628161072731018,0.6628161072731018,2.614917039871216,11.311979293823242,0.05859417120355477,0.9999992251396179,0.013620156794786453,0.9999993443489075,0.4535549283027649,0.47291678190231323,-0.05906698852777481,2.7721009254455566,3.6122946767136455e-07,0.00128251314163208,9.640643838793039e-08,2
2,83,11.311979293823242,0.662874698638916,0.662874698638916,2.6148276329040527,11.311978340148926,0.05859935572909597,0.9999993443489075,0.01309172436594963,0.9999992847442627,0.45386651158332825,0.4721984565258026,-0.05872787535190582,2.772104501724243,2.088272594846785e-07,0.0012305974960327148,1.181761035695672e-07,1
2,84,11.311978340148926,0.6628319025039673,0.6628319025039673,2.6148765087127686,11.311976432800293,0.058595577411195865,0.9999994039535522,0.012715603224933147,0.9999992847442627,0.4545212686061859,0.4726943373680115,-0.05852453038096428,2.7720909118652344,5.796973709948361e-07,0.0008850693702697754,1.2543750926852226e-07,2
2,85,11.311976432800293,0.6615180373191833,0.6615180373191833,2.615020275115967,11.311976432800293,0.05847943913682852,0.9999995231628418,0.012148953974246979,0.9999993443489075,0.4551781415939331,0.47279295325279236,-0.05795137584209442,2.7720847129821777,3.885215846821666e-07,0.0005676150321960449,8.998904377222061e-08,0
2,86,11.311976432800293,0.660022497177124,0.660022497177124,2.6166224479675293,11.311975479125977,0.058347230574430635,0.9999960660934448,0.03150944784283638,0.9999994039535522,0.45365050435066223,0.4770117998123169,-0.05716998502612114,2.772083044052124,1.8016871763393283e-05,0.0033982396125793457,1.7114798538386822e-06,2
2,87,11.311975479125977,0.6591235995292664,0.6591235995292664,2.617642879486084,11.311973571777344,0.05826777124345338,0.9999971985816956,0.02693968079984188,0.999996542930603,0.4533645510673523,0.476664662361145,-0.057448823004961014,2.7720890045166016,2.3360917111858726e-07,0.003123462200164795,1.4146789908409119e-06,2
2,88,11.311973571777344,0.6598801016807556,0.6598801016807556,2.6181750297546387,11.31197452545166,0.05833465729862688,0.9999977350234985,0.02438046783208847,0.9999975562095642,0.4519766569137573,0.47649917006492615,-0.05702750012278557,2.7720954418182373,1.379066816298291e-07,0.0027365684509277344,1.3307435438036919e-06,0
2,89,11.31197452545166,0.6597298979759216,0.6597298979759216,2.618391990661621,11.311976432800293,0.05832137408827662,0.9999979734420776,0.02242756448686123,0.9999980926513672,0.45187708735466003,0.47630569338798523,-0.056935232132673264,2.772092819213867,1.725948095554486e-08,0.002504885196685791,1.0657240636646748e-06,3
2,90,11.311976432800293,0.6594474911689758,0.6594474911689758,2.6183807849884033,11.311976432800293,0.058296398961443806,0.9999982118606567,0.020417597144842148,0.9999984502792358,0.4527595639228821,0.4763905107975006,-0.05775584280490875,2.7720861434936523,2.9240254661999643e-08,0.0024439096450805664,8.140341378748417e-07,3
2,91,11.311976432800293,0.6607454419136047,0.6607454419136047,2.6182305812835693,11.31197738647461,0.0584111402493469,0.9999986290931702,0.01864003576338291,0.9999986886978149,0.45187535881996155,0.47630545496940613,-0.05810670554637909,2.7720677852630615,5.879592208657414e-07,0.0019730329513549805,5.873735062777996e-07,0
2,92,11.31197738647461,0.660408616065979,0.660408616065979,2.617769479751587,11.311979293823242,0.05838135928874908,0.9999987483024597,0.017499025911092758,0.9999989867210388,0.4509950578212738,0.475384384393692,-0.05843857675790787,2.772080421447754,5.138208507560194e-07,0.0016384124755859375,3.923196345567703e-07,3
2,93,11.311979293823242,0.6602783799171448,0.6602783799171448,2.6171822547912598,11.311980247497559,0.058369836327200594,0.9999989867210388,0.016192428767681122,0.9999991059303284,0.4492177963256836,0.47682127356529236,-0.058714207261800766,2.7720727920532227,4.878966137766838e-07,0.0011838078498840332,1.4808028936386108e-07,2
2,94,11.311980247497559,0.6607407927513123,0.6607407927513123,2.61662220954895,11.311982154846191,0.058410709557018686,0.9999990463256836,0.01510079950094223,0.9999992847442627,0.4511086046695709,0.4749206006526947,-0.059252239763736725,2.772062301635742,2.4947621568571776e-07,0.0012073516845703125,3.108580131083727e-07,0
2,95,11.311982154846191,0.6598846316337585,0.6598846316337585,2.6161069869995117,11.311983108520508,0.0583350134928436,0.9999992251396179,0.014189442619681358,0.9999993443489075,0.4493592083454132,0.47625017166137695,-0.05936763435602188,2.772063732147217,1.2086820788681507e-07,0.0014249682426452637,1.287116901949048e-07,0
2,96,11.311983108520508,0.6596875786781311,0.6596875786781311,2.615618944168091,11.311985969543457,0.05831758873306977,0.9999992847442627,0.013256032951176167,0.9999994039535522,0.45127543807029724,0.4757936894893646,-0.05980706959962845,2.7720563411712646,2.596716512925923e-07,0.0011094212532043457,3.699096851050854e-08,1
2,97,11.311985969543457,0.6598383784294128,0.6598383784294128,2.6152379512786865,11.311986923217773,0.058330904953910884,0.9999994039535522,0.012005709111690521,0.999999463558197,0.4489189088344574,0.4761779010295868,-0.06006351485848427,2.772050142288208,1.1012889444828033e-07,0.0011889338493347168,8.487404556944966e-08,0
2,98,11.311986923217773,0.6600730419158936,0.6600730419158936,2.6149044036865234,11.31198787689209,0.05835164471071817,0.9999995827674866,0.010978051461279392,0.9999995231628418,0.4510435163974762,0.4754883944988251,-0.06080390140414238,2.7720494270324707,1.3255339581519365e-07,0.0006677508354187012,4.9982190830633044e-08,0
2,99,11.31198787689209,0.6600135564804077,0.6600135564804077,2.6146581172943115,11.311988830566406,0.05834638117219615,0.9999995827674866,0.010674061253666878,0.9999996423721313,0.4499150514602661,0.47537949681282043,-0.06105692312121391,2.7720417976379395,3.329769242554903e-07,0.0006876587867736816,-4.79376467410475e-08,3
2,100,11.311988830566406,0.6592623591423035,0.6592623591423035,2.614426851272583,11.311988830566406,0.05827996906794093,0.9999995827674866,0.010244887322187424,0.9999997615814209,0.4499255418777466,0.47520023584365845,-0.06105978041887283,2.772036552429199,1.3882163329981267e-07,0.0006261467933654785,1.1400879884604365e-07,0
2,101,11.311988830566406,0.6595664024353027,0.6595664024353027,2.6142489910125732,11.311988830566406,0.0583068470376378,0.9999995231628418,0.010075204074382782,0.9999997615814209,0.44987016916275024,0.4753754436969757,-0.06128301844000816,2.772038459777832,5.300080374581739e-09,0.0006166696548461914,4.521371010923758e-08,2
2,102,11.311988830566406,0.6604864597320557,0.6604864597320557,2.6143012046813965,11.311988830566406,0.05838818174460523,0.9999995827674866,0.010776808485388756,0.9999996423721313,0.4495885968208313,0.4754491448402405,-0.061477016657590866,2.772031545639038,1.031521605909802e-07,0.000436246395111084,-6.992195267230272e-08,0
2,103,11.311988830566406,0.6607396006584167,0.6607396006584167,2.614179849624634,11.311988830566406,0.0584105598542509,0.9999995827674866,0.0105894198641181,0.9999996423721313,0.45047423243522644,0.4751929044723511,-0.06169974058866501,2.7720470428466797,4.235334927216172e-07,0.0006060600280761719,9.562791092321277e-08,1
2,104,11.311988830566406,0.6605886220932007,0.6605886220932007,2.6145002841949463,11.311989784240723,0.05839721307964942,0.9999995827674866,0.01035176869481802,0.9999996423721313,0.45003268122673035,0.4758133590221405,-0.06144912168383598,2.772064685821533,3.8933285395614803e-07,0.0003314018249511719,6.275513442233205e-09,0
2,105,11.311989784240723,0.6604433059692383,0.6604433059692383,2.614616632461548,11.311988830566406,0.058384361952778074,0.9999995827674866,0.009703208692371845,0.9999995827674866,0.4508717358112335,0.4750843644142151,-0.061559151858091354,2.7720606327056885,1.4078068488743156e-07,0.00041222572326660156,9.970244718715549e-08,1
2,106,11.311988830566406,0.6606994867324829,0.6606994867324829,2.6149253845214844,11.311988830566406,0.05840701371161103,0.9999996423721313,0.008962392807006836,0.9999995827674866,0.44946542382240295,0.47460678219795227,-0.06163546070456505,2.772061347961426,1.3467069948092103e-07,0.0002875328063964844,4.383036866784096e-08,1
2,107,11.311988830566406,0.6606548428535461,0.6606548428535461,2.615143299102783,11.311988830566406,0.058403067113041544,0.9999996423721313,0.008677629753947258,0.9999997615814209,0.4496544897556305,0.47362205386161804,-0.06197912618517876,2.772082805633545,1.174463250208646e-06,0.0006473064422607422,1.410080585628748e-08,0
2,108,11.311988830566406,0.6604476571083069,0.6604476571083069,2.6152920722961426,11.31198787689209,0.05838475152341866,0.9999997615814209,0.008154799230396748,0.9999997615814209,0.44848155975341797,0.47414740920066833,-0.06172206625342369,2.772075653076172,3.6486744647845626e-07,0.0006791949272155762,3.499735612422228e-08,0
2,109,11.31198787689209,0.6612861156463623,0.6612861156463623,2.614956855773926,11.31198787689209,0.05845887768296011,0.9999996423721313,0.00970621407032013,0.9999996423721313,0.44938379526138306,0.4751576781272888,-0.061635684221982956,2.7720789909362793,3.908862709067762e-07,0.0010333657264709473,2.0983861759305e-07,2
2,110,11.31198787689209,0.6612504124641418,0.6612504124641418,2.6147210597991943,11.311986923217773,0.05845572145766982,0.9999996423721313,0.009863658808171749,0.9999995827674866,0.45002004504203796,0.47460684180259705,-0.06137479096651077,2.7720813751220703,1.4112811186350882e-07,0.0009647607803344727,1.0196527000516653e-07,1
2,111,11.311986923217773,0.6609417200088501,0.6609417200088501,2.6148440837860107,11.31198787689209,0.058428437417326916,0.9999996423721313,0.00972604751586914,0.9999996423721313,0.4501511752605438,0.47477778792381287,-0.06123119965195656,2.7720823287963867,1.614207576494664e-07,0.0010113716125488281,1.8430000636726618e-07,2
2,112,11.31198787689209,0.6604272723197937,0.6604272723197937,2.6154117584228516,11.31198787689209,0.05838295439379861,0.9999993443489075,0.011769038625061512,0.9999996423721313,0.45093631744384766,0.47620901465415955,-0.060173358768224716,2.772092342376709,3.52083588950336e-07,0.001543283462524414,2.558808773756027e-07,3
2,113,11.31198787689209,0.6609128713607788,0.6609128713607788,2.615436315536499,11.31198787689209,0.05842588221924096,0.999999463558197,0.010730169713497162,0.999999463558197,0.45125216245651245,0.4754919707775116,-0.06075018271803856,2.7720866203308105,2.1991581888869405e-07,0.001024007797241211,1.302105374634266e-07,0
2,114,11.31198787689209,0.6614140868186951,0.6614140868186951,2.615180253982544,11.31198501586914,0.05847019056392546,0.999999463558197,0.011718845926225185,0.9999997019767761,0.4531256854534149,0.47622573375701904,-0.06038590893149376,2.7720844745635986,1.5318801160901785e-07,0.0010863542556762695,2.625747583806515e-07,2
2,115,11.31198501586914,0.6610487103462219,0.6610487103462219,2.614961624145508,11.31198501586914,0.05843790540907388,0.9999994039535522,0.011922110803425312,0.9999996423721313,0.45331871509552,0.47571617364883423,-0.06014145165681839,2.7720813751220703,1.0535222827456892e-07,0.001043856143951416,1.7462298274040222e-07,0
2,116,11.31198501586914,0.6607427000999451,0.6607427000999451,2.6150381565093994,11.311983108520508,0.05841085354807445,0.9999992847442627,0.013232676312327385,0.9999996423721313,0.45393699407577515,0.47699281573295593,-0.05915408208966255,2.7720935344696045,5.300571501720697e-07,0.0011864900588989258,1.4551915228366852e-07,1
2,117,11.311983108520508,0.6611050963401794,0.6611050963401794,2.615082025527954,11.311982154846191,0.058442899887484474,0.9999995231628418,0.012346292845904827,0.999999463558197,0.45453324913978577,0.47678032517433167,-0.059495959430933,2.7720799446105957,3.60058038495481e-07,0.0009338855743408203,2.585293259471655e-07,0
2,118,11.311982154846191,0.6613927483558655,0.6613927483558655,2.6153907775878906,11.311981201171875,0.05846833378114168,0.9999992847442627,0.013160270638763905,0.9999995231628418,0.4549810290336609,0.4776547849178314,-0.05864281207323074,2.772094249725342,3.797758836299181e-07,0.0011449456214904785,1.0360963642597198e-07,1
2,119,11.311981201171875,0.6615553498268127,0.6615553498268127,2.615591526031494,11.311980247497559,0.05848271298031138,0.9999994039535522,0.01202011201530695,0.9999994039535522,0.45489293336868286,0.4761943519115448,-0.05933995544910431,2.772085666656494,8.340575732290745e-07,0.0007916688919067383,1.1855445336550474e-07,1
2,120,11.311980247497559,0.6614701151847839,0.6614701151847839,2.616135835647583,11.311978340148926,0.058475183010606356,0.9999994039535522,0.01260258536785841,0.999999463558197,0.45429834723472595,0.4758398234844208,-0.05954360216856003,2.7720894813537598,3.8037251215428114e-07,0.0009070038795471191,1.0085932444781065e-07,2
2,121,11.311978340148926,0.6610618829727173,0.6610618829727173,2.6171350479125977,11.31197738647461,0.058439104380747446,0.9999992847442627,0.01218385249376297,0.9999994039535522,0.4547118544578552,0.47570034861564636,-0.059111371636390686,2.7720954418182373,1.0096118785440922e-07,0.0006704330444335938,6.803020369261503e-08,3
2,122,11.31197738647461,0.6620134711265564,0.6620134711265564,2.6175127029418945,11.311976432800293,0.05852323148365784,0.999999463558197,0.01097786333411932,0.9999995231628418,0.45377692580223083,0.4744230806827545,-0.05955883115530014,2.772088050842285,9.248287824448198e-08,0.0008474588394165039,5.418405635282397e-08,2
2,123,11.311976432800293,0.6617148518562317,0.6617148518562317,2.618359327316284,11.311975479125977,0.05849683791220765,0.9999995231628418,0.01052574161440134,0.9999996423721313,0.45382481813430786,0.47472190856933594,-0.058911386877298355,2.7721056938171387,6.978807505220175e-07,0.000706791877746582,1.6274861991405487e-07,2
2,124,11.311975479125977,0.6612076163291931,0.6612076163291931,2.6186001300811768,11.31197452545166,0.05845200226515002,0.9999995827674866,0.009669143706560135,0.9999996423721313,0.4525012969970703,0.4741484820842743,-0.05923037603497505,2.7720656394958496,5.745059752371162e-07,0.0010650157928466797,7.986091077327728e-08,3
2,125,11.31197452545166,0.6619176268577576,0.6619176268577576,2.6189942359924316,11.311973571777344,0.0585147734702248,0.9999996423721313,0.009825784713029861,0.9999997019767761,0.45366209745407104,0.4746808409690857,-0.05848276987671852,2.772108316421509,7.624912541359663e-07,0.0007919073104858398,2.565502654761076e-08,1
2,126,11.311973571777344,0.6619635224342346,0.6619635224342346,2.619400978088379,11.311972618103027,0.058518835659746554,0.9999996423721313,0.00971702579408884,0.9999995827674866,0.4540015459060669,0.4739866256713867,-0.05809110030531883,2.7721118927001953,2.4143446353264153e-07,0.0006422996520996094,4.090543370693922e-08,1
2,127,11.311972618103027,0.6617681980133057,0.6617681980133057,2.6197562217712402,11.311972618103027,0.058501573541139065,0.9999996423721313,0.009405883960425854,0.9999996423721313,0.4548817276954651,0.4739786684513092,-0.057499006390571594,2.772111177444458,9.034920367412269e-09,0.0007672309875488281,2.5072949938476086e-08,3
2,128,11.311972618103027,0.6620075702667236,0.6620075702667236,2.6196610927581787,11.311973571777344,0.058522734505853116,0.9999997019767761,0.009356934577226639,0.9999995827674866,0.4547584652900696,0.473251074552536,-0.057804498821496964,2.7721028327941895,2.5059853214770555e-07,0.0005472302436828613,8.13888618722558e-08,0
